PULocationID,DOLocationID,dist_media_millas
1,48,14.9
1,51,43.27
1,67,19.01
1,68,16.62
1,79,14.425
1,87,12.91
1,132,37.84
1,137,17.38
1,138,30.695
1,141,21.01
1,142,14.96
1,148,15.28
1,166,25.06
1,225,17.99
1,230,17.314999999999998
1,231,14.68
1,238,18.78
1,239,26.57
1,262,28.5
2,21,16.95
2,61,23.85
2,76,3.42
2,97,12.71
2,132,0.4
2,175,12.23
2,216,4.24
2,230,17.96
3,4,14.56
3,17,17.65
3,18,2.596
3,20,2.841111111111111
3,25,12.0
3,26,21.6
3,28,14.38
3,31,1.6749999999999998
3,32,2.4573684210526316
3,35,18.5
3,37,14.256
3,38,9.15
3,39,19.61
3,41,9.5455
3,42,9.663571428571428
3,43,9.4
3,45,13.26
3,47,3.5025000000000004
3,48,19.315
3,49,10.7
3,50,16.39
3,51,1.7225000000000001
3,53,7.216666666666668
3,55,23.8
3,56,9.850000000000001
3,58,3.1
3,60,4.8740000000000006
3,61,19.7
3,62,20.985
3,67,21.7
3,68,15.15
3,69,8.105
3,72,19.439999999999998
3,74,8.789333333333333
3,75,9.374761904761906
3,76,18.4
3,78,3.853846153846154
3,79,13.033333333333333
3,80,15.9
3,81,1.5344444444444445
3,82,5.6049999999999995
3,86,23.630000000000003
3,87,17.5
3,88,18.185000000000002
3,90,13.625
3,91,21.299999999999997
3,92,8.226666666666667
3,93,8.66
3,94,3.52
3,95,11.2
3,97,18.975
3,100,14.594166666666666
3,102,14.15
3,107,13.200000000000001
3,112,14.7
3,114,13.1
3,116,9.197058823529412
3,117,22.1
3,119,9.816666666666666
3,121,13.23
3,126,5.502
3,127,6.0649999999999995
3,129,10.225
3,130,13.7
3,131,12.7
3,132,23.48
3,134,11.8
3,136,3.533333333333333
3,137,13.975999999999999
3,138,0.96
3,140,11.357000000000001
3,141,11.65
3,142,14.316666666666668
3,143,12.3
3,146,12.0
3,147,6.65
3,148,14.850000000000001
3,151,11.741666666666667
3,152,10.316666666666666
3,159,8.275
3,161,14.078333333333333
3,162,11.95
3,163,13.975000000000001
3,164,15.275
3,166,9.833333333333334
3,167,6.08
3,168,8.44111111111111
3,169,4.885714285714286
3,170,12.9
3,173,12.3
3,174,2.404285714285714
3,177,16.433333333333334
3,179,10.333333333333334
3,181,18.1
3,182,3.07
3,183,2.35
3,185,1.4733333333333334
3,186,15.913333333333334
3,188,18.2
3,189,20.4
3,191,14.625
3,192,9.0
3,197,15.026
3,198,15.504999999999999
3,200,6.163333333333333
3,203,17.95
3,205,15.7
3,208,3.8019999999999996
3,209,15.3
3,212,3.8449999999999998
3,213,5.155833333333334
3,216,14.7
3,219,18.0
3,220,4.343999999999999
3,223,10.29
3,225,16.299999999999997
3,226,12.933333333333332
3,229,10.61
3,230,14.32
3,231,16.195454545454545
3,232,14.1
3,233,14.563333333333333
3,234,11.8
3,235,5.778571428571429
3,237,12.26
3,240,3.1733333333333333
3,241,3.128181818181818
3,242,1.8058333333333334
3,243,8.52
3,244,8.289285714285715
3,246,15.4
3,247,6.456
3,248,4.96
3,250,3.625714285714286
3,254,1.8299999999999998
3,255,15.5
3,258,14.9
3,259,3.46125
3,260,10.6
3,261,16.8125
3,263,9.415
4,1,13.48875
4,7,7.397837837837837
4,10,12.95
4,11,6.92
4,12,3.1966666666666668
4,13,4.01699421965318
4,14,9.121428571428572
4,15,15.25
4,16,15.3
4,17,4.538387096774193
4,18,12.846875
4,20,14.085
4,21,10.5
4,22,11.6
4,24,7.049387755102041
4,25,4.83425
4,26,8.6975
4,28,13.256666666666666
4,29,16.518571428571427
4,31,13.4
4,32,13.472857142857142
4,33,4.4772131147540986
4,34,4.70375
4,35,6.9125
4,36,5.598275862068966
4,37,4.651029411764705
4,39,13.392307692307693
4,40,5.8975
4,41,7.3888
4,42,8.086
4,43,4.940816326530612
4,45,1.9047058823529412
4,46,19.9
4,47,11.7075
4,48,3.7658309859154926
4,49,5.1846000000000005
4,50,4.145078125
4,51,14.018181818181818
4,52,4.815
4,53,12.7
4,54,5.9775
4,55,14.088888888888889
4,56,9.524166666666666
4,60,9.92
4,61,6.266829268292683
4,62,5.744285714285715
4,63,7.966666666666668
4,65,3.9326666666666665
4,66,4.066216216216216
4,67,10.033333333333333
4,68,2.649643493761141
4,69,8.774285714285714
4,70,11.76
4,71,9.57
4,72,7.015555555555555
4,74,6.71721590909091
4,75,5.638715596330275
4,76,11.293333333333335
4,77,8.79
4,78,11.799999999999999
4,79,0.7774934725848565
4,80,3.817142857142857
4,81,15.3175
4,82,8.285384615384615
4,83,7.395
4,85,8.588333333333333
4,86,24.5625
4,87,2.965191146881288
4,88,3.1967039106145254
4,89,8.38076923076923
4,90,2.0795887445887447
4,91,10.075
4,92,13.528
4,94,11.501999999999999
4,95,10.687142857142858
4,97,4.65483870967742
4,98,13.5
4,100,3.1603614457831326
4,101,14.3
4,106,5.295
4,107,1.294419525065963
4,108,14.265
4,112,4.545079365079364
4,113,1.3573596673596673
4,114,1.2341250000000001
4,115,16.22
4,116,9.233157894736841
4,117,24.3
4,119,11.26
4,121,11.8
4,122,14.335
4,125,1.9271698113207547
4,127,11.491428571428571
4,128,11.765
4,129,8.466666666666667
4,130,12.719999999999999
4,132,17.505909090909093
4,133,8.74
4,134,10.9
4,136,10.945
4,137,1.651701388888889
4,138,10.468333333333334
4,140,3.6236462093862816
4,141,3.718066666666667
4,142,4.872164948453609
4,143,5.141160714285713
4,144,1.3589331210191082
4,145,4.949803921568628
4,146,5.035833333333334
4,147,8.888333333333334
4,148,0.9978695652173912
4,149,12.82
4,151,7.153783783783783
4,152,8.675714285714285
4,153,11.75
4,155,15.200000000000001
4,157,6.578571428571428
4,158,2.210503875968992
4,159,8.040000000000001
4,160,7.433333333333334
4,161,3.2161059190031147
4,162,2.7591831683168317
4,163,3.818473282442748
4,164,2.318707124010554
4,165,9.1
4,166,7.849787234042553
4,167,12.967500000000001
4,168,7.816666666666666
4,169,10.75
4,170,2.148036529680365
4,173,11.085
4,174,13.925833333333332
4,176,19.27
4,177,6.363333333333333
4,179,8.745263157894737
4,181,5.928409090909091
4,182,13.156666666666666
4,185,13.372
4,186,2.57
4,188,8.089411764705883
4,189,5.530689655172413
4,190,7.605
4,191,14.933333333333332
4,192,9.9
4,193,4.582
4,194,5.7675
4,195,5.665454545454545
4,196,7.5525
4,198,6.3775
4,200,14.936666666666667
4,201,15.040000000000001
4,202,6.1587499999999995
4,203,17.173333333333336
4,205,13.3
4,207,11.934999999999999
4,208,14.475
4,209,2.7337820512820517
4,210,16.2
4,211,1.5156626506024096
4,212,11.378333333333332
4,213,11.528571428571428
4,215,13.894444444444444
4,216,11.811666666666667
4,217,3.168333333333333
4,220,12.484
4,221,14.97
4,222,9.8
4,223,8.99125
4,224,0.8106944444444444
4,225,5.016851851851852
4,226,5.423333333333333
4,227,10.24
4,228,8.272631578947369
4,229,2.9283516483516485
4,230,3.4124999999999996
4,231,2.6100706713780917
4,232,1.152020725388601
4,233,2.305930599369085
4,234,1.7715341959334565
4,235,10.55125
4,236,5.119021739130434
4,237,3.9924880382775116
4,238,6.56095652173913
4,239,5.717784090909091
4,240,14.245000000000001
4,241,12.263333333333334
4,242,12.7775
4,243,10.979767441860465
4,244,10.247671232876712
4,246,3.235836298932384
4,247,9.286666666666667
4,248,11.125
4,249,1.7153422982885087
4,250,12.323333333333332
4,254,14.4
4,255,3.54875
4,256,2.9861538461538464
4,257,8.262222222222222
4,258,11.6175
4,259,15.785
4,260,7.58
4,261,3.4411250000000004
4,262,4.602554347826087
4,263,4.772183098591549
5,14,15.34
6,1,15.5
6,4,14.81
6,11,5.055
6,14,3.7153846153846155
6,22,5.15
6,25,8.15
6,26,8.34
6,29,7.5
6,36,14.0
6,40,8.99
6,55,9.1
6,61,12.91
6,67,4.555
6,68,13.82
6,76,16.895
6,83,16.759999999999998
6,87,10.9
6,90,13.36
6,91,14.57
6,108,7.59
6,113,12.5
6,140,18.06
6,144,11.7
6,149,9.48
6,161,17.63
6,162,14.440000000000001
6,181,10.26
6,195,10.6
6,206,4.5
6,209,9.68
6,210,9.566666666666666
6,214,1.7833333333333332
6,221,1.585
6,227,5.115
6,228,5.952
6,231,11.53
6,243,33.67
6,255,13.38
6,256,14.03
6,260,18.25
6,261,10.433333333333334
6,263,17.02
7,3,11.629999999999999
7,4,6.548571428571428
7,8,1.3379999999999999
7,9,9.914285714285715
7,10,11.41
7,11,18.75
7,13,9.803529411764705
7,14,15.312758620689655
7,15,9.555263157894737
7,16,11.409189189189188
7,17,7.038333333333333
7,18,9.828823529411764
7,19,14.176923076923078
7,20,9.528571428571428
7,21,18.3
7,22,16.501333333333335
7,24,6.197894736842105
7,25,8.603125
7,26,15.043333333333335
7,28,9.185208333333334
7,29,19.5
7,31,7.9
7,32,9.57
7,33,8.813103448275863
7,34,8.064285714285715
7,35,13.005882352941176
7,36,6.063465346534653
7,37,6.685847457627118
7,38,14.3
7,39,16.109
7,40,10.93875
7,41,5.421395348837209
7,42,5.6359016393442625
7,43,4.373529411764705
7,45,8.262142857142857
7,46,11.7
7,47,8.348888888888888
7,48,5.029294117647059
7,49,7.546451612903225
7,50,4.9911111111111115
7,51,12.464999999999998
7,52,10.856666666666667
7,53,7.096567164179105
7,55,20.507777777777775
7,56,6.30195652173913
7,57,4.5337499999999995
7,58,10.9
7,60,7.5842857142857145
7,61,8.776527777777778
7,62,9.73625
7,63,12.558148148148147
7,64,12.972142857142858
7,65,8.226382978723404
7,66,8.203846153846154
7,67,14.08
7,68,6.67219298245614
7,69,6.625
7,70,3.5693103448275867
7,71,10.744545454545454
7,72,11.943333333333333
7,73,8.391904761904762
7,74,5.02551282051282
7,75,5.5411016949152545
7,76,14.115853658536585
7,77,12.084666666666667
7,78,8.169285714285715
7,79,6.447899159663865
7,80,5.834109589041096
7,81,12.823333333333332
7,82,3.643111111111111
7,83,3.00620253164557
7,85,11.856
7,86,15.793000000000001
7,87,9.050204081632653
7,88,9.470689655172412
7,89,12.3468
7,90,6.0495121951219515
7,91,19.2575
7,92,6.25940594059406
7,93,7.271538461538461
7,94,7.836
7,95,7.339304347826086
7,96,11.008571428571429
7,97,8.106
7,98,10.138333333333334
7,100,4.849615384615385
7,101,14.476666666666667
7,102,9.164571428571428
7,106,10.69
7,107,5.123548387096775
7,108,19.543333333333333
7,112,3.959026548672566
7,113,6.332962962962963
7,114,6.857200000000001
7,116,6.618490566037736
7,117,19.9025
7,119,7.006153846153846
7,121,8.6409375
7,122,11.934000000000001
7,123,18.325000000000003
7,124,14.565714285714288
7,125,8.295714285714286
7,126,6.287272727272727
7,127,9.020000000000001
7,129,2.5599056603773587
7,130,9.760859375
7,131,10.881333333333334
7,132,14.11918918918919
7,133,14.425
7,134,8.547755102040815
7,135,8.178333333333333
7,136,9.453333333333335
7,137,5.16173076923077
7,138,3.6648022598870056
7,139,16.18
7,140,3.412146596858639
7,141,3.622421875
7,142,4.229027777777778
7,143,4.616046511627907
7,144,7.476785714285714
7,145,2.1559206798866852
7,146,1.2781099656357389
7,147,4.9625
7,148,7.668269230769231
7,149,14.748000000000001
7,150,20.14
7,151,6.3915
7,152,6.183
7,153,10.41
7,154,22.49
7,155,28.48
7,157,4.339838709677419
7,158,8.058
7,159,5.118260869565217
7,160,5.644047619047619
7,161,3.779155844155844
7,162,3.526206896551724
7,163,3.6308235294117646
7,164,4.90080459770115
7,165,15.823333333333332
7,166,6.564642857142857
7,167,6.847142857142857
7,168,5.306333333333333
7,169,8.05875
7,170,4.714901960784314
7,171,7.787708333333334
7,173,4.472799999999999
7,174,10.917272727272728
7,175,11.967777777777776
7,177,12.119285714285713
7,178,14.83
7,179,1.136732283464567
7,180,12.64
7,181,11.115714285714287
7,182,7.844545454545454
7,183,9.896666666666667
7,185,8.647272727272728
7,186,5.193142857142857
7,188,9.344
7,189,8.748571428571429
7,190,8.355
7,191,12.511199999999999
7,192,7.264516129032258
7,193,1.2128070175438597
7,194,3.02
7,195,8.9705
7,196,6.384363636363636
7,197,9.96404255319149
7,198,6.050105263157895
7,200,11.74
7,201,17.6
7,202,1.9307692307692308
7,203,15.51
7,205,12.463125
7,207,1.81
7,208,9.70111111111111
7,209,8.895263157894737
7,210,20.125999999999998
7,211,7.899047619047619
7,212,7.211666666666667
7,213,7.297499999999999
7,215,10.938095238095238
7,216,11.242037037037038
7,217,5.92625
7,218,15.281
7,219,13.46
7,220,10.052857142857144
7,221,20.03
7,222,14.015
7,223,1.5030792227204783
7,224,5.992272727272728
7,225,7.585
7,226,1.8603086419753088
7,227,13.319285714285714
7,228,12.752999999999998
7,229,3.1610185185185182
7,230,4.4022
7,231,9.447234042553191
7,232,7.546388888888889
7,233,4.26
7,234,5.844464285714286
7,235,9.03125
7,236,4.516702127659574
7,237,3.339674796747967
7,238,5.691875
7,239,5.101333333333334
7,240,12.43
7,241,10.2825
7,242,8.897142857142857
7,243,8.325641025641024
7,244,7.571011235955057
7,246,6.166944444444444
7,247,7.970434782608695
7,248,7.957142857142856
7,249,6.7069230769230765
7,250,9.1375
7,252,8.700377358490567
7,253,5.545
7,254,10.76764705882353
7,255,5.163932584269663
7,256,6.17542372881356
7,257,13.255
7,258,11.5375
7,259,13.115
7,260,1.9402033898305084
7,261,9.394400000000001
7,262,4.543859649122807
7,263,4.445865384615384
8,7,1.7850000000000001
8,24,4.55
8,41,4.56
8,74,3.4
8,75,3.73
8,82,7.21
8,112,4.006666666666667
8,129,3.86
8,130,9.4
8,132,13.953333333333333
8,138,3.91
8,140,9.26
8,142,6.88
8,145,2.13
8,146,2.1
8,148,6.62
8,157,4.8
8,161,6.105
8,163,4.6
8,166,4.98
8,170,5.0
8,175,12.8
8,179,1.0
8,193,2.09
8,194,0.84
8,198,6.53
8,223,1.23
8,226,4.0
8,230,10.219999999999999
8,231,10.43
8,236,4.695
8,239,6.46
8,244,6.95
8,249,10.37
8,260,3.385
8,262,4.46
8,263,4.28
9,7,8.816666666666666
9,13,15.8
9,15,2.1999999999999997
9,16,1.1445454545454545
9,17,11.4
9,19,6.54
9,22,19.7
9,28,5.085
9,33,12.0
9,37,9.89
9,38,7.3
9,45,12.0
9,48,11.649999999999999
9,49,10.6
9,50,14.2
9,53,4.923333333333333
9,55,19.1
9,56,6.17
9,61,14.75
9,62,14.52
9,64,3.15
9,69,12.62
9,70,4.733333333333333
9,71,14.98
9,73,1.375
9,75,12.8
9,82,6.07
9,83,9.25
9,87,8.7
9,91,17.1
9,92,3.5464285714285713
9,95,4.836666666666667
9,98,2.1483333333333334
9,100,12.100000000000001
9,106,14.9
9,119,14.6
9,121,1.9166666666666667
9,122,4.255
9,123,20.8
9,125,15.1
9,127,19.04
9,129,6.093999999999999
9,130,5.0928571428571425
9,131,3.203333333333333
9,132,13.645
9,134,4.5475
9,135,3.8725
9,138,7.545
9,140,13.7
9,145,9.3
9,155,13.6
9,160,6.596666666666667
9,162,12.926666666666668
9,163,16.9
9,168,10.45
9,170,14.333333333333334
9,171,1.795
9,173,5.0
9,175,2.36
9,179,8.06
9,180,10.83
9,181,15.3
9,183,8.3
9,186,13.3
9,188,11.7
9,191,5.226666666666667
9,196,4.48
9,197,7.086666666666666
9,198,9.1
9,205,6.16
9,209,14.42
9,210,24.9
9,212,11.2
9,215,4.7
9,223,8.903333333333334
9,225,10.1
9,227,22.9
9,229,12.266666666666666
9,230,13.3
9,234,12.5
9,237,11.5
9,238,15.1
9,239,13.2
9,244,12.9
9,252,4.260000000000001
9,255,10.066666666666668
9,256,9.9
9,258,10.34
9,261,16.555
9,263,12.96
10,1,32.75
10,4,15.696666666666667
10,7,11.575714285714286
10,8,11.11
10,9,7.996
10,13,20.31
10,14,19.18
10,15,10.36
10,16,8.8925
10,17,9.736842105263158
10,18,16.95
10,19,7.533333333333332
10,20,16.95
10,24,15.526666666666666
10,25,13.663571428571428
10,26,16.29
10,28,3.014583333333333
10,29,12.375
10,31,16.91
10,32,15.666666666666666
10,33,15.989999999999998
10,34,13.0
10,35,7.895555555555556
10,36,10.43
10,37,9.296
10,38,3.833076923076923
10,39,9.16625
10,41,14.559999999999999
10,42,14.41904761904762
10,43,15.37875
10,45,15.1775
10,46,17.613333333333333
10,47,16.34
10,48,14.583461538461538
10,49,11.4
10,50,14.804285714285713
10,51,16.436666666666664
10,52,15.2425
10,53,9.472857142857142
10,54,16.5
10,55,15.127272727272727
10,56,6.6657142857142855
10,57,7.03
10,60,17.895
10,61,9.527777777777779
10,62,10.468461538461538
10,63,5.714666666666667
10,64,8.32
10,65,12.652857142857142
10,66,15.002
10,68,14.093783783783785
10,69,16.594
10,70,8.416666666666666
10,71,10.412
10,72,9.027777777777779
10,73,7.952857142857143
10,74,13.265
10,75,14.4848
10,76,6.2404918032786885
10,77,7.911
10,78,15.50090909090909
10,79,14.62857142857143
10,80,11.257142857142856
10,81,16.47
10,82,7.760625
10,83,10.1325
10,85,10.177142857142856
10,86,7.73125
10,87,15.417727272727273
10,88,15.41
10,89,11.965384615384616
10,90,14.32318181818182
10,91,10.697
10,92,7.796428571428572
10,93,5.9325
10,94,17.76
10,95,5.0324
10,97,14.053333333333335
10,98,6.752
10,100,14.766511627906977
10,101,9.57875
10,102,6.096666666666667
10,106,22.52
10,107,13.419565217391304
10,108,16.61
10,112,12.092857142857143
10,113,14.915
10,114,14.962222222222222
10,116,15.496666666666668
10,117,10.21625
10,119,15.14
10,121,3.7099999999999995
10,122,3.761428571428571
10,123,13.342500000000001
10,124,3.9825
10,125,16.019354838709678
10,126,16.333333333333332
10,127,17.5
10,129,9.338461538461539
10,130,2.20735
10,131,3.7484615384615383
10,132,3.7456
10,133,15.085
10,134,3.2173333333333334
10,135,4.65625
10,136,15.3925
10,137,13.611923076923079
10,138,8.323
10,139,2.9456521739130435
10,140,13.440652173913042
10,141,14.610588235294117
10,142,14.960740740740741
10,143,15.774285714285714
10,144,15.156875
10,145,11.678372093023256
10,146,12.117142857142856
10,148,14.248235294117647
10,149,14.450000000000001
10,150,12.8775
10,151,16.9325
10,152,15.766666666666666
10,154,13.6
10,155,9.583333333333334
10,157,8.525
10,158,15.868571428571428
10,159,12.9
10,160,6.35
10,161,13.911951219512195
10,162,13.781176470588235
10,163,14.226190476190476
10,164,13.496734693877551
10,165,13.456666666666665
10,166,16.315
10,167,15.61
10,168,13.671428571428573
10,169,16.34
10,170,13.622407407407408
10,171,9.43
10,173,7.795
10,174,16.410000000000004
10,175,8.084999999999999
10,177,9.09
10,179,11.506666666666668
10,180,3.1856521739130432
10,181,15.154285714285715
10,182,13.9
10,183,14.84
10,185,14.65
10,186,13.7652
10,188,10.188571428571427
10,189,11.018181818181818
10,191,4.525
10,192,5.79
10,193,12.438181818181818
10,194,12.893333333333333
10,195,15.64
10,196,6.866
10,197,2.8619444444444446
10,198,8.898333333333333
10,200,21.69666666666667
10,201,9.59
10,202,12.976666666666667
10,203,4.5564285714285715
10,205,2.1496491228070176
10,208,12.899999999999999
10,209,15.678
10,211,16.09166666666667
10,212,12.649999999999999
10,213,13.96
10,215,1.5678571428571426
10,216,2.026222222222222
10,217,13.92
10,218,2.4132608695652173
10,219,2.320357142857143
10,220,18.35
10,222,6.23
10,223,9.801333333333334
10,224,14.024444444444445
10,225,10.165652173913044
10,226,10.769705882352941
10,227,15.824000000000002
10,228,18.1175
10,229,13.475161290322582
10,230,14.121132075471698
10,231,16.251666666666665
10,232,13.808000000000002
10,233,13.283333333333333
10,234,13.906923076923077
10,235,15.9975
10,236,15.186774193548388
10,237,13.335714285714285
10,238,16.005454545454544
10,239,16.84058823529412
10,241,13.46
10,242,14.8
10,243,18.18
10,244,16.865384615384617
10,246,15.645555555555555
10,247,16.27
10,248,13.74
10,249,15.336666666666668
10,250,12.2
10,252,9.525
10,254,16.53
10,255,10.5625
10,256,13.458333333333334
10,258,4.44625
10,259,17.35
10,260,10.421428571428573
10,261,19.14
10,262,15.549473684210525
10,263,15.0775
11,4,10.1
11,7,15.0675
11,10,15.3
11,13,11.925
11,14,3.214054054054054
11,16,21.45
11,21,1.5907142857142857
11,22,1.2187999999999999
11,25,8.7275
11,26,2.657777777777778
11,29,3.285
11,33,8.053333333333333
11,35,12.2
11,39,12.09
11,40,8.565000000000001
11,42,16.6
11,45,7.8
11,48,20.5
11,49,10.725
11,50,12.8
11,52,8.2
11,54,5.87
11,55,2.8963636363636365
11,62,6.89
11,65,9.221428571428572
11,67,2.1475
11,68,12.3
11,71,5.15
11,72,6.66
11,74,16.5
11,75,17.38
11,76,14.215
11,79,11.350000000000001
11,80,13.66
11,82,14.4
11,85,6.035
11,86,14.2
11,87,8.9
11,88,9.7
11,89,3.4939999999999998
11,90,11.225
11,91,4.8
11,95,16.8
11,97,7.206666666666667
11,106,7.6
11,107,12.6
11,108,2.0477777777777777
11,111,8.4
11,116,22.16
11,117,12.025
11,123,2.794285714285714
11,125,10.536666666666667
11,130,20.2
11,133,6.7
11,135,16.400000000000002
11,137,11.983333333333334
11,140,15.253846153846155
11,143,13.8
11,144,9.74
11,145,12.365714285714287
11,148,11.620000000000001
11,149,3.965
11,150,4.53
11,155,7.9719999999999995
11,157,11.5
11,160,14.77
11,161,14.925
11,162,13.5
11,164,11.3
11,165,2.8
11,168,18.9
11,170,12.3375
11,171,10.0
11,178,2.62
11,181,7.223000000000001
11,183,21.0
11,186,10.6
11,188,9.836666666666666
11,189,7.725
11,190,4.2
11,196,18.87
11,197,16.212
11,201,9.7
11,208,24.6
11,210,6.011428571428572
11,214,6.62
11,215,16.25
11,216,14.1
11,221,4.7
11,222,7.5
11,223,18.94
11,225,7.300000000000001
11,227,3.9791666666666665
11,228,5.2924999999999995
11,229,14.12
11,230,14.066666666666668
11,231,9.766
11,232,10.350000000000001
11,233,13.771666666666667
11,236,16.0
11,237,11.440000000000001
11,238,14.9725
11,239,14.316666666666668
11,244,20.87
11,257,4.9
11,261,8.7
11,262,15.040000000000001
11,263,14.05
12,1,15.663999999999998
12,4,3.4014285714285712
12,7,12.575
12,13,1.038125
12,14,7.44
12,20,15.8
12,24,12.62
12,25,3.3375
12,26,10.0
12,33,2.9722222222222223
12,37,6.065
12,39,8.8
12,40,4.1
12,41,10.65
12,42,10.953333333333333
12,43,6.9155
12,45,1.4982539682539682
12,48,4.903918918918919
12,49,4.025
12,50,4.894375
12,52,3.48
12,54,9.23
12,55,14.34
12,56,14.02
12,61,5.66
12,65,2.67
12,66,2.7036363636363636
12,68,4.05551724137931
12,70,2.74
12,71,5.78
12,74,10.176666666666668
12,75,8.43
12,79,3.790731707317073
12,80,7.57
12,85,8.83
12,87,0.8234146341463414
12,88,0.33481481481481484
12,89,6.81
12,90,4.1033333333333335
12,91,9.09
12,95,15.42
12,97,3.665
12,100,5.088939393939394
12,107,4.738076923076923
12,108,12.94
12,112,6.205
12,113,3.6670000000000003
12,114,2.932777777777778
12,116,12.29
12,125,2.0264285714285717
12,128,14.34
12,132,23.558333333333334
12,133,5.39
12,137,4.652142857142857
12,138,14.72777777777778
12,140,6.178571428571429
12,141,6.53
12,142,6.599333333333333
12,143,5.5225
12,144,2.323387096774194
12,146,8.33
12,148,2.636712328767123
12,151,9.015
12,158,2.7241463414634146
12,161,6.066803278688524
12,162,5.746290322580645
12,163,6.533571428571429
12,164,5.225747126436781
12,166,9.005
12,170,5.320576923076923
12,171,15.41
12,172,14.61
12,181,5.403333333333333
12,186,4.499756097560976
12,188,9.293333333333333
12,189,4.376666666666666
12,190,5.14
12,193,8.93
12,195,3.7600000000000002
12,206,14.7
12,209,0.9504347826086956
12,211,2.6487878787878785
12,220,16.29
12,221,11.14
12,223,12.82
12,224,4.196666666666666
12,225,5.66
12,226,8.36
12,228,6.12
12,229,5.941666666666666
12,230,5.908035714285714
12,231,1.411904761904762
12,232,2.3946875
12,233,5.16
12,234,4.5175
12,236,7.359230769230769
12,237,6.8161538461538465
12,238,7.3500000000000005
12,239,7.267499999999999
12,246,3.857466666666667
12,249,2.8484375
12,255,5.505
12,256,3.8814285714285717
12,257,14.78
12,261,0.7489830508474576
12,262,7.79375
12,263,8.2625
13,1,14.95023076923077
13,3,17.9
13,4,4.096351931330473
13,6,11.03
13,7,10.818461538461538
13,10,22.509999999999998
13,11,11.283333333333333
13,12,0.8055307262569832
13,14,7.7928
13,16,18.810000000000002
13,17,6.240666666666667
13,18,16.6
13,19,19.875
13,20,15.257941176470588
13,21,11.236666666666666
13,22,8.84
13,23,14.41
13,24,7.467435897435898
13,25,4.109259259259259
13,26,7.112222222222221
13,28,14.0
13,29,13.870000000000001
13,31,16.98
13,32,17.615000000000002
13,33,3.7215677966101692
13,34,4.4075
13,35,8.355
13,36,7.831111111111111
13,37,6.973571428571428
13,38,26.9
13,39,15.43
13,40,3.7368345323741003
13,41,9.176603773584906
13,42,11.077031250000001
13,43,6.926917808219178
13,45,1.7632328767123289
13,46,22.04
13,47,13.496666666666668
13,48,4.180833333333333
13,49,5.2419512195121944
13,50,4.051124401913875
13,52,3.9193478260869563
13,54,3.6370588235294115
13,55,13.1525
13,56,12.8
13,60,15.3
13,61,6.444814814814815
13,62,7.291666666666667
13,64,18.75
13,65,3.91774647887324
13,66,3.5423125
13,67,8.204
13,68,3.042468814968815
13,70,13.32
13,71,8.931666666666667
13,73,14.175
13,74,9.848510638297872
13,75,9.020166666666666
13,76,10.45
13,77,8.3
13,79,4.07925321888412
13,80,6.657297297297297
13,82,10.969999999999999
13,83,12.946666666666667
13,84,22.7
13,85,7.146666666666667
13,86,22.5
13,87,1.3858646003262642
13,88,1.2148411829134722
13,89,6.547027027027028
13,90,2.8595351609058404
13,91,10.530000000000001
13,92,15.325882352941179
13,95,12.879375
13,97,4.817313432835821
13,98,14.3
13,100,4.1129296875
13,102,12.88
13,106,4.291428571428571
13,107,4.6696740740740745
13,108,10.415
13,112,7.570784313725491
13,113,2.4307017543859653
13,114,2.158281461434371
13,116,9.952352941176471
13,118,15.1975
13,119,11.160000000000002
13,120,11.25
13,123,10.634
13,124,22.2
13,125,1.3051338582677166
13,127,13.071428571428571
13,128,14.076666666666668
13,129,11.305
13,130,13.4
13,131,15.5
13,132,24.079769736842106
13,133,6.2299999999999995
13,135,15.115
13,136,13.896666666666667
13,137,5.332791208791209
13,138,14.604680050188206
13,139,25.54
13,140,7.071553398058252
13,141,7.315950782997763
13,142,5.241190476190477
13,143,4.8565747126436785
13,144,1.9173508353221957
13,145,7.858125
13,146,8.686666666666667
13,148,3.1210614525139664
13,150,15.417142857142858
13,151,6.798505747126437
13,152,9.49
13,155,19.915
13,157,14.01
13,158,1.8240996441281139
13,160,10.965
13,161,6.019932829554995
13,162,6.298692607003891
13,163,5.529755766621438
13,164,4.633366336633664
13,165,8.773333333333333
13,166,7.983108108108108
13,167,12.107272727272727
13,168,10.85
13,169,14.215
13,170,5.741375502008032
13,171,16.0
13,173,12.31
13,177,8.19
13,178,7.433333333333334
13,179,10.428125
13,181,4.935875706214689
13,185,16.533333333333335
13,186,3.3680960548885075
13,188,7.033157894736842
13,189,5.383333333333334
13,190,6.098888888888889
13,191,19.87
13,192,14.717878787878789
13,193,9.3825
13,194,11.28
13,195,4.172941176470588
13,196,14.2
13,197,12.122499999999999
13,198,9.408333333333333
13,200,17.595
13,201,21.46666666666667
13,202,10.09375
13,204,22.9
13,205,17.61
13,206,13.55
13,208,16.907857142857143
13,209,1.5070542635658914
13,210,14.862
13,211,1.5419170984455959
13,212,14.56
13,216,19.650000000000002
13,217,5.2
13,219,22.1
13,220,15.07625
13,222,19.4
13,223,11.611
13,224,4.736096256684492
13,225,6.6975
13,226,8.754615384615384
13,227,6.825555555555556
13,228,5.3878260869565215
13,229,6.445415019762846
13,230,4.758969465648855
13,231,0.8921229449606861
13,232,3.280418994413408
13,233,5.888878048780487
13,234,3.5458579881656807
13,235,11.645
13,236,8.36985200845666
13,237,7.354115586690018
13,238,6.662517482517482
13,239,5.8976719576719585
13,240,14.99
13,242,16.583333333333332
13,243,12.124444444444444
13,244,10.9228125
13,246,3.004351798972016
13,247,11.314285714285715
13,249,1.9178148921363953
13,255,5.843033707865168
13,256,5.380869565217391
13,257,5.404545454545455
13,260,8.538571428571428
13,261,0.8110588235294117
13,262,7.987154471544715
13,263,8.346370967741935
14,3,25.24
14,4,9.446
14,6,4.68
14,7,17.274444444444445
14,9,30.08
14,10,20.73
14,11,2.9454545454545453
14,13,7.1674999999999995
14,16,25.450000000000003
14,17,8.786315789473685
14,18,22.67
14,20,20.9
14,21,3.7452380952380957
14,22,2.788395061728395
14,25,5.604642857142857
14,26,3.111960784313726
14,27,13.75
14,29,7.1049999999999995
14,32,24.9
14,33,6.112
14,34,7.98
14,35,13.18142857142857
14,36,10.98
14,37,10.072222222222223
14,38,22.11
14,39,11.5196
14,40,5.203333333333333
14,41,16.9
14,42,16.962
14,43,14.3
14,45,7.735384615384616
14,47,16.6
14,48,10.603333333333333
14,49,7.15625
14,50,10.625
14,51,17.4
14,52,5.445555555555555
14,53,20.2
14,54,5.154999999999999
14,55,6.089833333333333
14,56,14.94
14,61,8.330384615384615
14,62,7.866315789473685
14,63,14.7
14,64,21.35
14,65,6.2012
14,66,6.27
14,67,1.6075409836065575
14,68,10.44
14,69,16.1
14,70,18.9
14,71,7.472727272727273
14,72,9.452142857142857
14,73,17.2175
14,74,15.6725
14,75,16.607857142857142
14,76,13.62952380952381
14,77,13.935
14,78,12.700000000000001
14,79,9.769285714285715
14,80,10.248888888888889
14,82,14.3225
14,83,12.155000000000001
14,85,6.972727272727273
14,86,16.657142857142855
14,87,7.270833333333333
14,88,8.126363636363637
14,89,6.5355319148936175
14,91,9.4476
14,92,17.79
14,95,17.206666666666667
14,97,6.8525
14,98,19.314999999999998
14,100,11.106666666666667
14,101,26.4
14,106,4.7942857142857145
14,107,10.235
14,108,6.137142857142857
14,112,11.47
14,113,8.766666666666667
14,114,9.682857142857143
14,115,4.859999999999999
14,117,16.01909090909091
14,118,9.16
14,119,17.6
14,121,20.8
14,123,5.819999999999999
14,124,16.331666666666667
14,125,7.7
14,126,24.04
14,127,19.094117647058823
14,128,19.3875
14,129,14.21642857142857
14,130,17.29285714285714
14,131,20.85
14,132,17.938181818181818
14,133,5.508
14,134,29.7
14,135,15.6
14,136,20.638333333333332
14,137,10.21391304347826
14,138,17.594
14,139,20.55
14,140,11.522916666666667
14,141,11.879999999999999
14,142,12.26125
14,143,19.430000000000003
14,144,8.712
14,145,12.440000000000001
14,146,14.646666666666667
14,147,21.2
14,148,9.143636363636363
14,149,6.143636363636364
14,150,7.362857142857143
14,151,12.1
14,155,10.10142857142857
14,156,9.1
14,157,12.205
14,158,7.21
14,160,15.015
14,161,12.091904761904763
14,162,11.86
14,163,14.238666666666667
14,164,11.0625
14,165,6.0807142857142855
14,166,15.25
14,167,18.27
14,168,19.025
14,169,19.366666666666664
14,170,10.954814814814814
14,171,17.1
14,174,28.259999999999998
14,175,26.75
14,177,13.268333333333333
14,178,4.846
14,179,15.4225
14,180,17.616666666666667
14,181,4.9769696969696975
14,186,10.698571428571428
14,188,7.919
14,189,6.48125
14,190,5.85
14,191,20.633333333333333
14,192,14.1
14,193,11.4
14,195,6.637142857142857
14,196,18.46
14,197,20.060000000000002
14,198,13.44
14,200,13.1
14,201,15.139999999999999
14,203,19.475
14,205,18.733333333333334
14,209,7.686666666666667
14,210,7.752195121951219
14,211,8.87
14,212,19.4
14,213,17.4
14,214,5.7075
14,215,18.466666666666665
14,216,16.742941176470588
14,217,9.1
14,218,18.766666666666666
14,219,17.5
14,220,20.450000000000003
14,221,4.8
14,222,14.387500000000001
14,223,16.17818181818182
14,224,10.479999999999999
14,225,9.994
14,226,12.838888888888889
14,227,2.1014285714285714
14,228,2.5354918032786884
14,229,11.033333333333333
14,230,11.519166666666665
14,231,7.9964516129032255
14,232,9.462857142857143
14,233,11.41
14,234,9.379999999999999
14,235,19.516666666666666
14,236,13.955555555555556
14,237,14.088750000000001
14,238,13.568333333333333
14,239,13.416
14,242,19.2375
14,243,18.45
14,244,19.674285714285713
14,245,7.22
14,246,9.64375
14,247,20.205
14,248,19.157142857142855
14,249,9.75
14,250,18.9
14,254,25.33
14,255,9.516666666666667
14,256,9.706666666666667
14,257,5.065555555555556
14,258,16.11777777777778
14,259,24.099999999999998
14,260,12.835
14,261,7.0125
14,262,14.54
14,263,14.752
15,4,13.1
15,7,10.452
15,9,2.036
15,16,2.197058823529412
15,28,9.033333333333333
15,32,9.0
15,34,14.72
15,37,10.0
15,39,16.866666666666664
15,45,17.1
15,48,16.593333333333334
15,50,16.97
15,51,8.545
15,53,3.7
15,55,25.200000000000003
15,56,6.293333333333334
15,61,14.530000000000001
15,64,5.1125
15,68,15.116666666666667
15,69,12.3
15,73,3.53
15,74,12.725
15,75,13.07
15,76,11.692499999999999
15,79,13.3
15,82,15.1425
15,83,9.15
15,89,19.3
15,90,14.350000000000001
15,92,3.52
15,95,8.423076923076923
15,97,13.8
15,98,5.300000000000001
15,112,13.135
15,113,17.83
15,114,14.3
15,116,12.0
15,121,5.145
15,127,11.0
15,129,7.531428571428571
15,130,9.218
15,131,7.5
15,134,9.4
15,135,5.265000000000001
15,136,10.82
15,137,14.375
15,139,0.9
15,140,13.475714285714286
15,141,14.42
15,142,14.1
15,145,12.95
15,148,14.7
15,161,15.07
15,162,11.5
15,168,10.475
15,169,11.75
15,170,13.233333333333334
15,171,2.278
15,173,6.01
15,179,10.3
15,181,18.75
15,182,7.97
15,184,7.476666666666667
15,188,19.3
15,191,6.4
15,192,5.58
15,196,9.41
15,197,10.563333333333333
15,202,11.72
15,203,11.666666666666666
15,205,11.76
15,208,5.0
15,213,8.15
15,216,10.7175
15,218,12.35
15,219,12.2
15,223,9.99
15,224,17.87
15,226,10.34
15,230,14.120000000000001
15,231,16.63
15,233,10.8
15,234,13.4
15,237,13.733333333333334
15,238,15.05
15,239,11.9
15,241,10.1
15,242,8.83
15,243,10.65
15,244,10.975
15,246,14.95
15,247,15.0
15,252,3.16
15,260,9.96
15,261,17.8
15,263,12.7
16,7,11.943999999999999
16,9,1.3679999999999999
16,10,10.99
16,11,18.5
16,13,18.6
16,14,19.25
16,15,1.8469230769230771
16,19,4.66
16,21,23.4
16,28,6.68
16,29,21.6
16,30,18.64
16,33,14.815000000000001
16,35,13.059999999999999
16,36,11.495000000000001
16,37,11.0
16,38,4.78
16,41,9.0
16,42,12.997272727272728
16,45,13.8
16,47,15.9
16,48,13.465
16,51,8.6
16,53,5.945714285714287
16,55,20.16
16,56,5.477777777777778
16,61,15.31
16,62,13.89
16,63,13.566666666666668
16,64,2.6633333333333336
16,68,16.3
16,70,5.0
16,71,13.4
16,72,12.625
16,73,1.9100000000000001
16,74,12.4
16,75,13.166666666666666
16,76,13.0
16,77,12.2
16,78,9.39
16,79,15.99
16,82,7.509230769230769
16,83,18.4
16,86,14.66
16,87,17.625
16,89,16.6
16,90,13.399999999999999
16,91,15.88
16,92,4.2052
16,93,4.4
16,94,10.2
16,95,7.59
16,97,14.82
16,98,2.632857142857143
16,100,19.9
16,101,5.616666666666667
16,102,9.663333333333334
16,107,13.6625
16,108,21.8
16,112,11.74
16,113,15.4
16,114,14.55
16,121,4.9513043478260865
16,122,5.51
16,124,15.385
16,129,8.76142857142857
16,130,6.495
16,131,3.9979999999999998
16,132,13.026666666666666
16,134,12.99
16,135,5.192
16,136,12.26
16,137,14.135
16,138,7.995
16,139,9.5
16,140,14.360000000000003
16,145,11.6
16,146,11.850000000000001
16,152,14.0
16,157,9.94
16,160,9.11
16,161,14.614285714285714
16,162,13.505
16,163,15.35
16,164,13.293333333333335
16,166,15.45
16,167,9.25
16,168,11.179999999999998
16,169,11.2
16,170,14.65
16,171,2.5233333333333334
16,173,6.45
16,175,2.2621428571428575
16,177,18.2
16,179,10.682500000000001
16,180,9.79
16,181,15.48
16,185,9.82
16,188,14.785625
16,191,7.022857142857142
16,192,4.4959999999999996
16,196,7.050000000000001
16,197,8.935
16,198,10.295
16,203,8.9
16,205,8.026666666666666
16,208,5.1
16,209,16.32
16,210,18.8
16,211,14.2
16,215,9.104
16,216,10.63
16,218,10.612
16,219,10.646666666666667
16,222,15.375
16,223,10.57375
16,225,11.192857142857141
16,226,9.7
16,228,17.6
16,229,13.2
16,230,12.59375
16,231,15.4
16,232,8.5
16,233,11.775
16,234,14.32
16,235,10.25
16,236,16.41
16,238,13.1
16,252,3.3850000000000002
16,254,8.8
16,258,10.8475
16,260,9.86
16,262,16.4
16,263,12.95
17,1,14.71
17,3,20.9
17,4,3.917857142857143
17,7,7.7640540540540535
17,10,10.877857142857142
17,12,5.02
17,13,5.16875
17,14,9.019642857142857
17,15,12.54
17,16,15.773333333333333
17,18,15.018
17,19,15.904285714285715
17,20,19.7
17,21,8.4025
17,22,8.362
17,24,12.765714285714285
17,25,2.783421052631579
17,26,6.714772727272727
17,27,11.2
17,28,10.574285714285713
17,29,11.450000000000001
17,31,15.0
17,32,15.850000000000001
17,33,3.0683333333333334
17,34,1.6258823529411766
17,35,3.4736000000000002
17,36,2.3578991596638654
17,37,1.8605555555555555
17,38,16.73
17,39,6.032954545454545
17,40,3.6729032258064516
17,41,12.379696969696969
17,42,12.675853658536587
17,43,9.555
17,45,3.921904761904762
17,46,19.7
17,47,14.585
17,48,7.775
17,49,1.3265420560747663
17,50,7.961764705882352
17,51,19.4875
17,52,3.093125
17,53,11.8375
17,54,4.0
17,55,12.719310344827587
17,56,8.398181818181818
17,60,12.934285714285712
17,61,1.7621645021645023
17,62,1.992608695652174
17,63,4.570645161290322
17,65,2.473333333333333
17,66,2.9905263157894737
17,67,7.953
17,68,7.1418644067796615
17,69,14.030000000000001
17,70,8.705
17,71,3.7126923076923077
17,72,4.085789473684211
17,73,10.940000000000001
17,74,11.141071428571427
17,75,10.87138888888889
17,76,4.927391304347826
17,77,4.0290322580645155
17,78,16.177777777777777
17,79,4.493913043478261
17,80,2.1178947368421053
17,81,18.55
17,82,7.11
17,83,6.678
17,85,3.308627450980392
17,86,15.5
17,87,4.520666666666667
17,88,4.82
17,89,3.8931506849315065
17,90,6.0824
17,91,5.4790909090909095
17,92,10.680714285714286
17,93,9.094
17,94,5.9
17,95,7.960357142857142
17,97,1.8834146341463414
17,98,12.693333333333333
17,100,7.453571428571428
17,102,3.95625
17,106,3.0414285714285714
17,107,5.0704
17,108,11.001999999999999
17,111,3.68
17,112,3.2413
17,113,4.936999999999999
17,114,4.7325
17,116,13.450000000000001
17,117,12.3924
17,119,13.958000000000002
17,120,14.9
17,121,10.233333333333334
17,122,13.379999999999999
17,123,10.121666666666666
17,124,7.815
17,125,4.666666666666667
17,126,12.994285714285715
17,127,14.006
17,129,7.659583333333334
17,130,11.201428571428572
17,131,10.595
17,132,10.879375000000001
17,133,5.599130434782609
17,134,8.622000000000002
17,135,10.172222222222222
17,136,17.033333333333335
17,137,5.742025316455696
17,138,9.890416666666667
17,139,15.1
17,140,7.973428571428571
17,141,8.037142857142857
17,142,8.852352941176472
17,143,9.250769230769231
17,144,4.1415
17,145,4.992258064516129
17,146,6.155714285714287
17,147,14.848333333333334
17,148,4.4308695652173915
17,149,6.656666666666667
17,150,9.635
17,151,11.61909090909091
17,152,12.281428571428572
17,153,16.45
17,155,6.3275
17,157,4.282727272727272
17,158,6.157916666666666
17,159,11.35
17,160,4.88
17,161,8.09896551724138
17,162,8.299999999999999
17,163,8.613333333333333
17,164,6.758205128205128
17,165,5.699375
17,166,13.521333333333333
17,167,14.12142857142857
17,168,11.46
17,169,13.323333333333332
17,170,6.603076923076923
17,173,9.393333333333333
17,174,18.332
17,175,13.4
17,177,2.461222222222222
17,178,9.0425
17,179,7.829999999999999
17,180,5.695
17,181,2.962241379310345
17,182,16.2325
17,183,16.4
17,185,17.57
17,186,6.685897435897436
17,188,2.6949242424242428
17,189,1.7863461538461538
17,190,2.4518181818181817
17,191,12.050833333333332
17,192,10.17
17,193,5.865
17,194,12.375
17,195,4.847307692307693
17,196,7.1725
17,197,7.886842105263158
17,198,2.989375
17,201,12.0
17,202,7.011818181818182
17,203,21.69
17,205,11.9425
17,206,14.5
17,207,6.37
17,208,12.283333333333331
17,209,4.46
17,210,9.602222222222222
17,211,4.626111111111111
17,212,15.385555555555555
17,213,14.9875
17,215,10.944374999999999
17,216,8.49095238095238
17,217,0.9344047619047618
17,218,10.739285714285714
17,219,11.1425
17,220,16.9
17,222,5.910869565217391
17,223,8.819285714285714
17,224,5.055
17,225,1.5115976331360947
17,226,5.076785714285714
17,227,6.605789473684211
17,228,5.74125
17,229,7.615
17,230,7.913103448275861
17,231,4.40468085106383
17,232,4.234255319148936
17,233,7.26095238095238
17,234,5.826976744186046
17,235,21.12222222222222
17,236,8.834375
17,237,8.81576923076923
17,238,10.757272727272728
17,239,10.324375
17,240,18.15
17,241,19.53
17,242,17.41
17,243,15.316153846153847
17,244,14.378695652173912
17,246,6.796666666666667
17,247,13.8075
17,248,16.2
17,249,5.470769230769231
17,250,16.07
17,252,12.489999999999998
17,254,19.151666666666667
17,255,2.4533636363636364
17,256,1.7840625
17,257,3.356666666666667
17,258,5.714285714285714
17,259,18.525
17,260,6.144285714285714
17,261,4.637
17,262,8.94909090909091
17,263,9.971666666666668
18,3,3.161
18,4,13.985714285714286
18,7,10.191666666666666
18,10,20.766666666666666
18,13,13.5
18,17,15.354545454545455
18,19,15.200000000000001
18,20,1.07875
18,21,26.145
18,24,8.733333333333333
18,25,10.699999999999998
18,26,19.5
18,28,4.7
18,31,1.2
18,32,1.86
18,34,16.23
18,35,18.68166666666667
18,36,19.15
18,37,16.75
18,38,18.23
18,39,20.299999999999997
18,41,7.4075
18,42,5.948333333333333
18,43,8.105714285714287
18,45,14.2
18,46,7.043333333333333
18,47,1.9773684210526317
18,48,11.790625
18,49,15.9
18,50,10.442857142857141
18,51,4.663684210526315
18,55,2.0
18,56,15.549999999999999
18,60,2.8658333333333332
18,61,18.48333333333333
18,62,16.1
18,63,16.533333333333335
18,65,13.52
18,66,15.55
18,68,12.965555555555556
18,69,3.332333333333333
18,70,11.3
18,72,21.246000000000002
18,74,6.722413793103448
18,75,7.288636363636363
18,76,18.82
18,77,18.333333333333332
18,78,2.1378947368421053
18,79,13.76
18,81,3.6871428571428573
18,82,12.459999999999999
18,85,21.4
18,86,21.82857142857143
18,88,15.841818181818182
18,89,21.774
18,90,9.666666666666666
18,91,21.525
18,92,11.325000000000001
18,93,12.0
18,94,1.0578571428571428
18,95,14.294285714285715
18,97,16.05
18,100,12.176
18,102,20.93
18,106,13.4
18,107,14.313999999999998
18,108,15.3
18,114,14.695
18,116,6.467692307692308
18,117,23.2775
18,119,3.512941176470588
18,120,1.48
18,121,12.9
18,123,30.75
18,124,21.36
18,126,4.838
18,127,2.3431818181818183
18,128,1.81
18,129,10.386666666666665
18,130,13.89111111111111
18,133,24.0
18,136,1.24125
18,137,11.96390243902439
18,140,9.304615384615385
18,141,9.396
18,142,11.081428571428571
18,143,11.15
18,144,14.120000000000001
18,145,15.97
18,146,10.04
18,147,6.135
18,148,14.950000000000001
18,151,9.325
18,152,7.475833333333333
18,153,1.7863636363636362
18,155,3.5
18,157,13.1
18,158,12.42
18,159,4.837241379310345
18,160,15.0
18,161,11.242307692307692
18,162,11.368
18,163,13.106666666666667
18,164,11.966666666666667
18,166,7.8100000000000005
18,167,3.5285714285714285
18,168,6.3565625
18,169,1.8938235294117647
18,170,12.779
18,171,11.74
18,173,9.8825
18,174,1.3478787878787877
18,177,17.05
18,179,9.343333333333334
18,180,17.0
18,181,20.18
18,182,4.465
18,183,4.606
18,184,3.64
18,185,2.6983333333333337
18,186,13.271176470588234
18,188,17.0
18,189,23.5
18,191,14.93
18,196,12.7
18,197,14.042727272727273
18,200,3.8153846153846156
18,201,22.3
18,205,18.0
18,208,6.115833333333334
18,209,14.674285714285714
18,210,5.6
18,211,15.86
18,212,3.8886666666666665
18,213,5.236470588235294
18,215,15.80909090909091
18,216,15.963333333333333
18,217,17.32
18,218,18.566666666666666
18,219,18.45
18,220,2.286470588235294
18,223,9.1
18,224,13.080000000000002
18,225,17.7375
18,226,9.5
18,227,19.299999999999997
18,229,12.940000000000001
18,230,12.12875
18,231,16.418333333333333
18,232,14.35
18,233,12.111666666666666
18,234,12.446
18,235,2.122
18,236,9.235384615384616
18,237,10.264666666666667
18,238,11.855555555555556
18,239,10.492
18,240,1.57
18,241,1.2835
18,242,3.428636363636364
18,243,3.720697674418605
18,244,6.12
18,246,12.485
18,247,4.7824
18,248,3.4499999999999997
18,249,14.774999999999999
18,250,4.585
18,254,3.22875
18,257,26.6
18,258,16.119999999999997
18,259,4.639375
18,260,10.5475
18,261,15.433333333333332
18,262,8.33
18,263,8.758
19,7,14.08
19,9,5.523333333333333
19,10,8.280000000000001
19,11,23.17
19,14,21.9
19,15,6.67
19,16,5.079166666666667
19,17,17.115000000000002
19,18,17.7
19,25,14.1
19,28,5.996363636363636
19,29,19.4
19,31,13.27
19,33,16.2
19,35,13.126
19,36,11.848
19,37,11.81
19,38,3.19
19,39,14.516666666666666
19,41,15.7875
19,42,16.314999999999998
19,48,16.116
19,49,15.1
19,51,14.6
19,53,9.534
19,56,9.35
19,60,12.5
19,61,12.5475
19,62,11.6
19,63,12.065000000000001
19,64,3.5357142857142856
19,66,19.9
19,67,24.2
19,68,16.61
19,69,15.3
19,70,10.03
19,72,16.29
19,73,6.390000000000001
19,74,16.02
19,75,18.083333333333332
19,76,11.580588235294117
19,77,11.700000000000001
19,78,13.2
19,80,14.146666666666667
19,82,10.352307692307694
19,83,12.79
19,85,14.75
19,86,10.08
19,87,18.685714285714287
19,89,21.046666666666667
19,90,18.935000000000002
19,91,17.25
19,92,9.128571428571428
19,93,9.23
19,95,7.067142857142857
19,98,3.8200000000000003
19,101,2.230909090909091
19,107,16.705
19,112,13.1
19,113,16.5
19,114,17.37
19,117,13.657142857142857
19,121,5.4157142857142855
19,122,3.216666666666667
19,123,21.16
19,126,13.91
19,129,11.59
19,130,5.0600000000000005
19,131,3.5595454545454546
19,132,10.016
19,134,6.698
19,135,8.33
19,136,17.45
19,137,15.657142857142857
19,138,11.2
19,139,5.792
19,140,18.247999999999998
19,141,16.19
19,142,17.47
19,144,15.966666666666667
19,146,12.8
19,148,17.615000000000002
19,151,16.6
19,155,17.2
19,157,10.6
19,160,9.899999999999999
19,162,16.3525
19,170,16.52
19,171,6.73
19,173,8.9
19,175,2.7055555555555557
19,177,12.34
19,179,14.603333333333333
19,180,11.6
19,181,20.55
19,183,12.6
19,188,13.850000000000001
19,189,16.18
19,191,1.8614285714285717
19,192,6.300000000000001
19,193,15.125
19,196,8.55
19,197,8.238461538461538
19,198,11.016
19,202,14.16
19,203,5.65
19,205,4.531428571428571
19,208,10.3
19,210,18.925
19,212,13.904
19,213,11.665714285714285
19,215,5.048
19,216,8.973
19,218,7.975
19,219,6.3
19,221,28.15
19,223,12.495000000000001
19,225,15.9
19,226,13.0375
19,227,25.1
19,228,22.8
19,229,15.266666666666666
19,230,19.6
19,231,16.924999999999997
19,232,22.7
19,233,15.49
19,238,17.1
19,239,22.39
19,241,17.94
19,247,14.0
19,248,15.87
19,252,8.12
19,255,15.41
19,256,14.015
19,258,9.2875
19,259,14.1
19,260,12.67125
19,261,19.7
19,263,18.15
20,3,2.631
20,4,12.4
20,7,9.0
20,9,10.8
20,10,17.6
20,13,14.8
20,18,1.1852173913043478
20,25,15.25
20,31,0.75
20,32,1.96
20,33,14.4
20,37,15.7
20,39,18.9
20,40,15.1
20,41,9.370476190476191
20,42,5.221785714285715
20,43,7.3
20,45,15.383333333333333
20,46,6.32
20,47,1.4233333333333331
20,48,17.498333333333335
20,50,9.5875
20,51,4.569230769230769
20,53,10.4
20,59,1.76
20,60,1.782
20,61,16.2
20,62,19.466666666666665
20,65,9.6
20,68,12.78
20,69,3.1016666666666666
20,70,10.382
20,74,6.993
20,75,7.103
20,76,19.744444444444447
20,77,19.740000000000002
20,78,1.2505882352941178
20,79,12.144
20,80,9.733333333333334
20,81,3.2550000000000003
20,82,10.6
20,86,21.3
20,87,13.166666666666666
20,88,13.1
20,89,18.875
20,90,11.944285714285714
20,92,9.276666666666666
20,94,1.1199999999999999
20,95,11.799999999999999
20,97,15.866666666666667
20,100,12.05
20,107,12.27888888888889
20,108,30.4
20,113,14.56
20,114,15.6
20,116,4.954
20,117,23.0
20,119,3.2444444444444445
20,120,4.28
20,122,13.7
20,123,6.449999999999999
20,125,12.3
20,126,3.57
20,127,2.4055555555555554
20,128,2.42
20,129,9.3
20,130,12.75
20,131,16.62
20,132,25.375
20,135,10.3
20,136,2.542857142857143
20,137,11.626
20,138,1.35
20,139,19.1
20,140,8.87185185185185
20,141,12.48
20,142,11.098333333333334
20,143,10.964285714285714
20,145,9.08
20,146,9.0
20,147,3.1375
20,149,26.185000000000002
20,150,29.4
20,151,9.846666666666666
20,152,6.843333333333334
20,159,3.9922222222222223
20,160,12.925
20,161,10.875
20,162,10.481666666666667
20,163,11.542
20,164,11.36
20,166,7.08
20,167,2.5266666666666664
20,168,5.8319230769230765
20,169,1.6216666666666668
20,170,11.913888888888888
20,173,11.15
20,174,2.23
20,177,19.36
20,179,6.6
20,181,15.05
20,182,2.75
20,183,3.75
20,184,6.04
20,185,2.0826666666666664
20,186,11.715333333333332
20,188,22.9
20,190,15.9
20,192,11.6
20,193,10.91
20,195,17.3
20,197,15.3
20,198,15.855
20,200,4.7219999999999995
20,205,18.62
20,208,5.416363636363636
20,209,15.22
20,212,3.344
20,213,4.404615384615385
20,216,14.835
20,220,3.21625
20,222,15.7
20,223,9.0
20,225,17.799999999999997
20,226,11.75
20,230,9.59
20,231,15.541666666666666
20,232,13.004
20,233,10.526666666666667
20,234,13.004
20,235,2.255
20,236,11.51
20,238,8.687142857142858
20,239,10.866666666666667
20,240,3.72
20,241,2.028
20,242,2.928888888888889
20,243,3.1063636363636364
20,244,5.426666666666667
20,246,11.43142857142857
20,247,3.7671428571428573
20,248,2.6199999999999997
20,250,2.91
20,252,7.93
20,254,3.5915384615384616
20,255,13.9
20,256,14.85
20,258,16.7
20,259,5.302857142857143
20,261,15.9
20,262,8.695
20,263,7.9
21,7,15.6
21,9,14.8
21,11,1.6845454545454546
21,14,4.287428571428571
21,15,11.2
21,16,23.0
21,17,7.15
21,18,21.9
21,20,19.3
21,22,1.7366666666666666
21,25,6.050000000000001
21,26,2.3435897435897437
21,28,15.05
21,29,2.71
21,33,7.585
21,35,8.045
21,36,14.0
21,37,8.473
21,39,9.527142857142858
21,42,18.4
21,45,9.2
21,48,13.09
21,49,7.45
21,50,14.27125
21,51,26.0
21,52,9.2
21,54,6.0
21,55,2.9288636363636367
21,56,15.7
21,61,7.450714285714286
21,62,4.8
21,65,7.815
21,66,8.47
21,67,3.158
21,68,13.55
21,71,4.6433333333333335
21,72,6.583333333333333
21,73,14.9
21,74,16.2
21,75,18.325
21,76,8.934000000000001
21,77,11.99
21,79,11.0
21,81,19.950000000000003
21,82,13.6
21,85,4.07
21,86,19.3
21,87,8.65
21,89,3.315
21,90,12.25
21,91,3.8842857142857143
21,92,16.9575
21,95,17.134999999999998
21,97,7.766666666666667
21,98,17.9
21,100,12.333333333333334
21,102,14.413333333333334
21,106,5.7475000000000005
21,107,11.5
21,108,1.5769230769230769
21,113,10.322222222222223
21,114,9.833333333333334
21,117,12.763333333333334
21,119,21.25
21,121,18.25
21,123,1.5329411764705883
21,124,12.1
21,125,10.3
21,129,15.305
21,130,13.6
21,132,18.284
21,133,2.905
21,137,9.8375
21,138,19.39
21,139,16.3
21,140,13.138461538461538
21,141,12.003333333333332
21,142,12.1
21,143,14.588
21,145,14.563333333333333
21,148,10.8
21,149,2.066666666666667
21,150,3.5191666666666666
21,154,5.8
21,155,5.672666666666667
21,158,14.565
21,161,13.65
21,162,12.414285714285715
21,164,12.5
21,165,2.5229166666666667
21,166,16.933333333333334
21,168,17.71
21,169,24.65
21,170,11.655714285714286
21,173,15.3
21,177,7.19
21,178,1.996
21,180,14.18
21,181,5.541935483870968
21,182,24.8
21,185,21.1
21,188,4.957692307692308
21,189,6.9
21,192,18.7
21,193,12.7
21,195,9.870000000000001
21,198,11.29090909090909
21,201,8.066666666666666
21,205,17.35
21,208,28.18
21,209,9.9
21,210,3.544878048780488
21,213,21.7
21,214,9.2
21,217,13.835
21,219,14.15
21,220,22.1
21,222,9.938333333333333
21,223,21.46
21,225,7.555
21,227,4.408333333333333
21,228,6.0775
21,229,12.733333333333334
21,230,12.0
21,231,8.46
21,232,12.4
21,233,15.6
21,234,6.2
21,235,22.0
21,236,16.4
21,237,14.666666666666666
21,238,17.9
21,243,12.450000000000001
21,244,18.166666666666668
21,252,17.3
21,254,24.9
21,256,14.92
21,257,7.44
21,258,13.5
21,260,17.2
21,261,10.82
21,263,9.366666666666667
22,6,6.195
22,7,14.7
22,9,21.0
22,10,16.96
22,11,1.177391304347826
22,13,7.3
22,14,3.0181690140845068
22,17,9.227500000000001
22,18,21.4
22,21,1.3511904761904763
22,25,7.129
22,26,1.910625
22,29,3.8280645161290323
22,30,18.45
22,33,7.199999999999999
22,35,9.175555555555555
22,36,13.2
22,37,10.629999999999999
22,39,7.74
22,40,5.225
22,41,14.6
22,43,15.3
22,45,9.25
22,48,12.05
22,49,9.729999999999999
22,50,12.285
22,51,22.406666666666666
22,52,8.07
22,55,2.86475
22,56,17.7
22,61,8.335333333333333
22,62,5.178
22,63,14.77
22,65,7.78
22,67,1.7602631578947368
22,68,11.81
22,71,5.455
22,72,6.48
22,74,21.98
22,75,14.736363636363636
22,76,10.989090909090908
22,77,12.531666666666666
22,79,11.6
22,80,13.3
22,83,14.09
22,85,3.9600000000000004
22,86,16.966666666666665
22,87,8.578571428571427
22,88,9.0
22,89,4.093870967741935
22,90,10.78
22,91,4.78
22,92,22.0
22,94,26.76
22,95,15.975
22,97,6.0
22,98,16.65
22,100,12.026
22,106,5.62
22,107,12.404285714285715
22,108,2.3029032258064515
22,112,12.51
22,113,10.3
22,114,10.8
22,116,16.325
22,117,12.399999999999999
22,118,12.0
22,119,22.25
22,123,2.114375
22,125,10.03
22,129,16.08
22,130,18.069999999999997
22,131,18.233333333333334
22,132,16.52
22,133,2.497272727272727
22,135,18.6
22,137,12.399999999999999
22,140,13.78095238095238
22,141,14.02
22,142,14.145
22,143,20.865
22,144,8.925
22,145,12.25
22,148,9.418
22,149,2.8622222222222224
22,150,4.7672
22,152,19.5
22,154,7.33
22,155,7.572
22,158,9.45
22,159,13.6
22,160,15.1
22,161,14.936666666666667
22,162,12.925
22,163,13.4
22,164,12.96
22,165,4.618076923076924
22,170,12.036363636363637
22,171,21.9
22,174,7.55
22,177,8.016666666666667
22,178,1.786923076923077
22,180,12.93
22,181,5.407619047619048
22,185,21.9
22,186,11.6
22,188,4.848888888888889
22,189,7.076666666666667
22,191,17.049999999999997
22,192,19.895000000000003
22,193,12.4
22,195,7.773333333333333
22,197,15.38
22,198,20.125
22,200,23.15
22,201,13.1
22,208,22.2
22,209,11.133333333333333
22,210,4.309473684210526
22,213,19.5
22,214,6.43
22,215,17.3
22,216,15.0
22,218,15.7
22,220,22.3
22,222,10.2725
22,225,9.585
22,226,15.7
22,227,2.811923076923077
22,228,4.2726530612244895
22,229,10.9
22,230,13.162857142857144
22,231,10.29888888888889
22,232,9.792857142857143
22,233,12.110666666666667
22,234,10.559999999999999
22,236,15.155555555555557
22,237,9.916666666666666
22,238,16.7525
22,239,14.1
22,242,29.43
22,244,18.955
22,246,12.068333333333333
22,247,15.6
22,249,9.15
22,250,19.6
22,252,20.6
22,255,11.61
22,256,11.45
22,257,6.621666666666667
22,258,17.134999999999998
22,260,14.555
22,261,9.309375
22,263,15.399999999999999
23,6,3.6916666666666664
23,14,7.185
23,22,9.535
23,26,10.664
23,29,16.43
23,45,14.33
23,49,15.67
23,61,20.76
23,67,11.06
23,76,19.06
23,84,7.0
23,85,12.1
23,89,16.11
23,115,8.0
23,132,27.72
23,133,13.38
23,135,27.41
23,140,21.08
23,165,14.26
23,172,4.01
23,178,10.7
23,181,10.65
23,211,16.5
23,214,7.29
23,221,6.34
23,227,9.51
23,246,18.1
24,1,18.53357142857143
24,3,11.982
24,4,7.264333333333334
24,7,6.552941176470589
24,10,16.84
24,12,8.41
24,13,7.6339999999999995
24,14,13.895
24,16,15.32
24,17,11.905999999999999
24,18,7.661428571428572
24,20,8.576666666666666
24,25,10.4675
24,26,15.37
24,28,13.344
24,31,10.34
24,32,9.186
24,33,9.10375
24,35,16.4
24,36,10.388
24,37,12.56
24,38,25.4
24,40,11.12
24,41,1.0817088607594936
24,42,2.064871794871795
24,43,1.8634502923976606
24,45,8.257
24,47,6.194
24,48,3.6019101123595503
24,49,12.326666666666668
24,50,3.476560846560847
24,51,12.746666666666668
24,52,12.2
24,56,11.256
24,61,12.325
24,62,13.997499999999999
24,63,19.13
24,65,10.366666666666667
24,66,10.474
24,67,14.83
24,68,4.759009900990099
24,69,3.684285714285714
24,74,1.8712602739726028
24,75,1.5520550161812297
24,76,12.6
24,78,6.653333333333333
24,79,7.0197540983606554
24,80,11.215714285714284
24,81,12.22
24,82,8.527777777777779
24,83,8.25
24,85,13.983333333333334
24,86,20.233333333333334
24,87,8.857222222222223
24,88,8.913103448275862
24,89,14.057500000000001
24,90,5.6746739130434785
24,92,10.464444444444446
24,93,1.39
24,94,6.3
24,95,10.74
24,97,11.006666666666668
24,100,4.291746031746031
24,107,6.178910891089109
24,112,8.863333333333333
24,113,6.544025974025974
24,114,7.110943396226415
24,116,2.136259842519685
24,119,3.5490000000000004
24,120,3.9666666666666663
24,125,6.903076923076924
24,126,7.3566666666666665
24,127,6.178139534883721
24,128,6.514827586206897
24,129,7.208333333333333
24,130,14.1175
24,131,20.79
24,132,19.065
24,133,15.4
24,135,14.004999999999999
24,136,6.8133333333333335
24,137,5.921276595744681
24,138,8.50831683168317
24,140,3.4915272727272724
24,141,3.298959107806691
24,142,2.2640442655935615
24,143,2.2294401544401543
24,144,7.510232558139535
24,145,6.024545454545454
24,146,5.958
24,147,7.196666666666666
24,148,8.05281690140845
24,151,0.6064047362755651
24,152,1.622448132780083
24,155,15.8
24,157,9.06
24,158,5.86390625
24,159,3.73
24,160,11.14
24,161,3.732148148148148
24,162,3.9342723004694835
24,163,3.1152252252252253
24,164,4.93390243902439
24,166,0.7118557794273594
24,167,5.032857142857144
24,168,3.4
24,169,5.713333333333334
24,170,4.829342105263159
24,173,7.949999999999999
24,174,11.523846153846154
24,177,12.6
24,179,5.6739999999999995
24,181,11.6525
24,182,8.518333333333333
24,183,12.7
24,185,9.335
24,186,4.913374233128835
24,188,14.416
24,191,15.7
24,193,6.156666666666666
24,194,11.5975
24,195,11.89
24,197,6.6
24,198,13.373333333333333
24,200,8.277142857142858
24,202,7.0
24,208,10.193333333333333
24,209,8.458571428571428
24,211,7.088125000000001
24,212,6.755
24,213,7.367777777777778
24,216,9.55
24,217,11.56
24,220,7.0458823529411765
24,223,6.086666666666667
24,224,6.496470588235294
24,225,11.70625
24,226,5.728
24,227,12.4
24,228,12.25
24,229,4.222774193548387
24,230,3.5371914893617022
24,231,7.3625
24,232,8.0165625
24,233,4.897457627118644
24,234,5.903093525179856
24,235,6.245
24,236,2.144413407821229
24,237,2.9732232704402515
24,238,0.935106856634016
24,239,1.5489673622257891
24,240,8.4
24,241,8.518571428571429
24,242,11.149999999999999
24,243,5.279929577464789
24,244,3.6143733333333334
24,246,4.6585593220338986
24,247,3.833529411764706
24,248,7.816
24,249,6.2664634146341465
24,250,9.08
24,254,11.833333333333334
24,255,7.9399999999999995
24,256,10.663333333333332
24,257,14.514999999999999
24,258,17.4
24,259,12.32
24,260,7.11875
24,261,8.154
24,262,2.705180722891566
24,263,2.4168316831683168
25,1,22.90625
25,3,16.6
25,4,4.187636363636363
25,6,10.065
25,7,9.380975609756097
25,8,10.99
25,9,13.4
25,10,13.21
25,11,8.064
25,12,3.32
25,13,3.4792
25,14,6.366987951807229
25,17,2.5676056338028173
25,18,14.15
25,20,16.235
25,21,7.586153846153847
25,22,7.798636363636363
25,23,13.84
25,24,10.838333333333333
25,26,6.023333333333333
25,28,11.56875
25,29,12.52625
25,31,19.16
25,32,16.2
25,33,1.1213157894736843
25,34,1.8784615384615384
25,35,5.2593749999999995
25,36,4.8229113924050635
25,37,4.171897810218978
25,38,13.26
25,39,7.365454545454546
25,40,1.1063414634146342
25,41,10.688947368421053
25,42,12.200000000000001
25,43,9.253
25,45,2.619090909090909
25,47,14.733333333333334
25,48,7.07923076923077
25,49,1.6228476821192053
25,50,6.933636363636364
25,51,16.857142857142858
25,52,1.0068253968253968
25,53,12.965
25,54,1.3090697674418605
25,55,12.008888888888889
25,56,9.287
25,57,10.5
25,60,21.12
25,61,2.798650793650794
25,62,3.0025454545454546
25,63,6.617647058823529
25,65,0.89
25,66,1.536504854368932
25,67,6.179
25,68,5.560588235294118
25,69,12.326363636363636
25,70,10.866666666666667
25,71,4.7221568627450985
25,72,5.172741935483871
25,73,13.58
25,74,10.414333333333333
25,75,9.3322
25,76,7.0625
25,77,5.838235294117647
25,78,13.88
25,79,4.1287050359712225
25,80,4.4686111111111115
25,81,17.236666666666668
25,82,9.198
25,83,7.216666666666666
25,85,3.8930232558139535
25,86,17.53590909090909
25,87,3.013103448275862
25,88,3.4665714285714286
25,89,4.225221238938053
25,90,4.822916666666667
25,91,7.272820512820513
25,92,12.028
25,94,20.8
25,95,10.574285714285713
25,97,1.0621774193548388
25,98,13.37
25,100,6.441351351351352
25,102,7.217999999999999
25,106,1.2225
25,107,4.92675
25,108,11.158333333333333
25,112,4.978529411764706
25,113,3.977368421052631
25,114,3.62
25,115,10.54
25,116,13.312857142857142
25,117,19.368333333333332
25,119,12.36
25,121,13.1525
25,122,14.649999999999999
25,123,9.428181818181818
25,124,8.823333333333332
25,125,3.504814814814815
25,126,13.605
25,127,14.469999999999999
25,128,14.5
25,129,8.347083333333334
25,130,13.709285714285715
25,131,14.320000000000002
25,132,14.532264150943396
25,133,4.393030303030303
25,134,12.79
25,135,11.82
25,136,14.209999999999999
25,137,5.343239436619719
25,138,10.737934782608695
25,139,19.774
25,140,7.6303846153846155
25,141,7.858979591836734
25,142,8.517083333333334
25,143,8.495000000000001
25,144,3.021
25,145,6.684222222222223
25,146,7.478947368421053
25,147,13.182500000000001
25,148,2.95785046728972
25,149,6.987777777777778
25,150,12.961666666666668
25,151,10.075714285714286
25,152,12.61875
25,155,9.651904761904762
25,157,7.114761904761904
25,158,4.25103448275862
25,159,11.542857142857143
25,160,8.616666666666667
25,161,6.8881578947368425
25,162,7.034594594594594
25,163,7.697368421052632
25,164,5.881129032258064
25,165,5.3100000000000005
25,166,11.790833333333333
25,167,13.6
25,168,12.169333333333332
25,169,14.776
25,170,6.319
25,171,14.725
25,173,11.788333333333334
25,174,16.61625
25,175,15.545
25,176,13.21
25,177,4.420746268656717
25,178,6.23
25,179,10.442142857142857
25,180,23.39
25,181,1.4969202898550724
25,182,17.35
25,185,17.45
25,186,5.426875
25,188,3.3441379310344828
25,189,1.420648148148148
25,190,2.182105263157895
25,191,17.18
25,192,9.35
25,193,7.32
25,194,11.9225
25,195,2.2223762376237626
25,196,8.77
25,197,11.528749999999999
25,198,6.1436111111111105
25,202,8.82
25,203,16.669999999999998
25,205,16.033076923076923
25,208,13.883333333333333
25,209,3.0530434782608693
25,210,12.195882352941176
25,211,3.2916000000000003
25,212,15.07
25,213,13.513333333333334
25,214,9.3
25,215,14.071111111111112
25,216,11.77909090909091
25,217,3.3850000000000002
25,218,14.754545454545456
25,219,14.724
25,220,17.189999999999998
25,221,8.4
25,222,7.666666666666667
25,223,9.693888888888889
25,224,4.805416666666667
25,225,3.3982400000000004
25,226,6.7368
25,227,3.9012820512820516
25,228,3.32032967032967
25,229,6.967428571428572
25,230,7.306111111111111
25,231,2.837857142857143
25,232,3.664
25,233,6.891500000000001
25,234,4.959827586206897
25,235,15.332857142857142
25,236,9.016170212765957
25,237,7.960652173913044
25,238,9.80734693877551
25,239,9.579642857142858
25,240,18.355
25,241,16.605
25,243,14.203333333333333
25,244,12.90375
25,246,5.592758620689655
25,247,12.9175
25,248,16.28
25,249,4.023333333333333
25,250,13.4
25,252,12.3
25,254,17.535833333333333
25,255,4.039710144927536
25,256,3.5977118644067794
25,257,3.261162790697674
25,258,8.426666666666668
25,259,21.083333333333332
25,260,7.716
25,261,3.4719354838709675
25,262,9.158518518518518
25,263,9.191063829787234
26,3,20.2
26,4,8.1
26,7,13.9
26,11,5.306
26,12,6.87
26,13,8.0
26,14,3.14975
26,17,7.237575757575757
26,18,18.0
26,21,2.2199999999999998
26,22,2.0132051282051284
26,25,5.128
26,28,13.433333333333332
26,29,5.234705882352941
26,31,5.8
26,33,5.5675
26,35,5.3
26,36,10.415
26,37,7.3
26,38,19.65
26,39,6.229166666666667
26,40,3.71
26,41,15.936666666666667
26,42,15.45
26,43,14.0
26,45,7.428571428571429
26,47,17.8
26,48,10.6
26,49,5.154999999999999
26,51,14.05
26,52,5.11
26,55,4.997142857142857
26,61,5.323181818181818
26,62,3.911111111111111
26,63,10.623999999999999
26,65,5.3425
26,66,5.963333333333334
26,67,1.691
26,68,9.717142857142857
26,69,15.95
26,70,15.83
26,71,3.65421052631579
26,72,6.243076923076923
26,73,18.4
26,74,16.05
26,75,13.902727272727274
26,76,10.638333333333334
26,77,7.3
26,78,17.8
26,79,8.2575
26,80,8.92875
26,82,11.55
26,83,12.27
26,85,2.6205263157894736
26,86,15.75
26,87,7.5840000000000005
26,89,1.9776623376623377
26,90,9.504999999999999
26,91,3.622
26,92,15.7
26,93,15.0
26,95,14.149999999999999
26,97,5.153333333333333
26,100,10.3275
26,101,26.28
26,102,7.045
26,106,3.2066666666666666
26,107,9.566666666666666
26,108,3.29
26,111,0.61
26,112,10.04
26,113,8.64
26,114,9.53
26,117,15.2
26,119,20.59
26,123,3.050612244897959
26,124,12.8
26,125,7.67
26,126,5.0
26,129,12.799999999999999
26,130,19.700000000000003
26,131,16.7
26,132,18.7
26,133,1.4189130434782609
26,134,11.979999999999999
26,135,13.790000000000001
26,136,20.945
26,137,9.018
26,138,16.18
26,140,11.182105263157895
26,141,11.7
26,143,11.178
26,144,6.525
26,145,10.965
26,148,8.184000000000001
26,149,3.3447826086956525
26,150,6.32
26,155,4.230666666666667
26,157,12.4
26,158,9.44
26,159,14.9
26,161,11.336363636363636
26,162,9.633333333333333
26,163,12.56
26,164,10.7975
26,165,2.5793023255813954
26,166,14.200000000000001
26,168,14.3
26,169,21.3
26,170,10.835555555555555
26,171,16.3
26,173,11.616666666666667
26,175,15.3
26,177,6.475
26,178,2.045357142857143
26,180,10.3
26,181,3.427
26,182,21.2
26,186,10.1
26,188,3.5496666666666665
26,189,3.906
26,190,2.895
26,191,24.0
26,192,18.205
26,194,16.9
26,195,3.7857142857142856
26,196,14.633333333333333
26,198,13.4
26,200,23.1
26,201,11.9
26,203,15.5
26,205,21.144444444444446
26,206,10.93
26,209,6.925
26,210,5.583888888888889
26,214,7.78
26,216,14.966666666666667
26,217,7.40457142857143
26,218,25.2
26,219,11.916666666666666
26,220,21.85
26,222,11.233333333333333
26,223,15.08
26,224,9.906666666666666
26,225,9.18888888888889
26,226,9.52
26,227,1.3173170731707318
26,228,2.348108108108108
26,229,10.95
26,230,11.25
26,231,7.415833333333333
26,232,8.32736842105263
26,233,11.352
26,234,9.633750000000001
26,236,15.100000000000001
26,238,12.34
26,239,14.6
26,241,20.1
26,243,17.75
26,244,16.762
26,246,10.125
26,247,21.3
26,255,9.142
26,256,8.056363636363637
26,257,2.43875
26,258,19.7
26,260,13.66
26,261,11.966666666666667
26,262,13.2
26,263,13.719999999999999
27,14,15.165
27,25,19.45
27,35,8.01
27,39,6.4
27,68,18.200000000000003
27,87,13.0
27,92,21.35
27,116,28.89
27,117,4.786666666666666
27,154,1.94
27,155,5.3
27,170,22.0
27,181,19.26
27,201,3.938
27,210,7.43
27,233,22.9
27,263,2.4
28,1,37.3
28,3,13.069999999999999
28,7,9.508500000000002
28,9,3.1875
28,10,2.588888888888889
28,11,17.853333333333335
28,13,16.082
28,14,19.96
28,15,8.3575
28,16,6.026666666666667
28,17,9.966666666666667
28,19,5.212727272727273
28,20,16.15
28,21,17.956666666666667
28,24,14.32
28,25,11.93875
28,29,14.965
28,33,12.9
28,34,12.08
28,35,7.495263157894737
28,36,7.644
28,37,8.193913043478261
28,38,6.486666666666667
28,39,9.465
28,41,13.235714285714286
28,42,13.755
28,45,14.834
28,47,14.11
28,48,12.440625
28,49,10.2725
28,50,13.82
28,51,12.3
28,53,6.866923076923077
28,55,17.534
28,56,4.286923076923077
28,57,4.89
28,58,15.58
28,61,8.434999999999999
28,62,9.536666666666667
28,63,5.576666666666667
28,64,6.779999999999999
28,65,12.913333333333334
28,66,14.155000000000001
28,68,12.668000000000001
28,69,13.713333333333333
28,70,6.245
28,71,10.4
28,72,9.886
28,73,4.62
28,74,11.414
28,75,11.870000000000001
28,76,7.352
28,77,7.924545454545455
28,79,12.138571428571428
28,80,9.515714285714285
28,81,13.25
28,82,5.4185185185185185
28,83,8.247499999999999
28,85,12.0
28,86,9.772499999999999
28,87,14.706249999999999
28,88,13.6
28,89,13.363999999999999
28,90,12.31857142857143
28,91,12.82
28,92,5.481111111111112
28,93,5.4575
28,95,2.6855555555555553
28,97,12.54
28,98,3.1685714285714286
28,100,11.981
28,101,6.707083333333333
28,102,4.695
28,107,11.78875
28,108,13.933333333333332
28,112,10.313333333333333
28,113,13.79
28,114,13.075
28,116,13.236666666666666
28,117,10.983333333333334
28,119,12.25
28,121,1.9092592592592592
28,122,3.7377777777777776
28,123,17.85
28,124,7.0120000000000005
28,125,13.6175
28,126,14.7725
28,127,28.07
28,128,16.09
28,129,7.377948717948718
28,130,1.1980582524271846
28,131,2.07625
28,132,5.805454545454546
28,133,18.62
28,134,1.462142857142857
28,135,2.021875
28,136,16.72
28,137,11.053703703703704
28,138,6.168333333333333
28,139,8.173333333333334
28,140,13.058571428571428
28,141,11.759090909090908
28,142,12.799999999999999
28,143,14.8575
28,144,13.283333333333333
28,145,9.7655
28,146,9.379999999999999
28,147,12.68
28,148,11.998181818181818
28,149,11.4
28,151,14.5
28,152,13.785
28,155,14.46
28,157,6.859999999999999
28,158,14.243333333333334
28,159,11.843333333333334
28,160,4.793333333333333
28,161,11.420714285714284
28,162,14.41
28,163,11.7975
28,164,11.112
28,165,14.7
28,166,13.688333333333333
28,167,14.625
28,168,11.910000000000002
28,169,12.2225
28,170,10.957142857142857
28,171,6.496666666666667
28,173,5.236666666666667
28,174,16.146
28,175,5.789999999999999
28,177,7.22
28,179,9.176
28,180,5.09
28,181,11.115
28,182,11.451666666666666
28,183,11.765
28,185,15.882857142857144
28,186,13.466666666666667
28,188,11.074
28,189,13.233333333333334
28,190,9.0
28,191,4.306666666666667
28,192,4.615
28,193,11.135
28,194,11.36
28,195,13.5
28,196,3.6681818181818184
28,197,1.9755813953488373
28,198,6.515
28,200,16.15
28,203,7.815
28,205,3.421538461538461
28,208,10.75
28,209,15.300000000000002
28,210,15.11
28,211,12.645
28,212,12.085
28,213,12.52
28,215,1.9028205128205131
28,216,3.4575555555555555
28,218,4.7907692307692304
28,219,6.232352941176471
28,221,23.73
28,222,7.9375
28,223,8.265862068965518
28,224,11.899999999999999
28,225,8.385833333333332
28,226,8.497857142857143
28,227,20.7
28,228,12.7
28,229,11.525
28,230,11.651875
28,231,13.796666666666667
28,232,12.802000000000001
28,233,11.401538461538461
28,234,12.496666666666668
28,235,15.1
28,236,13.268571428571429
28,237,11.8975
28,239,14.885
28,241,15.180000000000001
28,242,11.355714285714287
28,243,16.447499999999998
28,244,14.318333333333333
28,246,12.06
28,247,13.39
28,248,11.76
28,249,14.410000000000002
28,250,12.392
28,252,6.859999999999999
28,254,15.51
28,255,11.655
28,256,11.4
28,258,3.5568181818181817
28,260,8.384615384615385
28,261,15.285000000000002
28,262,13.205
28,263,13.82
29,3,28.9
29,11,4.013333333333333
29,13,13.6
29,14,6.428846153846154
29,15,24.5
29,16,25.950000000000003
29,17,13.763333333333334
29,21,2.902333333333333
29,22,3.95
29,24,17.6
29,25,9.25
29,26,6.194
29,28,14.4
29,32,24.0
29,33,9.628
29,35,9.535
29,37,13.093333333333334
29,38,15.2
29,39,7.035833333333334
29,41,19.6
29,42,19.3
29,45,12.84
29,48,16.37142857142857
29,49,7.4
29,50,15.875
29,54,11.85
29,55,1.9053846153846152
29,56,15.3
29,60,20.98888888888889
29,61,7.781428571428572
29,62,8.2875
29,63,12.5
29,64,22.18
29,65,10.915
29,66,12.975
29,67,4.85
29,68,14.526
29,71,6.235454545454545
29,72,8.2
29,74,20.3
29,75,17.4
29,76,9.9375
29,77,9.9
29,79,14.291666666666666
29,80,10.8
29,82,14.746666666666668
29,85,5.6274999999999995
29,86,12.604166666666666
29,87,12.65
29,89,6.227142857142858
29,90,15.288
29,91,4.979
29,92,13.533333333333333
29,93,16.8
29,94,27.5
29,95,13.146
29,96,11.850000000000001
29,97,10.775
29,98,18.855
29,100,16.3
29,101,19.9
29,102,12.633333333333333
29,106,7.633333333333333
29,107,12.8625
29,108,1.633529411764706
29,112,17.58
29,113,14.5
29,114,13.434999999999999
29,117,11.631111111111112
29,121,16.4
29,122,19.8
29,123,1.8537837837837838
29,125,13.7
29,126,20.3
29,129,20.2
29,130,15.111428571428572
29,133,4.566666666666666
29,136,20.1
29,137,15.143
29,139,15.0
29,140,16.585714285714285
29,141,15.9
29,142,17.03333333333333
29,143,16.88
29,144,10.8
29,145,15.7
29,147,23.1
29,148,13.0
29,149,2.267894736842105
29,150,1.207142857142857
29,151,19.2
29,154,3.1
29,155,4.864090909090909
29,157,14.466666666666667
29,161,16.8
29,162,16.183333333333334
29,163,14.2
29,164,13.537500000000001
29,165,3.121034482758621
29,169,24.7
29,170,12.4375
29,171,20.933333333333334
29,177,9.66
29,178,2.9416666666666664
29,179,22.45
29,180,7.8
29,181,8.445714285714285
29,183,23.7
29,186,14.9
29,188,7.979230769230769
29,189,12.0
29,193,15.55
29,195,9.7
29,196,14.5575
29,197,14.012857142857143
29,200,29.2
29,201,8.8
29,205,14.3
29,209,12.235
29,210,1.9054285714285715
29,212,24.0
29,216,11.55
29,217,10.766666666666666
29,220,26.3
29,222,7.859999999999999
29,224,16.55
29,225,13.36
29,226,17.2975
29,227,8.80125
29,228,8.639473684210527
29,229,15.1
29,230,14.068333333333333
29,231,10.1
29,232,11.938333333333333
29,233,16.04
29,234,13.0
29,236,16.966666666666665
29,237,15.625
29,238,14.65
29,239,19.049999999999997
29,243,23.297142857142855
29,244,21.1
29,246,13.998
29,249,10.6
29,255,9.5
29,257,5.0
29,258,10.5
29,262,20.92
29,263,20.5
30,7,15.25
30,26,20.805
30,37,9.0
30,43,22.85
30,50,18.9
30,91,13.08
30,95,8.73
30,117,2.756
30,124,4.502000000000001
30,140,15.8
30,197,6.07
30,201,2.366
30,208,29.3
30,218,9.68
30,261,15.87
31,3,2.01
31,7,8.7975
31,16,11.15
31,18,1.252
31,20,1.184
31,25,18.39
31,32,0.29500000000000004
31,41,8.68
31,42,6.342499999999999
31,43,12.955
31,47,3.74
31,48,13.8975
31,58,7.32
31,62,18.47
31,68,13.864999999999998
31,69,7.48
31,75,9.163333333333334
31,78,1.37
31,80,17.49
31,81,2.77
31,86,20.75
31,90,13.92
31,91,13.9
31,92,9.65
31,100,12.81
31,102,15.350000000000001
31,126,4.2
31,127,2.9349999999999996
31,129,10.31
31,136,2.2
31,137,13.9
31,140,9.15
31,141,10.12
31,142,15.54
31,143,16.48
31,144,14.02
31,147,3.59
31,148,13.04
31,153,2.58
31,157,12.75
31,159,5.6
31,161,12.600000000000001
31,162,11.506666666666668
31,164,10.9
31,166,9.274444444444445
31,167,3.7800000000000002
31,168,6.25
31,169,2.13
31,174,1.51
31,179,8.075
31,183,2.3
31,184,4.05
31,185,0.8975000000000001
31,186,12.82
31,200,4.415
31,211,15.6
31,213,3.73
31,220,4.595
31,224,10.2
31,225,14.8
31,226,13.18
31,229,10.55
31,230,13.329999999999998
31,231,12.5
31,233,10.629999999999999
31,235,3.7925
31,236,9.5625
31,237,12.44
31,238,9.0
31,239,11.613333333333335
31,240,1.97
31,242,4.7316666666666665
31,243,4.373333333333334
31,244,6.546666666666667
31,246,14.48
31,247,5.4399999999999995
31,248,2.5
31,250,4.03
31,254,0.73
31,255,16.98
31,257,22.03
31,259,3.3425
32,3,1.1477777777777778
32,4,14.1
32,7,9.719999999999999
32,10,16.466666666666665
32,17,16.2
32,18,1.9133333333333333
32,20,1.8057142857142858
32,22,27.17
32,24,8.2
32,26,25.98
32,29,22.7
32,31,0.6166666666666667
32,35,12.29
32,36,14.425
32,37,13.3
32,38,2.1
32,41,9.248181818181818
32,42,7.968857142857144
32,43,7.9
32,45,15.466666666666667
32,46,4.75
32,47,3.4466666666666668
32,48,15.775000000000002
32,49,16.9
32,50,14.665
32,51,2.645625
32,53,8.75
32,56,11.145
32,60,3.48125
32,62,19.35
32,63,16.4
32,65,11.45
32,68,14.804444444444446
32,69,5.891111111111112
32,70,10.2
32,71,21.4
32,74,8.076086956521738
32,75,9.149756097560974
32,76,16.93846153846154
32,77,20.35
32,78,2.987142857142857
32,79,13.280000000000001
32,81,2.0188888888888887
32,82,11.049999999999999
32,83,10.3
32,86,24.5
32,87,15.566666666666668
32,90,13.800000000000002
32,91,17.0
32,92,8.3
32,94,2.58
32,95,11.8
32,97,15.6
32,98,13.88
32,100,13.700000000000001
32,101,18.8
32,102,19.0
32,107,12.993333333333334
32,113,12.9
32,116,6.368333333333333
32,117,22.9
32,119,6.140000000000001
32,120,8.175
32,121,11.1
32,122,13.850000000000001
32,125,16.866666666666667
32,126,4.964285714285714
32,127,3.84125
32,128,4.5
32,130,18.033333333333335
32,131,14.19
32,136,2.74
32,137,12.631538461538462
32,139,16.9
32,140,10.640666666666668
32,141,9.3
32,142,12.375
32,143,11.866666666666667
32,145,12.676363636363636
32,146,10.94
32,147,4.8999999999999995
32,148,15.825000000000001
32,151,11.106
32,152,9.940000000000001
32,153,2.3
32,155,28.75
32,159,6.885000000000001
32,161,14.125
32,162,10.879999999999999
32,163,11.96
32,164,10.9
32,166,8.926923076923076
32,167,3.928888888888889
32,168,7.006666666666666
32,169,3.408888888888889
32,170,12.36
32,171,10.2
32,173,9.5
32,174,1.9377272727272727
32,177,17.358823529411765
32,178,24.5
32,179,7.85
32,182,2.4442857142857144
32,183,5.11
32,185,1.3311111111111111
32,186,14.5
32,188,18.766666666666666
32,193,10.5
32,196,12.7
32,197,15.8
32,198,16.75
32,200,5.095
32,203,20.8
32,205,15.663333333333332
32,208,4.618571428571428
32,209,16.7
32,210,26.933333333333334
32,212,2.9633333333333334
32,213,4.608750000000001
32,215,17.7575
32,216,16.95
32,218,18.15
32,220,3.6
32,222,21.5
32,223,10.76
32,224,11.9
32,225,16.708181818181817
32,226,14.15
32,228,21.9
32,229,12.196000000000002
32,230,13.48
32,231,15.314285714285715
32,232,12.4
32,233,11.3
32,234,12.9
32,235,3.51125
32,236,9.692
32,237,9.991666666666667
32,238,10.7
32,239,12.29375
32,240,1.6
32,241,2.43
32,242,3.2481481481481485
32,243,5.80625
32,244,6.381842105263158
32,246,17.4
32,247,5.349285714285714
32,248,2.6
32,249,11.8
32,250,2.8125
32,254,1.472
32,255,15.73
32,256,16.0
32,258,16.365000000000002
32,259,2.94
32,260,11.931999999999999
32,261,16.788571428571426
32,262,8.05
32,263,8.13
33,1,18.348333333333333
33,3,17.6
33,4,4.3315
33,7,9.306060606060607
33,9,12.57
33,10,16.985
33,11,8.648571428571428
33,12,2.44
33,13,3.1985897435897437
33,14,6.677386363636364
33,15,14.6
33,16,19.665
33,17,2.9880263157894738
33,19,15.6
33,20,16.39
33,21,8.43
33,22,8.600526315789473
33,24,10.67
33,25,1.0620270270270271
33,26,5.927777777777778
33,28,12.373333333333333
33,29,11.986
33,31,17.18
33,32,17.44
33,34,2.1454545454545455
33,35,5.282608695652174
33,36,5.144318181818182
33,37,4.506056338028169
33,38,18.175
33,39,9.489772727272728
33,40,1.22
33,41,11.93
33,42,11.220476190476191
33,43,8.745925925925926
33,45,2.280625
33,46,17.7
33,47,13.125
33,48,7.3046808510638295
33,49,2.3462105263157893
33,50,6.796333333333333
33,51,18.6
33,52,0.786923076923077
33,54,1.0407246376811594
33,55,11.124545454545455
33,56,9.648
33,57,11.17
33,60,13.546666666666667
33,61,3.6233576642335765
33,62,3.5460000000000003
33,63,7.2299999999999995
33,64,17.966666666666665
33,65,0.9643877551020409
33,66,0.9955357142857143
33,67,6.62625
33,68,5.060245901639345
33,69,12.1425
33,70,11.31
33,71,5.716216216216216
33,72,5.240769230769231
33,74,11.056363636363637
33,75,9.33095238095238
33,76,8.358
33,77,6.436153846153847
33,78,13.9
33,79,3.8353886010362697
33,80,4.258253968253968
33,81,21.29
33,82,8.499444444444444
33,83,8.246666666666666
33,84,22.32
33,85,4.9825
33,86,20.919999999999998
33,87,2.4404545454545454
33,88,3.093783783783784
33,89,5.0058823529411764
33,90,4.850958904109589
33,91,6.848333333333333
33,92,11.724285714285713
33,93,11.046666666666667
33,94,13.6
33,95,11.033333333333333
33,97,1.5510294117647059
33,98,14.563333333333333
33,100,6.454634146341463
33,101,19.67
33,102,8.336
33,106,2.1816666666666666
33,107,4.419758064516128
33,108,11.362857142857141
33,111,4.38
33,112,4.657752808988764
33,113,3.740686274509804
33,114,3.3681553398058255
33,115,12.79
33,116,13.673333333333334
33,117,17.235714285714288
33,121,12.703333333333333
33,123,8.233333333333333
33,124,12.893333333333333
33,125,3.0316666666666667
33,126,13.96
33,127,18.94
33,129,8.6325
33,130,14.335625
33,131,13.25
33,132,19.81159090909091
33,133,4.9745
33,134,14.6
33,135,10.780000000000001
33,136,14.775714285714287
33,137,5.673555555555556
33,138,10.905959595959596
33,139,15.0
33,140,7.4701010101010095
33,141,7.516346153846154
33,142,8.125128205128204
33,143,7.841923076923076
33,144,2.7015
33,145,6.8596
33,146,8.033333333333333
33,147,16.4
33,148,2.8468503937007874
33,149,8.258888888888889
33,151,10.247692307692308
33,152,15.755714285714287
33,155,11.9575
33,157,6.295714285714285
33,158,4.152857142857143
33,159,12.49
33,160,9.105
33,161,6.854550898203593
33,162,6.834545454545455
33,163,7.601666666666667
33,164,6.121931818181818
33,165,6.931875
33,166,11.66764705882353
33,167,10.95
33,168,11.668888888888889
33,169,14.22
33,170,6.0194230769230765
33,171,12.5
33,173,10.746666666666668
33,175,17.009999999999998
33,177,4.868125
33,178,6.016666666666667
33,179,9.959999999999999
33,180,8.8
33,181,2.441111111111111
33,182,16.72
33,185,15.65
33,186,5.475806451612903
33,187,14.71
33,188,3.8796825396825394
33,189,2.302769230769231
33,190,3.3341176470588234
33,191,16.405
33,192,11.18
33,193,6.4
33,194,12.030000000000001
33,195,2.0076335877862594
33,196,9.303999999999998
33,197,12.41375
33,198,7.068275862068965
33,201,19.144
33,202,8.476666666666667
33,205,15.745
33,206,11.7
33,207,2.01
33,208,8.356666666666667
33,209,2.4870270270270267
33,210,13.206666666666665
33,211,2.975211267605634
33,212,13.991666666666667
33,213,14.885
33,215,15.205000000000002
33,216,15.459999999999999
33,217,2.99
33,218,17.16
33,219,14.681999999999999
33,220,17.343333333333334
33,222,11.022631578947369
33,223,9.6595
33,224,5.01
33,225,3.996301369863014
33,226,7.229166666666667
33,227,4.857391304347826
33,228,3.9276811594202896
33,229,6.727727272727273
33,230,6.8979816513761465
33,231,2.597966101694915
33,232,3.180769230769231
33,233,6.339019607843138
33,234,4.830186915887851
33,235,13.19888888888889
33,236,9.007012987012986
33,237,7.703740458015267
33,238,10.166451612903227
33,239,9.047115384615385
33,241,17.6
33,242,16.97
33,243,14.3125
33,244,12.795
33,246,5.185116279069767
33,247,13.862
33,248,16.75
33,249,3.919591836734694
33,254,17.814285714285713
33,255,3.998116883116883
33,256,3.5992473118279573
33,257,4.04962962962963
33,258,9.485
33,259,16.0
33,260,7.378
33,261,2.779166666666667
33,262,8.372105263157895
33,263,8.769583333333333
34,4,3.82875
34,7,7.9252631578947375
34,9,12.23
34,10,13.22
34,13,5.1
34,14,8.47181818181818
34,15,15.5
34,16,14.736666666666666
34,17,1.9508695652173913
34,18,16.88
34,20,17.755000000000003
34,22,10.148333333333333
34,24,10.918333333333335
34,25,1.6409090909090909
34,26,7.12
34,28,12.219999999999999
34,29,14.76
34,33,1.5869230769230769
34,35,4.7575
34,36,2.920952380952381
34,37,2.6031578947368423
34,38,15.4
34,39,10.27
34,40,3.955
34,41,11.315999999999999
34,42,12.38888888888889
34,43,8.533333333333333
34,45,2.6933333333333334
34,48,7.5072
34,49,1.4216666666666666
34,50,7.2871428571428565
34,52,2.475
34,53,13.22
34,54,2.68
34,55,14.213999999999999
34,56,8.86
34,61,3.2224
34,62,2.5
34,63,6.0633333333333335
34,64,14.986666666666666
34,65,1.5826086956521739
34,66,1.4773529411764705
34,67,8.75
34,68,5.759600000000001
34,69,14.46
34,70,10.015
34,71,5.32
34,72,5.57
34,73,11.338
34,74,10.83
34,75,9.223333333333334
34,76,8.743333333333334
34,77,5.57
34,79,3.5444827586206893
34,80,2.8605555555555555
34,82,6.73
34,83,6.0
34,85,5.867142857142857
34,87,3.2606060606060603
34,88,3.4275
34,89,5.202222222222222
34,90,4.664
34,91,10.06
34,92,10.402
34,95,7.545
34,96,5.87
34,97,1.2005882352941177
34,100,6.138888888888889
34,102,8.036666666666667
34,106,2.75
34,107,4.208947368421053
34,108,13.686666666666667
34,112,3.4846666666666666
34,113,4.087272727272727
34,114,3.595
34,116,13.7025
34,119,12.75
34,123,10.7
34,125,3.8172727272727274
34,127,15.17
34,129,10.061428571428573
34,130,11.366666666666667
34,131,13.3
34,132,6.03
34,133,5.863333333333333
34,134,11.71
34,136,15.93
34,137,5.214375
34,140,7.574545454545455
34,141,7.79
34,142,8.05
34,143,7.354545454545455
34,144,2.8119047619047617
34,145,5.548749999999999
34,146,6.057142857142857
34,148,2.8470833333333334
34,149,10.01
34,150,13.7
34,151,11.355
34,152,13.49
34,155,9.583333333333334
34,157,5.28875
34,158,4.151538461538461
34,159,12.41
34,160,6.23
34,161,7.765714285714286
34,162,7.071538461538462
34,163,7.947500000000001
34,164,6.3012
34,165,6.34
34,166,11.623999999999999
34,167,14.0525
34,168,11.705
34,169,16.71
34,170,5.645384615384615
34,171,12.06
34,173,8.681999999999999
34,177,3.6900000000000004
34,179,8.735833333333334
34,181,2.655238095238095
34,182,16.18
34,185,17.17
34,186,4.897857142857142
34,188,3.56
34,189,1.7733333333333334
34,190,4.27
34,191,16.536666666666665
34,192,10.41
34,195,3.83
34,196,7.640000000000001
34,197,11.345
34,198,5.3585714285714285
34,202,6.52
34,205,5.3
34,209,2.7975
34,211,3.64
34,216,13.37
34,217,1.146
34,218,16.17
34,220,17.685
34,222,7.42
34,223,8.054285714285715
34,224,4.265
34,225,3.0181818181818185
34,226,7.032727272727272
34,227,7.666666666666667
34,228,5.3740000000000006
34,229,7.202500000000001
34,230,7.747272727272727
34,231,2.927391304347826
34,232,3.2314285714285718
34,233,6.6216
34,234,4.84
34,236,8.838333333333333
34,237,7.562
34,238,9.307777777777778
34,239,9.253333333333334
34,242,19.38
34,243,15.21
34,244,14.6
34,246,6.401739130434783
34,247,13.76
34,248,14.16
34,249,4.252727272727273
34,252,13.35
34,255,2.3493939393939396
34,256,1.6020833333333335
34,257,6.125
34,258,10.066666666666666
34,260,6.5425
34,261,3.961
34,262,8.548333333333334
34,263,9.395652173913044
35,3,17.57
35,4,9.3
35,6,10.8
35,7,11.865384615384615
35,9,12.149999999999999
35,10,8.329444444444444
35,11,12.156666666666666
35,12,7.85
35,13,8.76
35,14,11.805000000000001
35,15,12.7
35,16,14.4
35,17,3.82469387755102
35,18,17.39
35,19,13.14
35,20,18.2
35,21,9.797894736842105
35,22,9.74
35,25,4.832181818181818
35,26,5.458461538461538
35,28,8.169166666666667
35,29,9.566666666666666
35,30,8.8
35,32,19.22
35,33,6.8075
35,34,6.85
35,36,3.2255555555555557
35,37,2.8109876543209875
35,38,12.99
35,39,2.6682394366197184
35,41,14.238095238095237
35,42,15.887142857142855
35,43,0.9
35,45,6.829999999999999
35,47,18.4725
35,48,11.711666666666666
35,49,3.8543636363636367
35,50,11.4
35,51,18.333333333333332
35,52,6.081666666666667
35,53,11.562000000000001
35,55,10.813260869565218
35,56,10.459999999999999
35,57,8.9
35,59,19.8
35,60,17.332
35,61,2.271888888888889
35,62,2.649242424242424
35,63,2.9382
35,64,15.02
35,65,5.08078431372549
35,66,5.811111111111111
35,67,11.052857142857144
35,68,11.092
35,69,18.302
35,70,10.69
35,71,2.5809090909090906
35,72,1.2642452830188677
35,73,11.235555555555557
35,74,15.438709677419356
35,75,14.036944444444444
35,76,2.3741066666666666
35,77,1.2554347826086956
35,78,17.53333333333333
35,79,7.720000000000001
35,80,4.545428571428571
35,81,17.927
35,82,7.77625
35,83,7.535714285714286
35,85,2.93280701754386
35,86,12.738928571428572
35,87,11.615
35,88,7.888333333333333
35,89,3.6509278350515464
35,90,10.0475
35,91,3.241267605633803
35,92,10.04375
35,93,10.446666666666667
35,94,18.52857142857143
35,95,6.854736842105264
35,96,3.7
35,97,5.0490697674418605
35,98,10.19
35,100,12.217222222222222
35,102,4.22
35,106,4.6195
35,107,8.5721875
35,108,10.623125
35,112,6.60952380952381
35,113,6.800000000000001
35,114,7.3149999999999995
35,116,15.397499999999999
35,117,12.038372093023256
35,119,16.4425
35,120,14.9
35,121,8.221428571428572
35,122,10.465
35,123,5.845882352941176
35,124,4.35
35,125,8.14
35,126,14.493636363636364
35,127,19.93
35,129,9.6
35,130,8.267555555555557
35,131,8.337
35,132,6.8036
35,133,4.5616666666666665
35,134,9.683333333333334
35,135,9.135
35,136,20.3925
35,137,9.706153846153846
35,138,9.107777777777777
35,139,10.18421052631579
35,140,13.012083333333335
35,141,12.305
35,142,12.013333333333334
35,143,13.051666666666668
35,144,7.0
35,145,9.619583333333333
35,146,11.886
35,147,17.8
35,148,7.674545454545455
35,149,5.503636363636364
35,150,8.066666666666666
35,151,15.9
35,152,18.03
35,153,21.2
35,154,6.455
35,155,4.169795918367347
35,157,5.568
35,159,17.543809523809525
35,160,5.640000000000001
35,161,11.106153846153846
35,162,14.508333333333333
35,163,13.479999999999999
35,164,12.765
35,165,4.367586206896552
35,166,18.650000000000002
35,167,15.5475
35,168,16.16521739130435
35,169,17.647368421052633
35,170,10.816521739130435
35,171,11.185
35,173,9.675
35,174,20.3
35,175,11.254
35,177,1.5305343511450382
35,178,5.1000000000000005
35,179,12.037692307692309
35,180,3.778461538461538
35,181,4.359999999999999
35,182,15.641333333333334
35,183,15.775
35,185,17.515
35,186,13.16
35,188,2.3367105263157897
35,189,3.5166666666666666
35,190,3.3777777777777778
35,191,11.828
35,192,2.01
35,193,13.532
35,194,11.6
35,195,6.292857142857143
35,196,7.0928571428571425
35,197,5.94
35,198,3.67304347826087
35,200,21.5
35,201,11.958333333333334
35,202,14.875714285714285
35,203,10.456153846153846
35,205,9.6659375
35,208,15.649999999999999
35,209,9.299999999999999
35,210,6.63625
35,211,8.036666666666667
35,212,17.351999999999997
35,213,14.846
35,214,15.865
35,215,9.236
35,216,5.919090909090909
35,217,4.57
35,218,8.411739130434782
35,219,8.79857142857143
35,220,23.03333333333333
35,222,2.5775555555555556
35,223,13.715
35,225,2.5453435114503815
35,226,8.483333333333334
35,227,8.872
35,228,8.58
35,229,14.21
35,230,10.862666666666666
35,231,8.342272727272727
35,232,6.897083333333334
35,233,9.8475
35,234,10.350000000000001
35,235,18.46
35,236,15.766666666666666
35,237,13.058333333333332
35,238,13.917000000000002
35,241,21.2
35,242,17.490000000000002
35,243,20.286666666666665
35,244,17.116
35,246,9.8625
35,247,16.299999999999997
35,248,16.0
35,249,8.265
35,250,14.75375
35,252,12.944444444444445
35,254,17.99411764705882
35,255,6.022
35,256,5.396
35,257,4.325
35,258,4.235185185185185
35,259,21.766666666666666
35,260,12.440000000000001
35,261,7.834444444444445
35,262,11.9625
35,263,12.907692307692308
36,3,17.1
36,4,4.7843478260869565
36,7,6.667244897959184
36,8,7.960000000000001
36,9,9.350000000000001
36,10,9.745
36,11,14.758
36,13,6.358
36,14,11.181379310344827
36,15,12.18
36,16,10.94
36,17,2.276690647482014
36,18,15.65
36,19,14.307500000000001
36,20,14.4
36,21,11.951666666666666
36,22,12.80181818181818
36,24,10.466666666666667
36,25,4.378
36,26,9.41125
36,28,7.6463636363636365
36,29,15.063333333333333
36,30,10.38
36,31,15.2
36,32,17.1
36,33,4.957058823529412
36,34,3.011
36,35,3.601
36,37,1.2588844621513946
36,38,11.82
36,39,5.33875
36,40,5.620555555555556
36,41,11.17904761904762
36,42,11.210333333333333
36,43,7.973333333333334
36,45,5.513125
36,47,15.036666666666667
36,48,7.6430952380952375
36,49,3.058625
36,50,8.466666666666667
36,51,19.468
36,52,5.815714285714286
36,53,9.87
36,54,5.513333333333333
36,55,13.676923076923078
36,56,5.247307692307692
36,57,7.773333333333333
36,60,15.75
36,61,3.042280701754386
36,62,3.8446153846153845
36,63,2.9982926829268295
36,64,11.549999999999999
36,65,4.146756756756757
36,66,3.919285714285714
36,67,11.022222222222222
36,68,7.7876315789473685
36,69,12.935
36,70,7.591666666666666
36,71,5.164705882352941
36,72,3.7076470588235293
36,73,8.58
36,74,10.581764705882351
36,75,10.538378378378379
36,76,4.008939393939394
36,77,3.3204347826086957
36,78,15.265
36,79,5.042872340425532
36,80,1.8985981308411215
36,82,4.263148148148148
36,83,3.7994117647058827
36,85,5.4946153846153845
36,86,15.280000000000001
36,87,6.065454545454545
36,88,6.582222222222223
36,89,6.179324324324324
36,90,7.666818181818181
36,91,5.816
36,92,8.06111111111111
36,93,7.27
36,94,16.228333333333335
36,95,4.8229729729729724
36,96,3.69
36,97,3.72
36,98,8.2975
36,100,7.172142857142857
36,101,14.22
36,102,2.4438709677419355
36,106,5.4125000000000005
36,107,6.347666666666667
36,108,13.5975
36,112,3.1365573770491806
36,113,6.217826086956522
36,114,5.461052631578948
36,116,14.105500000000001
36,117,12.725000000000001
36,121,7.943333333333334
36,122,9.0
36,123,10.20142857142857
36,124,4.946666666666666
36,125,6.662000000000001
36,126,12.58
36,127,14.998
36,129,6.369811320754717
36,130,8.701538461538462
36,131,9.826666666666666
36,132,9.305714285714286
36,133,8.440714285714286
36,134,5.67
36,135,6.985
36,136,15.555
36,137,6.929189189189189
36,138,8.3612
36,139,11.497142857142858
36,140,7.502631578947369
36,141,6.671785714285714
36,142,7.7820833333333335
36,143,8.448
36,144,4.9665625
36,145,4.643454545454545
36,146,5.18551724137931
36,147,10.5
36,148,4.5783582089552235
36,149,8.931999999999999
36,150,11.25
36,151,10.571538461538463
36,152,12.921111111111111
36,155,7.66
36,157,1.640925925925926
36,158,7.11
36,159,11.912857142857144
36,160,2.8442857142857143
36,161,7.115882352941177
36,162,6.89375
36,163,7.546666666666667
36,164,7.151666666666667
36,165,8.3925
36,166,11.866153846153846
36,167,13.25
36,168,10.556666666666667
36,169,14.84
36,170,7.025675675675675
36,171,9.254
36,173,6.801176470588236
36,174,16.400000000000002
36,175,10.388333333333334
36,177,2.3363076923076926
36,178,9.846666666666666
36,179,7.55095238095238
36,180,5.155384615384615
36,181,5.172435897435897
36,182,14.693333333333333
36,183,22.9
36,185,14.7
36,186,7.015882352941176
36,188,4.592962962962964
36,189,3.927878787878788
36,190,4.595714285714286
36,191,11.946666666666665
36,192,7.253333333333333
36,193,5.926
36,194,10.040000000000001
36,195,6.547692307692308
36,196,4.3921052631578945
36,197,5.540833333333333
36,198,1.264
36,200,16.9
36,201,14.67
36,202,6.424545454545455
36,203,15.14
36,205,10.632142857142856
36,208,13.6
36,209,5.890000000000001
36,210,13.364285714285714
36,211,5.5876190476190475
36,212,13.12
36,213,13.792857142857143
36,214,15.89
36,215,9.304285714285713
36,216,7.396428571428571
36,217,2.25
36,218,10.899999999999999
36,219,10.725
36,220,17.8
36,221,16.1
36,222,4.95125
36,223,7.246341463414635
36,224,6.365833333333334
36,225,1.6422560975609755
36,226,3.858695652173913
36,227,9.324375
36,228,8.455135135135134
36,229,7.069
36,230,7.812608695652174
36,231,6.006857142857143
36,232,4.552608695652173
36,233,6.460416666666667
36,234,7.12
36,235,12.58
36,236,8.090666666666667
36,237,7.47625
36,238,10.73235294117647
36,239,8.666875
36,241,16.965
36,242,14.27
36,243,14.099230769230768
36,244,14.152727272727274
36,246,8.053333333333333
36,247,12.491428571428571
36,248,13.08
36,249,6.053333333333334
36,250,13.462222222222222
36,252,10.04
36,253,7.16
36,254,17.68
36,255,2.7560396039603963
36,256,2.4979807692307694
36,257,7.139444444444444
36,258,4.031428571428571
36,259,17.8
36,260,4.451
36,261,6.027
36,262,7.671333333333333
36,263,7.806842105263159
37,1,21.676666666666666
37,3,17.15
37,4,3.845423728813559
37,6,12.93
37,7,6.715121951219513
37,8,6.88
37,9,11.768571428571429
37,10,9.650714285714287
37,11,13.388
37,13,6.254615384615385
37,14,10.294166666666667
37,15,14.18
37,16,12.468
37,17,1.941657754010695
37,18,16.172857142857143
37,19,12.8275
37,20,14.956999999999999
37,21,12.450000000000001
37,22,11.373157894736842
37,24,12.15375
37,25,4.0027027027027025
37,26,8.8925
37,28,8.664761904761905
37,29,15.197999999999999
37,30,10.72
37,31,17.91
37,32,16.802
37,33,4.4292727272727275
37,34,3.3894736842105266
37,35,2.8060919540229885
37,36,1.3111415525114154
37,38,13.454000000000002
37,39,5.152
37,40,5.5225
37,41,11.102142857142857
37,42,12.058142857142858
37,43,7.205
37,45,4.729
37,47,12.73625
37,48,7.530103092783505
37,49,2.7560526315789473
37,50,7.885641025641026
37,51,13.934999999999999
37,52,4.9265
37,53,11.190000000000001
37,54,5.20375
37,55,13.28217391304348
37,56,6.4034615384615385
37,57,8.77
37,60,15.213333333333333
37,61,2.6127715355805243
37,62,3.3449999999999998
37,63,3.5473846153846154
37,64,13.04
37,65,3.6848750000000003
37,66,3.650625
37,67,10.236666666666666
37,68,7.07170731707317
37,69,12.22888888888889
37,70,8.831666666666667
37,71,4.383877551020408
37,72,3.315555555555555
37,73,9.76
37,74,10.491323529411764
37,75,10.77
37,76,4.094551724137931
37,77,2.9469230769230768
37,78,12.301666666666668
37,79,4.233409090909091
37,80,1.6790555555555557
37,81,18.255
37,82,5.112857142857143
37,83,4.486666666666667
37,85,4.713066666666667
37,86,15.36774193548387
37,87,5.170185185185185
37,88,5.968571428571429
37,89,5.734901960784314
37,90,6.6497222222222225
37,91,5.3828571428571435
37,92,9.143214285714285
37,94,15.7575
37,95,6.370625
37,96,4.4816666666666665
37,97,3.2934351145038168
37,98,10.4125
37,100,6.944313725490197
37,101,13.441666666666668
37,102,3.1258536585365855
37,106,5.195172413793103
37,107,5.227833333333334
37,108,12.11375
37,111,5.76
37,112,2.7349358974358973
37,113,5.525714285714286
37,114,4.611428571428571
37,115,16.68
37,116,12.706153846153846
37,117,13.682857142857143
37,118,19.29
37,119,13.627777777777778
37,120,12.844999999999999
37,121,8.6775
37,122,12.546666666666667
37,123,10.822
37,124,6.1899999999999995
37,125,5.265789473684211
37,126,11.796000000000001
37,127,14.54
37,129,6.619032258064516
37,130,9.270535714285714
37,131,9.748181818181818
37,132,8.895909090909091
37,133,7.3475
37,134,7.120833333333334
37,135,8.30625
37,136,15.835
37,137,5.987659574468085
37,138,9.283783783783784
37,139,11.305
37,140,7.326666666666667
37,141,7.071666666666666
37,142,7.348636363636363
37,143,8.555217391304348
37,144,4.962352941176471
37,145,4.351466666666667
37,146,5.097777777777777
37,147,13.813333333333333
37,148,3.872315789473684
37,149,9.825
37,150,13.66
37,151,10.3225
37,152,11.933125
37,153,15.385
37,155,7.553125
37,157,2.2636486486486485
37,158,5.99304347826087
37,159,11.279
37,160,3.5007142857142854
37,161,7.588378378378378
37,162,7.306774193548387
37,163,8.3225
37,164,6.712830188679245
37,165,7.896666666666666
37,166,12.114615384615385
37,167,9.02
37,168,12.097272727272726
37,169,14.53
37,170,6.528421052631579
37,171,8.185
37,173,8.653333333333334
37,174,17.54
37,175,13.056666666666667
37,177,2.014255319148936
37,178,7.42
37,179,8.369354838709677
37,180,5.928461538461538
37,181,4.816850393700787
37,182,14.093125
37,183,16.04
37,184,15.2
37,185,15.834999999999999
37,186,6.997735849056603
37,188,4.133157894736843
37,189,4.129411764705882
37,190,3.88625
37,191,12.50090909090909
37,192,7.966666666666666
37,193,5.351739130434782
37,194,9.49
37,195,6.21962962962963
37,196,5.371333333333333
37,197,6.742571428571429
37,198,1.837412935323383
37,200,18.3175
37,201,12.93
37,202,5.81625
37,203,18.326666666666664
37,205,11.118947368421052
37,208,14.892
37,209,5.2139999999999995
37,210,12.50076923076923
37,211,4.798333333333333
37,212,12.99
37,213,11.172307692307694
37,215,9.195652173913043
37,216,7.579642857142857
37,217,1.9691666666666665
37,218,10.651818181818182
37,219,11.478
37,220,19.231666666666666
37,221,13.315000000000001
37,222,3.8158333333333334
37,223,7.763529411764706
37,224,4.888333333333333
37,225,1.3529381443298967
37,226,3.8898765432098763
37,227,8.41423076923077
37,228,7.589411764705883
37,229,7.14764705882353
37,230,7.3945454545454545
37,231,5.085945945945946
37,232,3.9235526315789473
37,233,6.504186046511628
37,234,5.854838709677419
37,235,16.266666666666666
37,236,9.3435
37,237,7.49
37,238,9.855
37,239,8.626666666666667
37,241,16.984
37,242,14.36
37,243,14.489600000000001
37,244,13.722249999999999
37,246,7.467631578947368
37,247,12.483333333333333
37,248,14.816666666666668
37,249,5.995686274509803
37,250,14.31
37,252,11.3525
37,253,8.88
37,254,19.497142857142855
37,255,2.582415730337079
37,256,2.0825
37,257,6.311111111111111
37,258,4.88780487804878
37,259,19.361666666666668
37,260,5.044
37,261,6.295483870967741
37,262,8.216666666666667
37,263,8.074255319148936
38,3,17.6
38,9,5.7
38,10,4.3025
38,13,27.4
38,14,9.9
38,16,6.3025
38,17,12.6
38,18,15.1
38,19,3.66
38,21,19.83
38,22,19.0
38,24,19.6
38,25,18.425
38,26,21.5
38,29,16.549999999999997
38,33,18.0
38,35,11.719999999999999
38,36,12.31
38,37,12.666
38,39,11.577
38,41,17.406666666666666
38,42,18.345
38,45,18.2
38,47,15.66
38,48,16.266666666666666
38,49,14.033333333333333
38,50,19.6
38,53,12.5
38,55,16.9
38,56,8.950000000000001
38,61,13.88695652173913
38,62,13.348333333333334
38,63,11.25
38,65,17.216666666666665
38,66,18.303333333333335
38,68,16.8
38,71,13.325
38,72,12.366666666666667
38,73,6.5
38,74,16.685714285714287
38,75,17.5525
38,76,10.122222222222222
38,77,10.85
38,78,16.6325
38,79,17.875
38,80,13.6625
38,81,14.594999999999999
38,82,9.600000000000001
38,83,9.5
38,85,14.920000000000002
38,86,7.75
38,87,16.31875
38,88,18.733333333333334
38,89,16.18777777777778
38,91,15.459999999999999
38,92,10.911428571428571
38,95,7.948333333333333
38,97,15.850000000000001
38,100,16.184285714285714
38,101,5.57
38,102,11.365
38,112,13.97
38,116,19.0
38,119,17.1
38,121,8.85
38,122,1.7875
38,123,18.33
38,124,8.63
38,125,20.7
38,129,13.055
38,130,4.311891891891892
38,131,4.22
38,132,7.743333333333333
38,134,6.825
38,137,17.425
38,138,13.13
38,139,1.5074999999999998
38,140,13.641666666666666
38,141,16.950000000000003
38,142,20.12222222222222
38,143,19.1
38,144,23.63
38,147,16.77
38,148,17.91
38,152,17.9
38,155,15.26
38,157,12.524999999999999
38,160,13.62
38,161,16.742857142857144
38,162,15.55
38,163,21.53333333333333
38,164,16.54
38,165,16.09
38,166,19.033333333333335
38,168,17.2
38,169,16.939999999999998
38,170,17.613333333333333
38,173,13.45
38,175,4.6375
38,177,13.276666666666666
38,178,17.1
38,180,8.71
38,181,16.538
38,182,13.45
38,186,17.35
38,188,13.526896551724137
38,189,15.74
38,191,2.601176470588235
38,192,8.815000000000001
38,195,40.4
38,197,9.5125
38,203,3.2880000000000003
38,205,1.6743999999999999
38,209,15.200000000000001
38,210,15.266666666666666
38,213,15.15
38,215,3.3871428571428575
38,216,6.678888888888888
38,218,3.3839999999999995
38,219,5.013333333333333
38,222,9.35
38,223,13.844999999999999
38,225,13.61
38,226,13.594999999999999
38,227,19.6
38,228,22.2
38,229,17.19
38,230,22.731428571428573
38,231,18.716666666666665
38,232,18.0
38,233,17.166666666666668
38,234,18.9
38,237,18.259999999999998
38,238,18.95
38,239,19.156666666666666
38,241,16.6
38,242,18.1
38,243,18.7
38,244,17.682499999999997
38,246,15.600000000000001
38,247,17.3
38,253,12.5
38,254,16.8
38,255,13.9
38,256,16.67
38,258,9.654
38,261,19.275
38,263,15.7
39,4,12.4
39,7,16.578333333333333
39,8,2.12
39,9,13.55
39,10,8.253684210526316
39,11,10.404
39,12,16.035
39,13,12.322
39,14,12.654242424242424
39,15,15.22
39,16,14.95
39,17,5.035714285714286
39,18,20.53333333333333
39,19,16.1
39,20,11.9
39,21,8.134117647058824
39,22,9.00470588235294
39,25,7.109999999999999
39,26,8.186
39,27,9.88
39,28,9.721176470588235
39,29,6.982857142857143
39,33,7.218918918918919
39,34,6.37
39,35,2.352616279069767
39,36,5.113333333333333
39,37,4.983636363636364
39,38,12.028666666666668
39,40,6.720000000000001
39,41,17.541249999999998
39,42,17.22206896551724
39,43,16.99
39,45,13.886666666666665
39,46,20.3
39,47,19.108333333333334
39,48,14.494285714285713
39,49,5.7890243902439025
39,50,16.205
39,51,21.468
39,52,9.1675
39,53,12.92
39,54,7.050000000000001
39,55,9.194807692307693
39,56,10.375
39,60,19.975
39,61,3.6196581196581197
39,62,3.928170731707317
39,63,4.516153846153847
39,65,7.324166666666667
39,66,9.674999999999999
39,67,13.4275
39,68,15.510222222222223
39,69,24.14
39,70,11.025
39,71,2.829090909090909
39,72,1.9178061224489795
39,74,16.92142857142857
39,75,16.17804347826087
39,76,2.755905797101449
39,77,2.5888888888888886
39,78,18.84705882352941
39,79,11.066666666666668
39,80,6.1691666666666665
39,81,20.6
39,82,8.72
39,83,11.836363636363636
39,85,3.7419444444444445
39,86,12.644499999999999
39,87,11.427209302325581
39,88,10.885
39,89,3.355862068965517
39,90,11.666666666666666
39,91,2.3690707964601767
39,92,13.16777777777778
39,93,11.018
39,94,25.450000000000003
39,95,9.969090909090909
39,96,6.545
39,97,6.450727272727273
39,98,11.153333333333334
39,100,13.408695652173913
39,101,15.6
39,102,5.45125
39,106,7.897142857142858
39,107,11.849047619047619
39,108,8.834666666666667
39,111,5.91
39,112,11.074285714285713
39,113,11.1
39,114,10.1
39,116,16.668333333333333
39,117,11.60142857142857
39,119,19.146666666666665
39,121,10.277857142857142
39,122,11.608333333333334
39,123,5.92975
39,124,5.193125
39,125,9.203333333333333
39,126,19.5
39,127,24.94
39,129,12.1
39,130,9.89875
39,131,10.799999999999999
39,132,6.974347826086956
39,133,4.79
39,134,8.45
39,135,10.902
39,136,22.673333333333336
39,137,12.42611111111111
39,138,28.1
39,139,10.018823529411764
39,140,14.070465116279069
39,141,12.555555555555555
39,142,14.155555555555557
39,143,14.649999999999999
39,144,8.333333333333334
39,145,12.798235294117646
39,146,14.36
39,147,17.400000000000002
39,148,8.7
39,149,4.446
39,150,6.435600000000001
39,151,14.266666666666666
39,152,52.1
39,154,5.28
39,155,2.9376875
39,157,10.536666666666667
39,158,21.83
39,159,16.40222222222222
39,160,9.813333333333334
39,161,14.414827586206895
39,162,14.672222222222224
39,163,15.15
39,164,14.770000000000001
39,165,3.921190476190476
39,166,18.3025
39,167,8.8425
39,168,19.31
39,169,19.099999999999998
39,170,14.058378378378377
39,171,14.049999999999999
39,174,19.654
39,175,13.299999999999999
39,177,3.123
39,178,4.33
39,179,15.633333333333333
39,180,5.469166666666666
39,181,6.383370786516854
39,182,19.075
39,183,21.04
39,185,19.655
39,186,13.293636363636363
39,188,3.3746636771300444
39,189,5.542631578947368
39,190,4.93
39,191,12.421600000000002
39,192,10.41
39,193,12.710769230769232
39,194,18.3
39,195,8.336666666666666
39,196,8.18625
39,197,7.666428571428571
39,198,6.5489999999999995
39,200,26.46
39,201,8.855
39,202,14.655555555555557
39,203,10.700666666666667
39,205,10.0
39,207,13.425
39,208,16.7
39,209,9.604615384615384
39,210,5.78625
39,212,18.78
39,213,18.524
39,215,9.175714285714285
39,216,6.638250000000001
39,217,9.209999999999999
39,218,9.3576
39,219,9.293809523809523
39,220,23.99666666666667
39,222,1.842295081967213
39,223,14.845
39,225,4.9210810810810806
39,226,11.448333333333332
39,227,12.2275
39,228,12.407037037037037
39,229,16.8
39,230,13.085625
39,231,11.48625
39,232,9.086923076923076
39,233,11.788888888888888
39,234,13.857142857142858
39,235,15.86
39,236,15.13625
39,237,16.335714285714285
39,238,16.83222222222222
39,239,14.433333333333332
39,242,20.14
39,243,20.5
39,244,17.618235294117646
39,246,12.04375
39,247,20.765
39,249,13.583333333333334
39,250,15.633333333333335
39,252,14.283333333333333
39,254,19.7
39,255,7.335
39,256,6.65875
39,257,8.758
39,258,6.1994444444444445
39,259,21.0
39,260,12.55
39,261,12.274347826086956
39,262,13.86
39,263,17.73
40,4,5.183333333333334
40,7,10.527692307692309
40,10,18.18
40,11,7.413333333333334
40,12,3.53
40,13,3.0076923076923077
40,14,5.4085
40,17,3.4626666666666663
40,19,19.29
40,21,7.713333333333334
40,22,6.273333333333333
40,23,14.69
40,24,10.75
40,25,1.0632
40,26,5.526666666666666
40,28,14.165
40,29,10.645
40,31,20.94
40,33,1.1725471698113208
40,34,3.725
40,35,5.255714285714285
40,36,5.708333333333333
40,37,5.535217391304348
40,39,7.1475
40,41,13.263333333333334
40,42,12.807500000000001
40,43,9.5875
40,45,3.4416666666666664
40,48,7.292222222222222
40,49,2.6268421052631576
40,50,8.094
40,52,0.9440909090909091
40,53,17.08
40,54,0.8361538461538461
40,55,11.245000000000001
40,56,11.6
40,61,3.258974358974359
40,62,2.5725
40,63,7.286666666666666
40,64,17.1
40,65,1.5760714285714283
40,66,1.9291304347826086
40,67,5.658333333333332
40,68,6.0920000000000005
40,71,7.626666666666666
40,74,10.100000000000001
40,75,10.595555555555556
40,76,7.104444444444444
40,77,5.745
40,79,4.8875
40,80,5.291764705882352
40,81,10.399999999999999
40,82,9.7275
40,83,7.93
40,85,3.8
40,87,3.3615000000000004
40,88,3.8358333333333334
40,89,4.1866666666666665
40,90,5.933333333333334
40,91,7.213333333333334
40,95,12.516666666666666
40,96,9.37
40,97,1.8903846153846153
40,100,7.548571428571429
40,102,8.746666666666666
40,106,1.0436
40,107,6.0777777777777775
40,112,6.001666666666666
40,113,4.848181818181818
40,114,4.583076923076923
40,116,11.2
40,117,22.75
40,119,11.8
40,121,14.785
40,123,6.948333333333333
40,125,4.2425
40,129,7.9887500000000005
40,130,10.565000000000001
40,132,18.745384615384616
40,133,3.8425
40,134,10.02
40,135,13.395
40,137,6.526666666666667
40,138,12.475
40,140,8.63945945945946
40,141,8.921818181818182
40,142,8.587272727272726
40,143,8.627142857142857
40,144,3.7626923076923076
40,145,8.143333333333333
40,146,9.12
40,148,3.9412000000000003
40,149,6.355
40,150,12.7425
40,151,9.9425
40,152,14.17
40,154,14.88
40,155,13.8
40,157,7.589999999999999
40,158,4.550909090909091
40,160,9.03
40,161,8.2128
40,162,8.478214285714285
40,163,8.276521739130434
40,164,6.932857142857143
40,165,7.5625
40,166,10.85375
40,167,17.54
40,168,10.1
40,169,24.3
40,170,7.139428571428572
40,177,5.211111111111111
40,178,5.9
40,179,11.46
40,181,1.4316483516483516
40,186,6.646428571428571
40,188,3.2624
40,189,2.078148148148148
40,190,2.35
40,191,19.05
40,195,1.14425
40,198,7.911333333333333
40,201,18.3
40,202,9.18
40,203,20.3
40,206,12.05
40,208,19.66
40,209,3.55125
40,210,12.5525
40,211,4.121111111111111
40,213,16.3
40,214,10.66
40,216,22.335
40,217,4.47
40,218,23.630000000000003
40,221,10.145
40,223,11.690000000000001
40,224,5.428
40,225,4.458823529411765
40,226,7.650000000000001
40,227,3.738888888888889
40,228,2.6654545454545455
40,229,7.920000000000001
40,230,7.463809523809524
40,231,3.281694915254237
40,232,4.4470833333333335
40,233,7.014375
40,234,5.570606060606061
40,236,10.199333333333334
40,237,9.099545454545455
40,238,9.254285714285714
40,239,9.575333333333333
40,244,14.986
40,246,5.862333333333334
40,247,15.5
40,249,4.984285714285714
40,255,5.398214285714286
40,256,4.8148275862068965
40,257,2.901666666666667
40,258,11.1
40,260,9.6925
40,261,2.687878787878788
40,262,9.093333333333334
40,263,9.783333333333333
41,1,22.725806451612904
41,3,9.44
41,4,7.648061224489796
41,7,5.115882352941177
41,10,15.37875
41,12,9.84
41,13,9.301929824561403
41,14,15.485000000000001
41,15,12.0
41,16,13.735
41,17,11.315833333333332
41,18,6.9573809523809516
41,19,17.876666666666665
41,20,7.1112
41,21,16.25
41,24,0.9490769230769232
41,25,9.58074074074074
41,26,16.695
41,28,14.575000000000001
41,29,22.490000000000002
41,31,8.048
41,32,8.558
41,33,10.121818181818183
41,34,12.173333333333332
41,35,15.3345
41,36,10.674666666666667
41,37,11.904594594594595
41,39,19.625
41,40,11.276666666666666
41,42,1.2692502004811548
41,43,1.6771739130434784
41,44,34.83
41,45,9.279130434782608
41,46,12.85
41,47,4.961463414634146
41,48,4.417706422018348
41,49,11.490909090909092
41,50,4.655058365758754
41,51,10.593623188405797
41,52,13.04
41,53,10.085
41,55,17.150000000000002
41,56,9.90125
41,57,8.15
41,58,8.103333333333333
41,59,6.385
41,60,5.823846153846153
41,61,13.253599999999999
41,62,13.943333333333333
41,63,15.738333333333335
41,64,14.6
41,65,10.383
41,66,10.987692307692308
41,67,16.0
41,68,5.693005617977528
41,69,3.288684210526316
41,70,7.306923076923076
41,71,13.95
41,72,15.485714285714286
41,73,11.366666666666667
41,74,1.0915051258154707
41,75,1.4307741559953435
41,76,16.852285714285717
41,77,16.01642857142857
41,78,6.028367346938775
41,79,7.510949720670391
41,80,9.906875
41,81,10.917586206896551
41,82,8.63
41,83,7.218000000000001
41,85,15.118461538461538
41,86,19.740000000000002
41,87,9.803246753246754
41,88,9.833975903614459
41,89,15.278846153846153
41,90,6.616041666666667
41,91,18.565
41,92,9.491428571428571
41,93,7.54
41,94,6.048571428571429
41,95,11.299090909090909
41,96,11.6
41,97,9.461538461538462
41,98,13.9
41,100,5.226496815286624
41,102,12.994
41,106,12.6
41,107,6.439141104294478
41,112,9.059999999999999
41,113,6.564418604651163
41,114,7.639864864864865
41,115,22.375
41,116,1.8240245148110317
41,117,15.483333333333334
41,118,23.26
41,119,3.5066176470588233
41,120,3.356470588235294
41,121,11.33
41,122,14.688999999999998
41,123,19.566666666666666
41,125,7.371818181818182
41,126,4.995263157894737
41,127,5.375573770491804
41,128,5.860952380952381
41,129,6.53875
41,130,12.886296296296296
41,131,15.3
41,132,17.55010989010989
41,133,15.589090909090908
41,134,14.241666666666667
41,135,12.228
41,136,5.761290322580645
41,137,6.055694444444445
41,138,7.594232209737828
41,139,16.99
41,140,3.6772164948453607
41,141,3.371698113207547
41,142,2.887474302496329
41,143,3.3109968847352023
41,144,8.545135135135135
41,145,6.6445454545454545
41,146,5.7775
41,147,4.675625
41,148,8.3515
41,149,16.783333333333335
41,151,1.281822429906542
41,152,1.2111858974358973
41,153,6.622222222222223
41,157,7.5
41,158,7.263235294117647
41,159,2.793548387096774
41,160,11.67
41,161,4.035140664961637
41,162,4.442934782608695
41,163,3.655993377483443
41,164,5.377276785714286
41,165,16.0
41,166,1.007643277986074
41,167,3.731272727272727
41,168,2.408424242424242
41,169,5.033333333333333
41,170,5.253541666666666
41,171,8.9
41,173,8.515
41,174,8.358205128205128
41,175,15.52
41,177,15.548
41,178,16.885
41,179,4.765
41,181,11.635
41,182,7.206896551724138
41,183,9.448571428571428
41,184,9.9175
41,185,7.9079999999999995
41,186,5.699766355140187
41,187,24.27
41,188,13.724444444444444
41,189,12.536
41,190,11.9
41,191,15.430000000000001
41,192,10.2875
41,193,6.34375
41,194,2.9804761904761903
41,195,12.326
41,196,9.866666666666667
41,197,13.04125
41,198,10.533333333333333
41,200,8.879375
41,201,19.22
41,202,5.795833333333333
41,203,18.8
41,205,16.630000000000003
41,206,24.12
41,208,8.253846153846153
41,209,9.086533333333334
41,210,16.45
41,211,8.25953488372093
41,212,6.039375
41,213,6.316545454545455
41,215,14.197333333333335
41,216,14.215
41,217,12.236666666666666
41,218,17.015555555555554
41,219,16.191666666666666
41,220,7.566666666666667
41,222,16.933333333333334
41,223,5.487619047619047
41,224,6.694545454545454
41,225,13.105714285714287
41,226,7.239
41,227,15.049999999999999
41,228,13.17764705882353
41,229,4.47796178343949
41,230,4.5441521739130435
41,231,9.0636875
41,232,8.128
41,233,5.320650406504066
41,234,6.183945578231293
41,235,4.885833333333334
41,236,2.1002264600715135
41,237,3.032509505703422
41,238,1.6852129963898916
41,239,2.2614219653179193
41,240,9.103333333333333
41,241,6.7188888888888885
41,242,8.64
41,243,4.683453237410072
41,244,3.1372222222222224
41,246,5.796265560165976
41,247,2.741702127659574
41,248,6.653846153846154
41,249,7.025657894736843
41,250,8.224375
41,252,10.501999999999999
41,254,9.647213114754098
41,255,9.774285714285714
41,256,9.783333333333333
41,257,9.633333333333333
41,258,20.71
41,259,10.089310344827588
41,260,6.77
41,261,9.516851851851852
41,262,2.7663197026022304
41,263,2.365416666666667
42,1,26.488333333333333
42,3,10.133888888888889
42,4,7.750888888888889
42,7,5.64125
42,10,14.287777777777778
42,12,11.33
42,13,9.87840909090909
42,14,8.2
42,16,12.63076923076923
42,17,12.056666666666667
42,18,6.296666666666667
42,20,5.030625
42,21,15.4
42,23,26.78333333333333
42,24,2.0545945945945947
42,25,10.513181818181819
42,26,15.25
42,28,10.404285714285715
42,31,7.309
42,32,7.811290322580645
42,33,10.360000000000001
42,34,11.15
42,35,17.438235294117646
42,36,10.555
42,37,12.138076923076925
42,38,20.35
42,39,18.545714285714286
42,40,12.56
42,41,1.142728418399496
42,43,2.4250335570469796
42,45,9.817415730337078
42,46,10.31111111111111
42,47,3.7184444444444447
42,48,6.090599999999999
42,49,13.26551724137931
42,50,5.966153846153847
42,51,9.714285714285714
42,52,11.0
42,53,10.92
42,54,13.52
42,55,20.2125
42,56,10.84
42,58,6.98
42,59,5.08
42,60,5.1616
42,61,13.57765625
42,62,13.152105263157894
42,63,16.183333333333334
42,64,14.15
42,65,10.485416666666667
42,66,11.072222222222223
42,67,16.2
42,68,7.140387323943662
42,69,2.256417910447761
42,70,6.92
42,71,15.4625
42,72,13.219999999999999
42,74,1.6173176661264181
42,75,2.472726347914547
42,76,17.167758620689657
42,77,17.154
42,78,5.4534782608695656
42,79,8.201969696969698
42,80,10.692941176470589
42,81,10.181463414634147
42,82,8.89
42,83,6.79
42,85,16.57857142857143
42,86,22.261599999999998
42,87,10.261410256410256
42,88,10.435070422535212
42,89,16.008125
42,90,7.74453488372093
42,91,18.629166666666666
42,92,9.963636363636363
42,93,11.114999999999998
42,94,4.5552631578947365
42,95,11.097
42,97,12.033478260869565
42,100,6.713211009174312
42,101,2.8
42,102,13.45
42,106,11.7
42,107,7.589354838709678
42,108,18.0
42,112,8.92608695652174
42,113,8.100566037735849
42,114,8.972380952380952
42,116,1.164676056338028
42,117,22.685714285714287
42,119,2.036875
42,120,2.4913636363636367
42,121,12.021785714285715
42,122,20.533333333333335
42,123,20.68166666666667
42,124,18.69
42,125,9.205333333333332
42,126,4.473636363636364
42,127,3.997025089605735
42,128,4.423846153846154
42,129,6.885000000000001
42,130,12.729999999999999
42,131,16.3375
42,132,17.864666666666665
42,133,4.6
42,134,11.863636363636363
42,135,13.028333333333334
42,136,4.700810810810811
42,137,7.099719626168224
42,138,7.717105263157895
42,139,21.5
42,140,4.60388679245283
42,141,4.658725490196079
42,142,4.550176991150442
42,143,4.931438356164383
42,144,9.28888888888889
42,145,7.130526315789473
42,146,6.168571428571428
42,147,3.195952380952381
42,148,9.228916666666667
42,149,17.3
42,150,20.844375
42,151,2.300096153846154
42,152,1.1977556818181818
42,153,5.566666666666666
42,155,19.8
42,157,8.21
42,158,7.848181818181818
42,159,1.8283760683760684
42,160,10.23
42,161,5.510265151515152
42,162,5.633136094674557
42,163,5.237371794871795
42,164,6.634191176470588
42,165,18.005000000000003
42,166,1.684566210045662
42,167,2.857027027027027
42,168,1.7054961832061069
42,169,3.594126984126984
42,170,6.4631410256410255
42,171,9.85
42,173,9.0
42,174,8.010188679245283
42,177,14.197000000000001
42,178,18.02
42,179,5.455384615384616
42,180,18.875
42,181,13.373913043478263
42,182,6.683015873015872
42,183,9.385384615384616
42,184,11.09
42,185,7.628529411764706
42,186,7.244093959731544
42,188,14.160416666666668
42,189,12.763333333333334
42,190,15.065
42,191,16.325
42,192,11.81
42,193,6.16
42,194,2.9099999999999997
42,195,12.807500000000001
42,196,9.892
42,197,13.745333333333333
42,198,13.35
42,200,7.402592592592593
42,201,18.49125
42,202,6.99875
42,203,17.0
42,205,15.08375
42,208,8.002954545454545
42,209,10.15548387096774
42,210,25.3
42,211,9.208888888888888
42,212,5.2195833333333335
42,213,6.0406097560975605
42,215,15.454761904761906
42,216,14.863333333333335
42,217,11.629999999999999
42,218,16.021212121212123
42,220,6.1854
42,222,16.7475
42,223,5.21421052631579
42,224,7.4825
42,225,12.619375
42,226,7.680566037735849
42,227,14.4
42,228,13.15421052631579
42,229,5.595529411764706
42,230,6.215803921568627
42,231,9.650238095238096
42,232,8.987142857142857
42,233,6.02659793814433
42,234,7.675660377358491
42,235,3.508395061728395
42,236,3.2086477987421382
42,237,4.336521739130435
42,238,2.9562407862407865
42,239,3.5114606741573033
42,240,7.6054545454545455
42,241,6.161777777777777
42,242,8.409607843137255
42,243,3.6012422360248446
42,244,2.3461527377521616
42,246,6.82662447257384
42,247,1.4823417721518988
42,248,6.2245
42,249,8.501641791044776
42,250,7.1613953488372095
42,252,10.5825
42,254,8.613417721518989
42,255,13.138571428571428
42,256,11.388918918918918
42,257,16.799999999999997
42,258,12.876
42,259,9.375869565217391
42,260,5.902727272727273
42,261,10.736595744680852
42,262,3.5425641025641026
42,263,3.321308016877637
43,1,19.177857142857142
43,4,4.811153846153847
43,7,4.282291666666667
43,9,14.67
43,10,17.676666666666666
43,12,6.903333333333332
43,13,6.904097859327217
43,14,15.901428571428571
43,16,15.63
43,17,9.412307692307692
43,18,14.31
43,20,10.04
43,21,19.365000000000002
43,22,17.26
43,24,2.0084189723320156
43,25,9.473513513513513
43,26,15.082222222222223
43,29,20.14
43,31,10.715000000000002
43,32,9.965
43,33,8.738857142857142
43,34,9.09
43,35,13.5
43,36,8.488
43,37,8.475
43,38,24.04
43,40,9.8172
43,41,2.085121387283237
43,42,2.87952802359882
43,45,6.4581904761904765
43,46,13.39
43,47,4.8066666666666675
43,48,2.123839045051983
43,49,9.717857142857143
43,50,2.098115543328748
43,51,13.33
43,52,9.633333333333335
43,53,10.06
43,54,9.584999999999999
43,55,21.36
43,56,9.233333333333333
43,60,7.44
43,61,11.161176470588236
43,62,11.73
43,63,17.52
43,64,16.84
43,65,8.624324324324325
43,66,8.3416
43,67,14.72
43,68,2.9987545219638245
43,69,5.419999999999999
43,70,8.15
43,71,13.452000000000002
43,72,13.65
43,74,2.273640776699029
43,75,1.5566461808604037
43,76,14.6
43,78,7.945
43,79,4.505023847376789
43,80,7.5125
43,82,7.065833333333334
43,83,5.865714285714286
43,86,18.2
43,87,7.079521739130435
43,88,7.238383838383839
43,89,13.289090909090909
43,90,3.203063583815029
43,91,1.37
43,92,10.842
43,93,13.16
43,94,10.3
43,95,10.320645161290322
43,97,9.211818181818183
43,100,2.1710900832702498
43,102,9.18
43,106,10.82
43,107,3.226073619631902
43,112,5.102571428571428
43,113,3.4173644388398485
43,114,4.324028103044497
43,116,4.297485380116959
43,119,5.6375
43,120,6.02
43,121,12.165
43,123,17.36
43,124,13.71
43,125,4.956175115207373
43,126,7.13
43,127,8.181333333333335
43,128,7.2825
43,129,6.375806451612903
43,130,17.59
43,131,12.685
43,132,18.219537892791127
43,133,12.6
43,134,12.366666666666667
43,135,11.13
43,136,7.175999999999999
43,137,3.3604242424242425
43,138,9.844274193548388
43,140,1.6495808704997312
43,141,1.3368930041152263
43,142,1.304217314202805
43,143,1.5284982788296042
43,144,5.044588477366255
43,145,3.326017699115044
43,146,3.2804
43,147,4.3
43,148,5.590867208672087
43,151,1.7158634274458306
43,152,3.420909090909091
43,153,7.43
43,155,17.275
43,157,6.883333333333333
43,158,4.448868940754039
43,159,4.45
43,160,9.05
43,161,1.4424564325986673
43,162,1.6492950299612268
43,163,1.3233133865248228
43,164,2.1719676432007
43,165,15.0725
43,166,2.5266757741347905
43,167,6.695
43,168,4.959444444444444
43,169,6.800000000000001
43,170,2.1580847457627117
43,171,9.1
43,172,21.8
43,174,14.27
43,177,13.96
43,178,14.413333333333332
43,179,4.539722222222222
43,180,15.685
43,181,10.777777777777779
43,182,10.633333333333333
43,183,11.55
43,185,12.350000000000001
43,186,2.5163524590163937
43,188,12.092857142857143
43,189,9.980666666666668
43,190,11.697142857142856
43,193,4.932777777777778
43,194,4.66
43,195,8.8725
43,196,9.638
43,197,14.0225
43,198,9.436666666666667
43,200,10.2
43,202,5.053636363636364
43,204,37.8
43,206,23.3
43,208,10.966666666666667
43,209,6.764117647058824
43,210,23.61
43,211,4.670303687635576
43,212,6.61
43,213,10.153333333333334
43,216,17.035454545454545
43,217,9.111428571428572
43,219,27.63
43,220,9.4808
43,222,17.9
43,223,5.679473684210526
43,224,4.166132075471698
43,225,8.641818181818183
43,226,4.379545454545455
43,227,14.65
43,228,12.27
43,229,1.763981308411215
43,230,1.770953002610966
43,231,6.065954323001631
43,232,5.904017094017094
43,233,2.248948051948052
43,234,2.770374435119432
43,235,7.128
43,236,1.2330835650519538
43,237,1.1125628491620112
43,238,1.4298681318681319
43,239,1.3373724231159174
43,240,8.28
43,241,7.9959999999999996
43,242,12.2525
43,243,7.281363636363636
43,244,5.712067039106145
43,246,3.1551748750892217
43,247,5.207692307692308
43,248,9.605
43,249,3.9620506329113923
43,250,9.62
43,252,15.4875
43,254,13.043333333333331
43,255,6.691451612903226
43,256,7.750816326530613
43,257,12.5
43,258,6.565
43,260,5.5142105263157895
43,261,7.329727272727273
43,262,1.6941156691324815
43,263,1.376553173602354
45,1,14.928965517241378
45,3,13.7
45,4,1.773659793814433
45,7,9.336086956521738
45,11,10.17
45,12,1.512
45,13,1.6837810945273632
45,14,8.003571428571428
45,15,18.34
45,16,19.31
45,17,4.073404255319149
45,18,15.699999999999998
45,19,21.843333333333334
45,20,10.6
45,21,9.1
45,22,11.178571428571429
45,24,8.255500000000001
45,25,2.558684210526316
45,26,7.174285714285714
45,28,13.125
45,29,12.600000000000001
45,31,15.47
45,32,14.925
45,33,2.271855670103093
45,34,2.6425
45,35,6.845555555555555
45,36,5.5135
45,37,4.674545454545454
45,38,16.4
45,39,10.3
45,40,3.398125
45,41,9.24939393939394
45,42,10.094086021505376
45,43,6.197636363636364
45,47,10.899999999999999
45,48,4.3512704918032785
45,49,3.2844827586206895
45,50,4.357777777777778
45,51,16.375
45,52,2.706153846153846
45,53,13.3
45,54,3.352222222222222
45,55,14.58
45,56,8.466666666666667
45,57,12.91
45,58,15.96
45,60,12.55
45,61,4.662222222222222
45,62,4.685555555555556
45,63,7.633333333333333
45,65,2.023611111111111
45,66,1.8874666666666666
45,67,8.876666666666667
45,68,3.1727433628318584
45,69,12.234285714285715
45,70,10.39
45,71,7.397777777777778
45,72,7.36
45,73,11.7
45,74,8.398032786885246
45,75,7.511891891891892
45,76,10.184999999999999
45,77,8.0
45,78,12.952000000000002
45,79,1.4563352272727272
45,80,4.189285714285714
45,82,9.16
45,85,6.590000000000001
45,86,24.367142857142856
45,87,0.9486582809224319
45,88,1.3843951612903225
45,89,7.685263157894737
45,90,2.594489795918367
45,91,9.661428571428571
45,92,13.14
45,93,10.6
45,94,13.52
45,95,10.1475
45,97,2.6054666666666666
45,98,2.4
45,100,3.89253164556962
45,101,18.2
45,102,9.809999999999999
45,106,3.46875
45,107,2.133144876325088
45,108,14.3975
45,112,4.9332692307692305
45,113,1.7384792626728112
45,114,1.298556338028169
45,115,14.08
45,116,10.578157894736842
45,117,16.05
45,119,11.718
45,120,12.165
45,122,15.0
45,123,11.288888888888888
45,124,5.77
45,125,1.1801769911504425
45,126,12.215000000000002
45,127,12.757058823529412
45,128,14.22
45,129,9.045
45,130,13.933333333333332
45,131,14.09125
45,132,17.739912280701752
45,133,6.9750000000000005
45,136,14.1
45,137,2.9136986301369863
45,138,11.647864077669903
45,140,5.465655172413793
45,141,5.594109589041096
45,142,5.803979591836734
45,143,5.439111111111111
45,144,0.7744981412639406
45,145,6.47125
45,146,7.357142857142857
45,147,11.2
45,148,0.9019287211740042
45,149,10.186666666666667
45,151,7.581666666666667
45,152,10.094
45,153,13.7
45,155,18.435000000000002
45,157,6.780666666666666
45,158,2.150765027322404
45,159,10.81875
45,160,9.562000000000001
45,161,4.4775294117647055
45,162,4.375105633802817
45,163,5.232928571428571
45,164,3.301158536585366
45,165,8.5825
45,166,8.616181818181818
45,167,10.91
45,168,9.415
45,169,12.316666666666668
45,170,3.40820987654321
45,171,13.0
45,173,8.959999999999999
45,177,6.195
45,179,9.584444444444445
45,180,11.75
45,181,3.680454545454545
45,182,13.873636363636365
45,183,15.8
45,185,12.036666666666667
45,186,3.0008169934640523
45,188,5.131
45,189,3.6109375
45,190,3.9916666666666667
45,191,16.29
45,193,7.814
45,194,14.5
45,195,4.4911111111111115
45,196,8.5
45,197,13.836666666666666
45,198,6.982608695652174
45,200,14.375
45,201,19.8
45,202,7.83
45,203,21.700000000000003
45,205,17.04285714285714
45,208,14.6
45,209,0.7591608391608392
45,210,12.42421052631579
45,211,1.0223121387283238
45,213,12.125
45,214,12.67
45,215,14.3
45,216,13.316666666666666
45,217,3.2883333333333336
45,218,18.3
45,219,18.155
45,220,15.042000000000002
45,222,8.8
45,223,9.74470588235294
45,224,2.302375
45,225,4.700810810810811
45,226,6.797333333333333
45,227,7.058571428571428
45,228,6.2375
45,229,4.482911392405063
45,230,4.436164079822617
45,231,0.9117061611374407
45,232,1.0373252279635257
45,233,4.087860962566845
45,234,2.4655882352941174
45,235,10.6
45,236,6.756060606060606
45,237,5.5516312056737585
45,238,7.078200000000001
45,239,6.486890756302522
45,241,13.92
45,242,15.678
45,243,12.546857142857142
45,244,11.517692307692307
45,246,3.5144600938967137
45,247,11.692
45,249,1.8564596273291925
45,250,13.661538461538461
45,252,10.84
45,254,16.69666666666667
45,255,3.6526785714285714
45,256,2.8398529411764706
45,257,6.272
45,258,10.563333333333333
45,259,16.674
45,260,6.955
45,261,1.356
45,262,6.5626
45,263,6.571023622047244
46,17,18.3
46,18,7.49
46,19,14.66
46,20,6.775
46,32,5.97
46,35,18.4
46,38,16.9
46,41,17.433333333333334
46,42,10.961428571428572
46,47,6.37
46,48,16.33
46,49,18.1
46,50,24.07
46,51,4.62
46,58,4.42
46,60,9.39
46,61,17.400000000000002
46,69,9.1
46,74,10.35
46,75,11.25
46,77,17.633333333333333
46,78,7.87
46,79,16.6
46,81,5.945
46,86,26.9
46,90,18.48
46,94,6.380000000000001
46,100,15.299999999999999
46,108,31.67
46,113,18.04
46,114,15.6
46,116,11.465
46,119,0.6
46,127,7.4
46,131,13.2
46,140,13.605
46,142,16.7
46,145,13.7
46,147,8.7
46,148,16.3
46,153,10.5
46,158,16.4
46,166,12.7
46,169,9.81
46,171,10.2
46,174,6.75
46,175,11.7
46,182,6.156666666666666
46,183,3.39
46,184,2.685
46,185,5.123333333333333
46,188,25.4
46,195,24.03
46,200,13.18
46,208,4.32
46,213,7.446666666666666
46,222,22.2
46,230,13.9
46,231,18.3
46,232,18.4
46,235,9.96
46,238,12.2
46,241,7.075
46,243,11.049999999999999
46,244,11.3
46,247,11.843333333333334
46,248,8.18
46,250,5.73
46,252,10.19
46,254,6.35
46,256,14.9
46,259,6.775
47,3,3.7300000000000004
47,4,10.201666666666666
47,7,9.5
47,10,16.900000000000002
47,13,13.35
47,14,17.2
47,16,11.4
47,17,14.559999999999999
47,18,1.7852380952380953
47,19,14.8
47,20,1.6450000000000002
47,24,6.3
47,25,14.6
47,26,15.98
47,28,15.54
47,31,3.79
47,32,3.1077777777777778
47,33,13.8
47,34,13.24
47,35,17.080000000000002
47,36,17.61
47,37,15.434000000000001
47,38,16.525
47,39,18.311666666666667
47,41,5.043333333333333
47,42,3.545813953488372
47,43,5.32
47,45,12.379999999999999
47,46,9.39
47,48,9.837777777777777
47,49,14.225
47,50,9.211875
47,51,7.140000000000001
47,53,8.3
47,55,24.53
47,56,10.45
47,58,5.04
47,59,0.625
47,60,1.3578571428571429
47,61,16.725
47,62,18.4
47,63,16.05
47,65,13.745454545454544
47,66,16.25
47,68,11.088333333333333
47,69,1.5048275862068965
47,70,10.43
47,71,22.0875
47,72,17.975
47,74,4.904038461538462
47,75,5.653636363636363
47,76,17.64
47,78,1.25
47,79,12.55
47,80,11.633333333333333
47,81,8.73857142857143
47,82,7.0
47,85,17.4
47,86,20.8
47,87,12.43888888888889
47,88,12.411111111111111
47,89,17.65
47,90,12.32
47,91,19.119999999999997
47,92,8.15
47,93,11.3
47,94,1.779
47,95,12.506666666666666
47,97,13.55
47,100,9.342857142857143
47,102,15.9
47,107,10.231111111111112
47,108,22.775
47,112,12.643333333333333
47,113,5.3
47,114,11.3
47,116,3.780869565217391
47,117,19.133333333333336
47,119,2.1085000000000003
47,121,18.3
47,122,14.5
47,123,25.233333333333334
47,124,19.65
47,125,12.299999999999999
47,126,2.7429411764705884
47,127,3.436
47,128,4.21
47,129,8.7
47,130,14.674999999999999
47,131,11.733333333333334
47,132,18.72
47,134,13.915
47,135,12.53
47,136,2.7258333333333336
47,137,9.983181818181817
47,139,18.133333333333336
47,140,6.98875
47,141,6.305
47,142,9.03
47,143,10.59
47,144,10.4
47,145,10.95
47,146,9.154
47,147,2.3575
47,148,11.3
47,151,6.056
47,152,4.09
47,153,4.1000000000000005
47,157,12.0
47,159,2.193636363636364
47,160,3.9
47,161,9.986
47,162,10.233333333333333
47,163,8.082857142857142
47,164,10.82
47,165,20.549999999999997
47,166,5.53695652173913
47,167,2.2468749999999997
47,168,3.5610810810810807
47,169,1.2496774193548388
47,170,10.4475
47,173,10.795
47,174,5.003846153846154
47,177,16.65
47,179,5.7250000000000005
47,181,12.174999999999999
47,182,3.2761538461538464
47,183,4.88
47,185,3.820909090909091
47,186,11.94
47,188,17.183333333333334
47,191,15.0
47,193,6.9175
47,196,12.5
47,197,14.084615384615384
47,200,6.992
47,201,21.78333333333333
47,202,10.1
47,205,16.233333333333334
47,207,8.44
47,208,4.953
47,212,2.5716666666666668
47,213,4.055789473684211
47,215,16.89
47,216,15.2625
47,218,17.8
47,220,4.851999999999999
47,222,18.7
47,223,8.9175
47,224,8.7
47,225,17.869999999999997
47,226,10.770000000000001
47,230,9.728571428571428
47,231,12.395333333333333
47,232,11.27
47,233,9.584
47,234,13.29
47,235,2.073157894736842
47,236,5.9157142857142855
47,237,7.994285714285715
47,238,7.13
47,239,6.65
47,240,5.98
47,241,3.8923076923076922
47,242,4.710555555555556
47,243,3.3725
47,244,3.7590909090909093
47,246,10.309999999999999
47,247,1.94225
47,248,2.6
47,249,11.1
47,250,3.7409999999999997
47,254,5.562
47,256,13.395
47,257,16.8
47,258,14.51
47,259,6.934166666666666
47,261,13.100000000000001
47,262,5.8999999999999995
47,263,6.487272727272727
48,1,16.984310618066562
48,3,17.149285714285714
48,4,3.832388392857143
48,6,15.388333333333334
48,7,4.887207637231503
48,8,4.96
48,9,12.884
48,10,17.497647058823528
48,11,14.057999999999998
48,12,5.0155158730158735
48,13,4.335916149068323
48,14,12.262183908045976
48,15,15.75
48,16,14.225
48,17,8.402948717948718
48,18,11.2225
48,19,17.261666666666667
48,20,12.270666666666667
48,21,14.579999999999998
48,22,13.619499999999999
48,23,21.97
48,24,3.3662500000000004
48,25,7.358095238095238
48,26,11.847142857142858
48,27,25.9
48,28,11.652222222222223
48,29,15.3475
48,31,13.8275
48,32,13.2655
48,33,6.838938775510204
48,34,7.152105263157895
48,35,11.62142857142857
48,36,8.032352941176471
48,37,8.034571428571429
48,38,18.106
48,39,14.97294117647059
48,40,7.726444444444445
48,41,4.1821925509487
48,42,5.9374778404512485
48,43,1.8885106382978725
48,44,34.73
48,45,4.400188679245283
48,46,18.125
48,47,10.087142857142856
48,49,7.860826446280991
48,50,0.7890177592633194
48,51,15.968333333333334
48,52,7.683684210526315
48,53,15.333333333333334
48,54,8.053214285714287
48,55,15.715
48,56,9.1725
48,57,12.18
48,58,13.96
48,59,9.953333333333333
48,60,11.564444444444444
48,61,9.294489795918366
48,62,9.282580645161291
48,63,11.590769230769231
48,64,14.3
48,65,6.485877862595419
48,66,6.564172185430464
48,67,12.265
48,68,1.1179092865419633
48,69,9.031818181818181
48,70,9.58075
48,71,11.737142857142857
48,72,11.625333333333334
48,73,12.693999999999999
48,74,4.990140485312899
48,75,3.861167763157895
48,76,14.654736842105264
48,77,14.658333333333333
48,78,10.266666666666667
48,79,3.2597050021376655
48,80,6.926896551724138
48,81,14.9575
48,82,7.320425531914894
48,83,6.998333333333334
48,84,30.35
48,85,11.235
48,86,20.279090909090908
48,87,5.338378661087866
48,88,5.2611018363939905
48,89,11.1
48,90,1.6799272197962154
48,91,13.865454545454547
48,92,12.736400000000001
48,93,9.219090909090909
48,94,10.052222222222222
48,95,9.851269841269842
48,96,15.04
48,97,6.8999999999999995
48,98,13.355
48,100,0.8985128205128206
48,101,17.405
48,102,9.697894736842105
48,106,8.641081081081081
48,107,2.3467155290884105
48,108,15.714285714285714
48,111,9.5
48,112,4.973571428571429
48,113,2.593137789904502
48,114,2.876436394271272
48,115,19.41
48,116,6.2749323017408125
48,117,23.567500000000003
48,119,8.612037037037037
48,120,7.884444444444444
48,121,12.44
48,122,14.7225
48,123,16.09
48,124,13.05
48,125,3.069922178988327
48,126,10.203571428571427
48,127,9.146030927835051
48,128,9.54875
48,129,6.876402877697842
48,130,13.755714285714285
48,131,15.288333333333334
48,132,17.72014447236181
48,133,10.474444444444444
48,134,12.057692307692308
48,135,12.543000000000001
48,136,10.435217391304347
48,137,2.13793769470405
48,138,11.224304347826088
48,139,24.083333333333332
48,140,2.5618949133594184
48,141,2.286453534551231
48,142,1.0629454411403294
48,143,1.1932300336461839
48,144,3.585571161048689
48,145,3.7703908794788275
48,146,3.934639175257732
48,147,11.273333333333333
48,148,4.0550337837837835
48,149,14.606666666666667
48,150,19.11
48,151,3.06415626695605
48,152,5.231315789473684
48,153,10.751999999999999
48,154,23.3
48,155,18.87
48,157,6.627096774193548
48,158,2.1814616096207216
48,159,8.05923076923077
48,160,8.084444444444445
48,161,0.9822670974690361
48,162,1.2464899677978696
48,163,0.9435809987819732
48,164,1.3450193691200885
48,165,13.011724137931033
48,166,4.093072669826224
48,167,10.282307692307691
48,168,7.7769512195121955
48,169,9.064347826086957
48,170,1.4406607929515418
48,171,15.805
48,172,19.2
48,173,10.314615384615385
48,174,13.292499999999999
48,175,17.405714285714286
48,176,21.71
48,177,12.027222222222223
48,178,13.233333333333334
48,179,5.2384615384615385
48,180,13.053333333333333
48,181,8.702242647058824
48,182,11.886086956521739
48,183,13.56875
48,184,15.13
48,185,13.699666666666667
48,186,1.1608200503355706
48,187,22.02
48,188,10.105223880597014
48,189,8.213055555555556
48,190,8.58
48,191,16.634
48,192,13.799999999999999
48,193,4.3882
48,194,8.254444444444445
48,195,8.248285714285714
48,196,8.52
48,197,14.333076923076923
48,198,7.9277500000000005
48,200,11.434
48,201,22.58666666666667
48,202,4.8
48,203,21.24285714285714
48,204,19.6
48,205,15.08
48,206,17.893333333333334
48,207,7.760000000000001
48,208,14.5
48,209,5.083083003952569
48,210,18.216
48,211,3.269
48,212,11.535555555555554
48,213,11.58
48,214,17.005
48,215,15.45
48,216,12.778947368421052
48,217,6.304736842105264
48,218,19.641428571428573
48,219,18.174
48,220,10.493205128205128
48,222,18.15
48,223,6.358693467336684
48,224,2.9519868995633187
48,225,8.560816326530613
48,226,4.542542372881356
48,227,11.274999999999999
48,228,9.546515151515152
48,229,1.5840201879568396
48,230,0.7147051343188683
48,231,3.8272513743128433
48,232,4.646952965235174
48,233,1.5366498231430017
48,234,1.938535673187572
48,235,9.222068965517241
48,236,2.864904720023454
48,237,1.8653792207792208
48,238,2.4302804151026716
48,239,1.7427059496567505
48,240,13.003333333333332
48,241,11.300384615384615
48,242,13.438333333333333
48,243,8.26191135734072
48,244,7.0364301389904895
48,246,1.2006536955748013
48,247,8.624237288135593
48,248,11.746842105263157
48,249,2.2568945068664172
48,250,12.567777777777778
48,251,21.646666666666665
48,252,16.6
48,254,13.613225806451613
48,255,6.411734104046243
48,256,6.661497005988024
48,257,10.006212121212121
48,258,11.0225
48,259,13.970799999999999
48,260,5.759242424242425
48,261,4.83641810918775
48,262,3.37497982243745
48,263,3.2270567375886525
49,1,16.435000000000002
49,3,17.98
49,4,4.4263157894736835
49,7,8.024285714285714
49,9,12.59
49,10,12.77
49,11,11.193333333333333
49,13,4.604705882352941
49,14,8.129090909090909
49,16,13.7
49,17,1.249017857142857
49,18,16.705
49,20,17.58
49,21,7.327
49,22,7.7225
49,24,11.84625
49,25,1.8636144578313254
49,26,5.57375
49,28,11.44
49,29,11.01
49,33,2.048024691358025
49,34,1.27
49,35,4.190392156862745
49,36,2.942894736842105
49,37,2.7498387096774195
49,39,5.730540540540541
49,40,2.54
49,41,12.068
49,42,12.626666666666667
49,43,9.428
49,45,3.2674999999999996
49,47,11.944444444444445
49,48,7.214074074074074
49,50,7.672727272727273
49,51,16.315714285714286
49,52,2.5523529411764705
49,53,11.4
49,54,2.895
49,55,11.508750000000001
49,56,8.661176470588236
49,60,14.26
49,61,2.096455696202532
49,62,2.194736842105263
49,63,5.2907692307692304
49,64,14.94
49,65,1.5862857142857143
49,66,2.189047619047619
49,67,7.6
49,68,6.060540540540541
49,69,13.05
49,70,9.552
49,71,3.819268292682927
49,72,3.847352941176471
49,73,11.77
49,74,10.887777777777778
49,75,10.775813953488372
49,76,5.307499999999999
49,77,4.461875
49,78,15.06625
49,79,4.277926829268293
49,80,2.617142857142857
49,81,19.732
49,82,6.969444444444445
49,83,7.859999999999999
49,85,3.655945945945946
49,86,16.693076923076923
49,87,3.860666666666667
49,88,4.3122727272727275
49,89,3.41671875
49,90,5.358846153846153
49,91,5.4640625
49,92,11.513076923076921
49,93,10.3
49,95,7.506363636363637
49,96,5.4025
49,97,1.1222727272727273
49,98,12.8
49,100,6.8116666666666665
49,102,4.779999999999999
49,106,2.3204545454545453
49,107,4.688571428571429
49,108,6.382
49,112,3.4149333333333334
49,113,4.3604
49,114,4.338
49,116,13.517142857142858
49,117,17.179375
49,118,14.75
49,119,13.306999999999999
49,121,11.696666666666667
49,122,12.8
49,123,10.25
49,124,7.159999999999999
49,125,3.995625
49,126,15.9
49,127,15.836666666666668
49,129,7.243333333333334
49,130,12.053333333333333
49,131,12.940000000000001
49,132,12.31843137254902
49,133,4.285333333333333
49,134,9.323529411764707
49,135,10.525
49,136,13.7
49,137,5.699791666666666
49,138,9.850877192982455
49,139,13.09875
49,140,8.46653846153846
49,141,8.520434782608696
49,142,7.977826086956522
49,143,8.497272727272728
49,144,3.442833333333333
49,145,5.233529411764706
49,146,6.626666666666666
49,147,13.7
49,148,3.4801298701298697
49,149,5.8375
49,150,12.41
49,151,11.203636363636363
49,152,13.274000000000001
49,155,6.55
49,157,4.8109090909090915
49,158,4.753888888888889
49,159,8.0
49,161,7.639545454545455
49,162,7.313750000000001
49,163,7.899130434782609
49,164,6.079791666666666
49,165,5.059200000000001
49,166,12.573333333333332
49,167,12.523076923076925
49,168,13.79625
49,169,17.223333333333333
49,170,6.464736842105263
49,171,14.135
49,173,10.0
49,174,17.95
49,175,13.9
49,177,3.9657999999999998
49,178,5.6
49,179,9.39
49,180,5.84
49,181,2.029137931034483
49,182,15.47272727272727
49,185,17.996000000000002
49,186,5.823448275862069
49,188,2.5536363636363637
49,189,1.246140350877193
49,190,1.7175
49,191,14.625
49,192,11.79
49,193,6.734999999999999
49,194,13.8
49,195,3.9766666666666666
49,196,8.08
49,197,11.263333333333334
49,198,3.795686274509804
49,201,13.399000000000001
49,202,6.975
49,203,13.581818181818182
49,205,13.873684210526317
49,206,12.5
49,208,16.6
49,209,8.312857142857142
49,210,13.68
49,211,3.8175675675675675
49,212,15.729999999999999
49,213,13.408888888888889
49,215,12.354
49,216,9.896428571428572
49,217,1.4478947368421053
49,218,12.49625
49,219,12.2425
49,220,16.222
49,222,6.010714285714286
49,223,8.698571428571428
49,224,5.2444444444444445
49,225,1.9632941176470589
49,226,6.021578947368421
49,227,5.734999999999999
49,228,4.970277777777778
49,229,7.206666666666666
49,230,7.49
49,231,3.750909090909091
49,232,4.927391304347826
49,233,7.13625
49,234,5.277777777777778
49,235,14.75
49,236,9.93090909090909
49,237,8.169130434782607
49,238,9.9875
49,239,9.205
49,240,18.92
49,241,19.4
49,242,17.75
49,243,15.724
49,244,12.436666666666667
49,246,6.059347826086957
49,247,13.205
49,248,14.413999999999998
49,249,4.933666666666666
49,250,12.5625
49,252,13.24
49,254,19.85
49,255,2.7130379746835445
49,256,2.147377049180328
49,257,3.1282352941176472
49,258,7.925
49,259,19.05
49,260,7.66
49,261,4.369677419354839
49,262,9.34
49,263,9.889444444444443
50,1,16.75225806451613
50,3,14.79
50,4,4.188655462184874
50,7,5.383148148148148
50,8,5.303333333333334
50,10,20.41714285714286
50,11,17.61
50,12,4.683809523809524
50,13,4.010238095238096
50,14,11.863684210526316
50,15,15.37
50,16,16.45
50,17,8.67
50,18,11.680000000000001
50,19,17.59
50,20,10.94888888888889
50,21,14.035555555555554
50,22,13.695714285714287
50,24,3.2644021739130435
50,25,7.26304347826087
50,26,11.1625
50,27,24.96
50,28,19.1
50,29,15.800000000000002
50,31,12.125
50,32,12.98
50,33,6.762222222222222
50,34,6.678
50,35,14.501
50,36,8.893333333333333
50,37,8.2676
50,38,20.1
50,39,11.8
50,40,7.4736
50,41,4.375271084337349
50,42,5.957509433962264
50,43,2.279789156626506
50,45,4.300254237288136
50,47,9.357692307692307
50,48,0.7690855704697986
50,49,7.833043478260869
50,51,16.273333333333333
50,52,7.232857142857142
50,53,15.440000000000001
50,54,6.4
50,55,17.6625
50,56,8.412
50,57,12.79
50,58,14.12
50,60,10.428
50,61,9.148139534883722
50,62,9.566666666666666
50,63,15.600000000000001
50,64,17.77
50,65,6.0128571428571425
50,66,6.481935483870967
50,67,9.36
50,68,1.4758291457286432
50,69,8.2325
50,70,10.855833333333335
50,71,11.03
50,72,13.58
50,73,12.4
50,74,5.43688524590164
50,75,4.00437641723356
50,76,11.87142857142857
50,77,15.1
50,78,10.088571428571429
50,79,3.6492377495462796
50,80,6.815625
50,81,16.145
50,82,6.993846153846154
50,83,6.8875
50,85,11.263333333333334
50,86,23.266666666666666
50,87,4.974551971326165
50,88,5.0482022471910115
50,89,10.695555555555554
50,90,2.1056361323155217
50,91,15.76
50,92,16.006249999999998
50,94,10.155
50,95,10.702941176470588
50,97,6.6054545454545455
50,98,14.1
50,100,1.2969826435246996
50,102,10.286666666666667
50,106,7.904736842105263
50,107,2.8729563492063495
50,108,15.533333333333331
50,111,9.0
50,112,5.416976744186047
50,113,3.0826954177897576
50,114,3.34039156626506
50,116,5.759156626506024
50,117,25.85
50,118,18.7
50,119,8.69
50,120,5.788333333333333
50,121,13.702000000000002
50,122,23.39
50,123,14.365
50,124,16.833333333333332
50,125,3.2746460176991152
50,126,12.122
50,127,8.75943396226415
50,128,9.044666666666666
50,129,7.155652173913044
50,130,12.653333333333334
50,131,16.4275
50,132,19.716567796610168
50,133,9.966
50,134,12.04
50,135,12.854
50,136,9.998
50,137,2.6709294871794875
50,138,13.120855018587362
50,139,23.323333333333334
50,140,2.8761346633416456
50,141,2.527024029574861
50,142,1.0742924528301887
50,143,1.0703579254930606
50,144,3.9451239669421487
50,145,3.8837313432835816
50,146,4.1627777777777775
50,147,11.43
50,148,4.351129032258064
50,149,14.7
50,150,16.64
50,151,2.895869565217391
50,152,4.95
50,153,10.54
50,155,16.1
50,157,7.4350000000000005
50,158,2.3958185404339254
50,159,9.448636363636364
50,160,9.32
50,161,1.3298608590441623
50,162,1.5821753986332574
50,163,1.063348745046235
50,164,1.7964365482233502
50,165,12.228
50,166,3.8857495256166983
50,167,10.361176470588234
50,168,9.02346153846154
50,169,11.100909090909092
50,170,1.8961557177615573
50,171,10.3
50,173,12.238666666666665
50,174,12.69
50,177,13.894285714285715
50,178,12.6
50,179,5.49
50,180,13.350000000000001
50,181,8.178723404255319
50,182,11.46
50,183,13.993333333333334
50,185,11.324444444444445
50,186,1.590504686373468
50,187,21.18
50,188,10.900714285714287
50,189,7.82923076923077
50,190,8.690000000000001
50,191,19.026
50,192,11.0
50,193,4.314285714285714
50,194,13.76
50,195,7.732777777777778
50,196,8.9175
50,197,12.49047619047619
50,198,8.555833333333334
50,200,10.98294117647059
50,201,33.35
50,202,5.305384615384615
50,203,18.476
50,205,16.215
50,206,17.97
50,208,13.506666666666668
50,209,4.919078947368422
50,210,16.775714285714287
50,211,3.6073287671232874
50,212,11.163636363636364
50,213,12.5275
50,214,17.97
50,215,12.0
50,216,14.42
50,217,6.7
50,218,16.575
50,219,17.665
50,220,9.896842105263158
50,222,17.775
50,223,7.1148
50,224,3.520483870967742
50,225,8.635555555555555
50,226,5.2269696969696975
50,227,10.296666666666667
50,228,9.024
50,229,1.8647222222222224
50,230,0.934452736318408
50,231,3.776186830015314
50,232,5.225748031496063
50,233,1.9208360128617363
50,234,2.4317136886102406
50,235,8.8425
50,236,3.1963292682926827
50,237,2.114787363304982
50,238,2.388268581081081
50,239,1.6798194525334886
50,240,10.59
50,241,10.503636363636362
50,242,13.655000000000001
50,243,7.6843867924528295
50,244,6.713341968911917
50,246,1.152856592135698
50,247,8.868947368421052
50,248,10.7975
50,249,2.6901055408970973
50,250,11.873529411764705
50,252,14.728333333333333
50,254,14.473749999999999
50,255,6.302307692307692
50,256,6.8647368421052635
50,257,8.885714285714286
50,258,17.585
50,259,14.571666666666667
50,260,5.99625
50,261,4.540824175824175
50,262,3.6085245901639347
50,263,3.4963146551724136
51,3,1.6985714285714286
51,4,14.6
51,7,11.266666666666666
51,10,15.5
51,13,18.1
51,14,20.933333333333334
51,15,8.1
51,17,14.466666666666667
51,18,4.782777777777778
51,19,15.0
51,20,5.023846153846154
51,21,22.5
51,24,11.68
51,25,17.38888888888889
51,26,24.1
51,29,25.6
51,31,4.66
51,32,3.51125
51,33,16.380000000000003
51,34,21.75
51,35,17.066666666666666
51,36,10.5
51,37,13.2
51,38,13.4
51,39,20.425
51,41,10.29985294117647
51,42,10.000851063829789
51,43,12.195
51,45,16.8
51,47,7.168333333333333
51,48,14.470454545454546
51,49,16.175
51,50,14.618181818181819
51,53,7.7
51,55,23.766666666666666
51,56,12.3625
51,58,3.07
51,59,7.87
51,60,6.734166666666667
51,61,18.221111111111114
51,62,18.033333333333335
51,65,16.97142857142857
51,66,19.67
51,68,15.711000000000002
51,69,8.913529411764706
51,71,20.216666666666665
51,72,17.3875
51,73,10.5
51,74,10.060925925925925
51,75,10.477457627118643
51,76,19.953333333333333
51,77,17.5
51,78,5.926756756756757
51,79,15.11
51,80,14.850000000000001
51,81,1.8129268292682927
51,82,10.875
51,83,15.299999999999999
51,85,21.900000000000002
51,86,21.6
51,87,17.87
51,88,17.97
51,89,21.133333333333336
51,90,15.375
51,91,22.5
51,92,9.2975
51,93,9.0
51,94,4.8925
51,95,11.744
51,97,17.65
51,98,10.2
51,100,15.82047619047619
51,102,14.4
51,107,14.65
51,112,16.450000000000003
51,113,15.494
51,114,16.773333333333333
51,116,10.626216216216216
51,117,25.8
51,119,9.311666666666666
51,121,13.038461538461538
51,124,16.5
51,125,16.1
51,126,6.811176470588236
51,127,7.97
51,128,11.16
51,129,12.527142857142858
51,130,12.853333333333333
51,131,12.22
51,132,18.74
51,134,13.6
51,135,12.36
51,136,6.064
51,137,14.215555555555556
51,138,11.67
51,139,19.7
51,140,12.152033898305085
51,141,15.63090909090909
51,142,14.764444444444443
51,143,14.0
51,144,15.985
51,145,15.725714285714286
51,146,13.49
51,147,7.770769230769231
51,148,16.08
51,151,9.940000000000001
51,152,11.135384615384615
51,154,23.8
51,155,24.4
51,158,16.186666666666667
51,159,8.405652173913044
51,161,12.258571428571429
51,162,13.142857142857142
51,163,14.04090909090909
51,164,14.956666666666669
51,165,26.4
51,166,11.769130434782609
51,167,7.380769230769231
51,168,9.103939393939394
51,169,7.277619047619047
51,170,14.416896551724138
51,171,9.3
51,174,3.6614814814814816
51,177,18.614285714285717
51,179,11.775
51,180,17.3
51,181,18.009999999999998
51,182,4.773571428571429
51,183,2.6283333333333334
51,184,1.58
51,185,3.1314285714285717
51,186,14.725333333333333
51,188,21.014285714285712
51,189,17.7
51,191,14.2
51,193,19.4
51,195,19.9
51,196,12.4
51,197,13.565999999999999
51,198,17.5
51,200,6.86
51,203,20.39
51,205,15.280000000000001
51,208,4.246666666666666
51,209,15.066666666666668
51,210,23.641666666666666
51,211,16.6
51,212,5.424285714285714
51,213,5.8185
51,215,15.62
51,216,15.106
51,217,16.3
51,218,16.4
51,219,18.1
51,220,8.29857142857143
51,222,21.5
51,223,12.613333333333335
51,224,14.713333333333333
51,225,17.508333333333333
51,226,15.234285714285715
51,227,23.97
51,228,3.0
51,229,10.4
51,230,14.885499999999999
51,231,17.944347826086958
51,232,15.816666666666668
51,233,14.082777777777778
51,234,15.12
51,235,8.612105263157895
51,236,11.073076923076922
51,237,12.847058823529412
51,238,12.248999999999999
51,239,12.483333333333334
51,240,3.2699999999999996
51,241,4.953333333333333
51,242,3.3115555555555556
51,243,9.574444444444445
51,244,10.26725
51,246,15.173333333333334
51,247,9.662857142857144
51,248,5.930909090909091
51,249,15.600000000000001
51,250,4.2684848484848485
51,252,8.15
51,254,2.387804878048781
51,255,17.293333333333333
51,256,15.6
51,258,15.803333333333333
51,259,2.73
51,261,17.257142857142856
51,262,11.665
51,263,11.317
52,1,14.736666666666666
52,4,4.154999999999999
52,6,9.79
52,7,9.686666666666666
52,10,20.53
52,11,9.036666666666667
52,13,4.4399999999999995
52,14,6.574705882352941
52,15,17.71
52,17,3.3944827586206894
52,21,6.97
52,22,6.71125
52,25,0.764
52,26,5.37
52,33,0.6899408284023668
52,34,3.1799999999999997
52,35,5.359999999999999
52,36,6.391111111111111
52,37,5.186
52,39,10.9525
52,40,0.822037037037037
52,41,12.103333333333333
52,42,13.493333333333332
52,43,8.97
52,45,2.4855555555555555
52,48,7.3875
52,49,2.27948717948718
52,50,7.186666666666667
52,54,0.9785714285714286
52,55,10.852500000000001
52,56,10.756666666666668
52,61,3.475769230769231
52,62,2.831875
52,63,18.02
52,65,1.633142857142857
52,66,1.4651612903225808
52,67,6.276666666666666
52,68,6.095555555555556
52,69,12.73
52,71,6.327777777777778
52,72,5.314
52,74,10.822857142857144
52,75,9.047
52,76,8.209375
52,77,6.63
52,79,4.157142857142857
52,80,4.697368421052632
52,82,9.472
52,83,8.649999999999999
52,85,4.815
52,86,27.5
52,87,3.0012499999999998
52,88,3.457
52,89,4.868695652173913
52,90,5.245
52,91,6.916153846153846
52,92,12.11
52,93,12.96
52,95,11.8025
52,97,1.6633333333333333
52,98,13.1
52,100,7.091666666666666
52,102,1.35
52,106,1.5203846153846154
52,107,5.381923076923077
52,108,11.64
52,112,5.2348
52,113,4.28
52,114,3.9221428571428567
52,116,12.193333333333333
52,117,19.400000000000002
52,122,14.1
52,123,6.845
52,125,4.012941176470588
52,126,19.45
52,127,17.209999999999997
52,129,9.835
52,130,18.285714285714285
52,132,20.599
52,133,3.767272727272727
52,137,5.866923076923077
52,138,11.5932
52,139,16.2
52,140,8.184285714285714
52,141,8.735833333333334
52,142,8.342777777777776
52,143,8.666
52,144,3.4499999999999997
52,145,7.71
52,146,8.24
52,148,3.3558333333333334
52,149,8.73
52,151,11.344999999999999
52,155,10.979999999999999
52,158,4.761923076923077
52,160,8.585
52,161,7.5460714285714285
52,162,7.257627118644067
52,163,8.225294117647058
52,164,6.914666666666666
52,165,6.3
52,170,6.75516129032258
52,172,12.9
52,174,22.4
52,177,4.93
52,178,6.140000000000001
52,179,9.7625
52,180,10.875
52,181,1.878842105263158
52,186,5.881379310344828
52,188,3.725714285714286
52,189,2.0216666666666665
52,190,2.8440000000000003
52,191,17.075
52,193,7.9433333333333325
52,195,1.528529411764706
52,196,10.225000000000001
52,198,7.509
52,200,20.13
52,203,17.7
52,205,19.25
52,209,3.137272727272727
52,210,13.425
52,211,3.636
52,215,14.0
52,216,10.91
52,217,3.91
52,219,18.65
52,220,16.93
52,222,15.0
52,223,10.692
52,224,5.3428571428571425
52,225,3.8948275862068966
52,226,7.859999999999999
52,227,4.28625
52,228,3.167142857142857
52,229,7.285384615384616
52,230,7.032608695652174
52,231,3.1912000000000003
52,232,3.73875
52,233,6.986249999999999
52,234,4.905666666666666
52,235,16.935000000000002
52,236,9.200588235294118
52,237,8.553333333333335
52,238,9.7
52,239,8.62
52,241,18.560000000000002
52,243,14.475
52,244,14.17375
52,246,5.880285714285715
52,248,14.5
52,249,4.293043478260869
52,254,17.7
52,255,4.633076923076923
52,256,4.352222222222222
52,257,3.5149999999999997
52,258,16.73
52,260,8.904285714285715
52,261,3.1336363636363633
52,262,9.199444444444445
52,263,9.741428571428571
53,3,11.4
53,4,10.73
53,7,7.227142857142858
53,9,4.175
53,10,9.636666666666668
53,12,15.75
53,15,5.41
53,16,5.28
53,18,13.1
53,20,8.9
53,28,6.71
53,29,19.8
53,34,10.6
53,35,10.233333333333333
53,36,9.9125
53,37,10.903333333333334
53,38,15.8
53,39,12.8
53,41,10.51
53,42,10.02
53,43,11.16
53,45,13.11
53,47,8.6
53,48,10.626666666666667
53,49,10.8
53,50,11.29
53,56,5.16
53,57,2.78
53,63,9.033333333333333
53,64,7.65
53,66,11.339999999999998
53,68,13.303333333333335
53,69,8.665
53,70,3.5058333333333334
53,72,15.3
53,73,3.1
53,74,9.1
53,75,11.355
53,76,10.712
53,77,10.610000000000001
53,78,10.15
53,80,8.5
53,81,10.327272727272726
53,82,5.447333333333333
53,83,6.9875
53,89,18.7
53,90,13.3
53,91,16.165
53,92,2.3474358974358975
53,93,3.88
53,95,4.917
53,97,10.325
53,100,12.092500000000001
53,101,9.774999999999999
53,102,8.7
53,107,10.765
53,112,10.02
53,116,8.0
53,121,5.2942857142857145
53,122,9.47
53,126,8.86
53,127,8.4
53,129,5.220384615384615
53,130,8.006363636363636
53,131,8.416666666666666
53,132,9.515
53,134,8.24
53,135,5.88
53,136,1.25
53,137,10.5
53,138,2.625
53,139,11.473333333333334
53,140,9.32
53,141,10.0
53,142,9.54
53,145,8.346
53,146,9.15
53,148,12.3
53,157,6.8675
53,159,11.2
53,160,6.425
53,161,10.81
53,162,12.145
53,164,10.415
53,166,9.687999999999999
53,167,8.133333333333333
53,168,7.033333333333334
53,169,12.065000000000001
53,170,9.87
53,171,3.013333333333333
53,173,3.2847058823529416
53,174,9.4
53,175,6.79
53,177,9.4
53,179,7.071666666666666
53,181,13.045
53,185,7.25
53,188,11.34
53,191,10.49
53,192,3.621
53,193,8.89
53,195,15.43
53,196,5.81
53,198,8.5
53,205,12.700000000000001
53,213,6.7
53,215,10.8
53,216,7.0633333333333335
53,218,21.1
53,219,12.19
53,222,13.0
53,223,6.395
53,225,11.18
53,226,8.917
53,227,18.49
53,228,18.5
53,229,8.9925
53,230,12.607142857142858
53,231,11.425
53,234,10.15
53,235,13.09
53,237,11.835
53,238,9.1
53,239,13.416666666666666
53,242,10.5
53,243,17.05
53,244,14.815000000000001
53,247,10.91
53,249,17.4
53,252,1.605
53,254,9.737499999999999
53,255,8.48
53,258,9.025714285714285
53,259,9.3
53,260,7.398888888888889
53,261,18.72
53,262,8.785
53,263,10.195
54,1,16.05
54,4,4.455
54,7,11.156666666666666
54,8,10.9
54,13,3.1633333333333336
54,14,5.8933333333333335
54,17,4.3
54,21,7.984999999999999
54,22,6.195
54,25,1.2466666666666668
54,30,25.04
54,33,0.9627272727272728
54,35,5.81
54,36,5.8133333333333335
54,37,5.402857142857143
54,39,19.095
54,40,0.9414285714285714
54,41,12.363333333333332
54,43,8.4
54,45,2.94
54,48,7.53
54,49,2.7685714285714282
54,50,6.61
54,52,0.6
54,55,9.55
54,56,10.85
54,61,3.385
54,63,8.885
54,65,1.4940000000000002
54,66,1.655
54,67,5.3933333333333335
54,68,5.8580000000000005
54,74,14.53
54,75,10.807500000000001
54,77,6.68
54,79,5.1675
54,80,5.373333333333334
54,86,20.8
54,87,3.3285714285714287
54,88,3.49
54,89,4.82
54,90,6.0649999999999995
54,92,15.08
54,95,13.03
54,97,3.09
54,100,6.37
54,102,9.15
54,106,1.8439999999999999
54,107,5.155454545454545
54,108,10.4
54,112,6.0175
54,113,4.6000000000000005
54,114,4.1925
54,115,9.81
54,116,14.92
54,117,25.33
54,119,13.3
54,121,14.46
54,125,3.822
54,129,9.88
54,132,21.045714285714286
54,133,3.645
54,137,6.2124999999999995
54,138,11.211666666666666
54,140,7.901111111111111
54,141,7.9879999999999995
54,142,0.6
54,144,3.3925
54,145,7.539999999999999
54,148,3.6
54,158,4.991428571428571
54,160,10.08
54,161,7.253333333333334
54,162,7.5488888888888885
54,163,8.504285714285714
54,164,6.55
54,165,5.93
54,166,10.32
54,170,7.441666666666666
54,179,11.59
54,180,23.06
54,181,2.0025
54,186,5.545
54,188,4.208333333333333
54,189,2.555
54,190,4.3
54,193,8.59
54,195,1.0722222222222222
54,198,7.165
54,200,16.48
54,201,12.399999999999999
54,209,2.766666666666667
54,211,3.9766666666666666
54,215,15.0
54,216,18.13
54,217,4.2
54,221,8.2
54,225,5.6975
54,226,7.973333333333334
54,227,3.81
54,228,2.96
54,229,7.778333333333333
54,230,7.706666666666666
54,231,3.451333333333333
54,232,4.2175
54,233,7.36
54,234,6.314285714285715
54,235,18.7
54,236,9.37
54,237,8.7875
54,238,11.933333333333332
54,239,9.0025
54,243,15.11
54,244,13.675
54,246,4.59
54,247,12.1
54,249,4.803333333333333
54,255,5.153333333333333
54,256,4.576666666666667
54,257,3.1449999999999996
54,260,10.46
54,261,2.946
54,262,10.2475
54,263,9.47
55,3,25.35
55,4,13.19875
55,7,17.3325
55,10,15.078333333333333
55,11,3.237058823529412
55,13,11.7
55,14,6.121470588235294
55,15,20.3
55,17,11.630416666666667
55,18,28.366666666666664
55,21,2.585806451612903
55,22,3.224909090909091
55,25,10.196111111111112
55,26,5.108421052631579
55,28,15.4
55,29,2.124142857142857
55,33,10.534444444444444
55,35,10.3371875
55,36,13.356666666666666
55,37,13.097222222222221
55,38,18.156666666666666
55,39,9.18
55,40,12.45
55,41,17.04
55,42,21.510555555555555
55,43,16.7
55,45,12.175
55,48,15.971
55,49,11.143
55,50,15.784545454545453
55,51,23.52857142857143
55,52,14.301666666666668
55,53,21.4
55,56,17.47
55,60,20.533333333333335
55,61,11.1025
55,62,9.384705882352941
55,63,12.220714285714285
55,65,11.717647058823529
55,66,12.615
55,67,4.857777777777778
55,68,13.938571428571427
55,69,21.22
55,70,20.485714285714288
55,71,9.0715
55,72,10.2905
55,74,19.982727272727274
55,75,18.831818181818182
55,76,10.824736842105263
55,77,10.684545454545455
55,78,30.705
55,79,14.6
55,80,11.636
55,81,25.6
55,82,18.119999999999997
55,83,19.099999999999998
55,85,7.408571428571428
55,86,14.126315789473683
55,87,12.516363636363637
55,88,12.8625
55,89,6.82051724137931
55,90,13.55
55,91,7.0975
55,92,20.575
55,93,4.8
55,94,24.8
55,95,12.966666666666667
55,97,11.038
55,100,15.594545454545454
55,102,14.57
55,106,11.085
55,107,11.227272727272727
55,108,2.900952380952381
55,112,16.105
55,113,14.977500000000001
55,114,13.655555555555557
55,116,22.189999999999998
55,117,13.007391304347827
55,119,21.200000000000003
55,120,11.8
55,121,17.216
55,123,2.680877192982456
55,124,11.8
55,126,21.85
55,127,23.3
55,129,17.0
55,130,16.673333333333332
55,131,16.3
55,132,16.19333333333333
55,133,5.769473684210526
55,135,17.4225
55,136,22.681818181818183
55,137,12.973333333333333
55,138,23.384999999999998
55,139,15.666666666666666
55,140,16.231818181818184
55,141,16.39090909090909
55,142,16.328235294117647
55,143,17.0
55,144,15.4
55,145,16.05
55,146,16.7
55,147,23.35
55,148,12.693333333333333
55,149,4.1828
55,150,2.61
55,151,17.875
55,152,21.0
55,154,4.333333333333333
55,155,6.47
55,157,18.0
55,158,11.504999999999999
55,159,19.842857142857145
55,160,15.24
55,161,16.308
55,162,15.819999999999999
55,163,16.05625
55,164,15.866666666666667
55,165,4.349705882352941
55,166,19.34
55,167,18.983333333333334
55,168,20.36
55,169,28.1
55,170,15.386060606060607
55,173,20.6
55,174,26.215384615384615
55,177,11.030625
55,178,3.8966666666666665
55,179,10.9
55,181,8.792727272727273
55,182,26.15
55,185,24.866666666666664
55,186,14.675
55,188,9.056666666666667
55,189,9.675
55,191,18.13611111111111
55,192,16.8
55,193,18.54
55,195,10.15
55,196,15.144444444444446
55,197,14.015384615384615
55,198,14.542857142857143
55,200,28.7
55,201,9.799999999999999
55,203,16.333333333333332
55,205,17.142857142857142
55,208,26.400000000000002
55,209,12.465
55,210,3.6098214285714287
55,213,26.535
55,215,16.072727272727274
55,216,12.5985
55,217,11.9775
55,218,15.2916
55,219,19.344285714285714
55,220,25.75
55,221,7.6
55,222,9.642
55,223,18.2
55,224,13.633333333333333
55,225,11.8825
55,226,16.066666666666666
55,227,7.764736842105263
55,228,8.185238095238095
55,229,12.7
55,230,16.19235294117647
55,231,11.934814814814816
55,232,13.75
55,233,14.892777777777777
55,234,13.816666666666668
55,235,24.447619047619046
55,236,17.9
55,237,16.257894736842104
55,238,18.15
55,241,23.799999999999997
55,242,27.233333333333334
55,243,20.7
55,244,20.97142857142857
55,246,15.06857142857143
55,247,22.153333333333336
55,248,24.95
55,249,11.998333333333333
55,250,20.223333333333333
55,252,22.4
55,254,22.7
55,255,15.366666666666667
55,256,13.160000000000002
55,257,5.25
55,258,11.0
55,259,27.65
55,260,16.566666666666666
55,261,12.025
55,262,19.485
55,263,16.75
56,4,8.928571428571429
56,7,5.6515
56,9,6.194999999999999
56,10,7.053
56,13,11.51
56,14,17.944
56,15,7.330000000000001
56,16,7.823333333333333
56,17,6.953
56,18,13.648
56,19,9.69
56,20,8.11
56,21,16.765
56,22,17.67
56,24,11.44
56,25,9.203333333333333
56,26,14.8
56,28,4.947272727272727
56,29,14.9
56,30,13.55
56,32,11.166666666666666
56,33,9.4725
56,35,8.559999999999999
56,36,5.811333333333334
56,37,6.683333333333334
56,38,10.183333333333334
56,39,10.9
56,41,9.705454545454545
56,42,9.850624999999999
56,43,8.59
56,45,12.855
56,46,18.1
56,47,9.95
56,48,9.463571428571429
56,49,8.714166666666666
56,50,9.3
56,51,10.733333333333334
56,53,5.003333333333333
56,54,9.7
56,55,12.833333333333334
56,57,0.9
56,58,9.3
56,61,9.13090909090909
56,62,8.731666666666667
56,63,7.255714285714285
56,64,8.139999999999999
56,65,10.042
56,66,9.123333333333333
56,67,13.4
56,68,9.062666666666667
56,69,11.29
56,70,1.7926315789473686
56,71,11.556666666666667
56,72,10.81
56,73,4.2
56,74,8.630833333333333
56,75,9.974
56,76,8.473125
56,77,8.151428571428571
56,78,11.18
56,79,8.577
56,80,5.471111111111111
56,81,12.649999999999999
56,82,1.7630487804878048
56,83,2.7873333333333337
56,85,11.5275
56,86,13.4
56,87,10.695
56,88,10.55888888888889
56,89,13.696666666666667
56,90,7.83
56,91,11.945454545454545
56,92,3.4050000000000002
56,93,2.7399999999999998
56,94,12.628333333333332
56,95,1.7397142857142858
56,97,8.775833333333333
56,98,4.928
56,100,7.653333333333332
56,101,10.113333333333333
56,102,3.253
56,106,10.059999999999999
56,107,8.474210526315789
56,108,16.4
56,112,6.192727272727273
56,113,8.43
56,114,8.976666666666667
56,116,11.443333333333333
56,117,14.774000000000001
56,119,11.735
56,121,3.9314285714285715
56,122,7.758333333333333
56,125,10.503333333333334
56,126,10.729000000000001
56,128,15.36
56,129,2.2318840579710146
56,130,5.297037037037037
56,131,6.095714285714286
56,132,7.44
56,133,14.28
56,134,3.841666666666667
56,135,4.04125
56,136,14.395
56,137,8.513333333333334
56,138,4.43
56,139,10.13
56,140,7.727666666666667
56,141,7.1925
56,142,10.71888888888889
56,143,9.040000000000001
56,144,8.7375
56,145,6.029583333333334
56,146,5.81923076923077
56,148,8.745555555555557
56,149,17.05
56,150,15.9
56,152,10.4
56,153,13.72
56,155,9.8
56,157,3.07
56,158,9.09
56,159,10.614285714285714
56,160,1.9755555555555557
56,161,8.03875
56,162,7.508947368421052
56,163,8.57625
56,164,7.927272727272728
56,165,13.566666666666666
56,166,9.872727272727273
56,167,10.695
56,168,9.84125
56,169,12.8
56,170,6.8765
56,171,4.432
56,173,1.1426666666666667
56,174,13.545
56,175,6.83
56,177,8.044444444444444
56,179,6.353333333333333
56,180,6.846666666666667
56,181,11.024999999999999
56,182,9.18
56,183,9.0
56,185,10.72
56,186,8.012222222222222
56,188,10.893333333333333
56,189,9.185
56,190,10.7
56,191,8.536666666666667
56,192,2.6435714285714282
56,193,6.57
56,195,10.735
56,196,1.2220000000000002
56,197,4.918571428571428
56,198,5.255
56,200,20.89
56,202,6.708571428571429
56,203,10.75
56,205,9.004166666666666
56,207,3.89
56,208,8.0
56,209,9.15
56,210,12.0
56,211,9.4
56,212,10.44
56,213,9.85
56,215,6.148571428571429
56,216,5.85625
56,217,7.0075
56,218,8.27
56,219,8.7
56,220,15.306666666666667
56,222,10.190000000000001
56,223,6.0125
56,224,7.84
56,225,6.218
56,226,4.886875
56,227,15.1
56,228,14.615000000000002
56,229,7.113333333333333
56,230,7.790588235294117
56,231,10.0025
56,232,9.626666666666667
56,233,7.5775
56,234,8.726875
56,235,14.410000000000002
56,236,9.3725
56,237,8.54875
56,238,9.85
56,239,8.675
56,240,14.0
56,241,13.923333333333332
56,242,9.773333333333333
56,243,13.235
56,244,13.463750000000001
56,246,7.26
56,247,10.845555555555556
56,248,11.05
56,249,12.0
56,250,8.473333333333334
56,252,5.2444444444444445
56,254,13.015
56,255,7.115
56,256,6.6125
56,258,5.597142857142857
56,259,15.235
56,260,3.9688461538461537
56,261,10.427142857142858
56,262,8.0
56,263,9.213750000000001
57,7,5.553333333333334
57,9,8.06
57,14,19.71
57,15,6.43
57,16,0.91
57,17,8.69
57,28,4.842499999999999
57,36,6.66
57,39,15.28
57,41,9.333333333333334
57,42,8.3
57,43,11.42
57,53,3.643333333333333
57,56,2.3
57,61,9.8
57,63,9.754999999999999
57,70,1.1
57,73,2.6633333333333336
57,74,8.69
57,75,9.64
57,76,12.443333333333333
57,77,8.115
57,78,9.37
57,82,2.167
57,83,2.19
57,90,10.6
57,92,2.268
57,94,11.68
57,102,7.29
57,116,13.2
57,119,9.2
57,121,5.78
57,130,6.156000000000001
57,132,9.774999999999999
57,135,4.94
57,137,8.1
57,138,3.24
57,139,14.78
57,145,7.67
57,155,4.6
57,157,3.39
57,160,2.52
57,161,9.19
57,168,8.21
57,169,12.98
57,171,3.78
57,173,0.8
57,175,7.17
57,179,5.16
57,197,6.83
57,198,8.635000000000002
57,203,10.1
57,205,9.09
57,209,13.82
57,212,10.83
57,215,7.88
57,216,6.5
57,219,9.979999999999999
57,223,4.67
57,225,7.97
57,226,7.3
57,248,8.73
57,250,7.71
57,256,9.65
57,258,10.7
57,260,4.65
58,14,26.77
58,15,28.8
58,20,5.34
58,22,22.4
58,28,12.38
58,35,16.9
58,41,9.02
58,42,8.14
58,51,3.245
58,56,11.7
58,69,10.67
58,70,7.3999999999999995
58,74,8.06
58,75,8.83
58,76,15.445454545454545
58,78,4.52
58,80,14.705
58,81,3.54
58,107,12.7
58,108,28.950000000000003
58,116,8.5
58,122,12.73
58,126,5.279999999999999
58,127,8.09
58,128,5.1
58,129,9.27
58,137,14.4
58,138,12.11
58,143,12.2
58,151,9.1
58,159,6.95
58,161,10.4
58,166,10.7
58,167,5.62
58,169,6.75
58,171,6.75
58,174,6.78
58,179,10.72
58,183,1.0
58,185,3.7
58,200,12.75
58,208,2.3000000000000003
58,213,3.49
58,223,12.36
58,230,17.24
58,231,17.91
58,232,13.4
58,235,6.31
58,238,9.9
58,241,8.34
58,242,2.128
58,243,7.94
58,244,6.4
58,247,8.4
58,263,10.92
59,32,2.61
59,41,6.93
59,42,4.37
59,49,13.8
59,51,6.955
59,61,14.6
59,74,5.21
59,78,0.77
59,119,2.34
59,144,13.335
59,145,11.24
59,147,1.38
59,159,1.81
59,168,4.66
59,169,1.71
59,173,10.1
59,184,36.9
59,216,16.75
59,243,2.7
59,246,10.79
59,247,3.715
59,248,1.2
59,250,4.03
59,263,7.52
60,3,5.156666666666666
60,4,9.646666666666667
60,7,7.086
60,10,15.38
60,13,14.065000000000001
60,14,23.8
60,15,8.7
60,16,9.9
60,17,13.1
60,18,6.803333333333334
60,19,12.899999999999999
60,20,1.8559999999999999
60,21,20.35
60,24,7.83
60,25,10.86
60,26,14.8
60,27,31.6
60,28,12.46
60,29,22.8625
60,31,4.293333333333333
60,32,3.683333333333333
60,33,13.325
60,35,17.43857142857143
60,36,13.4
60,37,13.38
60,38,15.0
60,39,15.5
60,41,5.315
60,42,4.89953488372093
60,43,8.755
60,45,13.94
60,47,1.4484210526315788
60,48,10.68
60,49,17.7
60,50,10.138
60,51,6.009090909090909
60,53,6.3
60,55,22.7125
60,56,11.315
60,58,4.98
60,59,1.385
60,61,15.540000000000001
60,62,15.0
60,63,15.275
60,65,11.524999999999999
60,68,11.413333333333334
60,69,2.3757692307692304
60,71,17.900000000000002
60,74,4.7902499999999995
60,75,5.429583333333333
60,76,16.840714285714288
60,77,16.4
60,78,1.1984210526315788
60,81,7.305714285714286
60,82,8.2
60,83,10.645
60,86,23.04
60,87,12.595
60,88,12.168181818181818
60,89,20.98
60,90,11.24
60,91,18.428571428571427
60,92,9.023333333333333
60,94,2.8129999999999997
60,95,12.142857142857142
60,97,9.49
60,100,10.737777777777778
60,107,10.275
60,112,13.3975
60,113,10.74
60,116,5.656315789473684
60,117,22.2
60,119,5.482727272727273
60,122,12.5
60,123,22.0
60,125,12.8
60,126,1.464761904761905
60,127,5.1466666666666665
60,128,5.6
60,129,7.4
60,130,14.057142857142859
60,133,20.11
60,134,12.733333333333334
60,135,10.5
60,136,4.83375
60,137,9.590909090909092
60,139,17.4
60,140,7.467142857142856
60,142,10.156
60,143,10.35
60,145,8.2
60,146,7.87
60,147,1.6344444444444446
60,148,11.77
60,151,10.406
60,152,6.53125
60,157,11.2
60,158,11.93
60,159,2.138148148148148
60,160,10.6
60,161,9.173333333333334
60,162,8.61
60,163,9.0
60,164,9.518235294117646
60,165,25.0
60,166,6.6370000000000005
60,167,1.176
60,168,3.349354838709677
60,169,2.2594117647058827
60,170,9.05
60,171,9.1
60,173,9.635000000000002
60,174,4.876111111111111
60,177,18.5
60,180,14.4
60,181,14.07
60,182,4.90375
60,183,4.8
60,185,4.528125
60,186,12.83
60,188,18.025
60,191,15.766666666666666
60,192,9.0
60,193,7.2
60,197,13.92
60,200,8.21
60,203,16.315714285714286
60,205,15.25
60,208,4.272
60,209,8.566666666666666
60,210,9.0
60,211,12.51
60,212,2.810909090909091
60,213,3.4299999999999997
60,215,15.75
60,216,15.184999999999999
60,220,6.24
60,222,16.503
60,223,7.686666666666667
60,225,16.605
60,226,9.5425
60,228,21.1
60,229,8.441428571428572
60,230,9.843846153846155
60,231,12.757142857142856
60,232,11.262
60,233,8.751666666666667
60,234,12.040000000000001
60,235,2.8475
60,236,6.605
60,237,7.968000000000001
60,238,8.122
60,240,5.8
60,241,4.1085714285714285
60,242,3.491428571428571
60,243,4.234615384615385
60,244,4.547
60,246,10.6225
60,247,3.214736842105263
60,248,5.525294117647059
60,250,5.688333333333333
60,254,6.395
60,258,20.8
60,259,6.756666666666667
60,260,7.970000000000001
60,261,14.08
60,262,6.53
60,263,5.976000000000001
61,1,17.785
61,3,17.7
61,4,5.47
61,6,7.4
61,7,9.47162162162162
61,10,9.306410256410256
61,11,10.383333333333333
61,13,6.321
61,14,8.426623376623377
61,15,14.72
61,16,14.36
61,17,1.6973061224489794
61,18,17.927727272727275
61,19,11.565000000000001
61,20,18.942
61,21,7.813809523809524
61,22,8.032380952380953
61,23,14.27
61,24,11.784
61,25,3.0642441860465115
61,26,5.174426229508197
61,27,10.41
61,28,9.306875
61,29,9.05
61,31,19.39
61,32,18.985
61,33,3.9345360824742266
61,34,2.8341935483870966
61,35,2.2829953917050694
61,36,3.0472674418604653
61,37,2.4401538461538466
61,38,14.045185185185186
61,39,3.7697309417040357
61,40,3.82
61,41,13.637954545454544
61,42,13.9532
61,43,10.798333333333332
61,45,5.02438596491228
61,46,19.2
61,47,16.79769230769231
61,48,9.568999999999999
61,49,2.190372670807453
61,50,8.983333333333333
61,51,18.99923076923077
61,52,3.2512499999999998
61,53,12.180909090909092
61,54,3.605
61,55,11.503333333333334
61,56,9.261851851851851
61,58,17.46
61,59,13.4
61,60,14.76375
61,62,1.5108163265306123
61,63,4.257910447761194
61,64,15.33
61,65,3.4436690647482013
61,66,3.6758490566037736
61,67,7.444166666666667
61,68,7.725925925925925
61,69,16.33590909090909
61,70,10.382727272727273
61,71,2.7720382165605093
61,72,2.4486934673366836
61,73,13.001999999999999
61,74,12.695
61,75,12.161833333333334
61,76,4.0553664921465975
61,77,2.9060576923076926
61,78,13.666
61,79,5.941139240506329
61,80,3.1887323943661974
61,81,18.419999999999998
61,82,7.567916666666666
61,83,6.895
61,85,2.7193069306930693
61,86,14.474545454545455
61,87,5.4704999999999995
61,88,6.562244897959184
61,89,3.4079828326180257
61,90,6.86953488372093
61,91,4.1118421052631575
61,92,11.159166666666666
61,93,9.4725
61,94,18.484
61,95,7.8217647058823525
61,96,3.91
61,97,2.938531746031746
61,98,12.431666666666667
61,100,8.38344262295082
61,101,15.326666666666666
61,102,4.813684210526316
61,106,3.035636363636364
61,107,6.4495774647887325
61,108,9.632
61,111,4.7
61,112,4.396634615384615
61,113,6.117741935483871
61,114,5.657837837837838
61,116,15.012352941176472
61,117,12.57596153846154
61,119,16.491666666666664
61,121,9.7905
61,122,11.711428571428572
61,123,6.531428571428571
61,124,5.795
61,125,5.624375
61,126,15.219999999999999
61,127,17.598666666666666
61,129,9.389999999999999
61,130,9.229333333333335
61,131,11.314
61,132,9.610763358778627
61,133,4.027333333333333
61,134,8.446666666666667
61,135,8.50375
61,136,16.876666666666665
61,137,6.983301886792453
61,138,10.898472222222223
61,139,11.465625
61,140,9.39109589041096
61,141,9.216216216216216
61,142,9.848181818181818
61,143,9.545333333333334
61,144,4.804827586206897
61,145,6.510487804878049
61,146,7.248333333333333
61,147,15.515
61,148,4.767
61,149,5.361111111111111
61,150,9.608571428571429
61,151,12.095714285714285
61,152,14.472222222222221
61,154,8.3575
61,155,5.006164383561644
61,157,4.9148148148148145
61,158,6.51235294117647
61,159,14.006923076923076
61,160,7.0633333333333335
61,161,8.802830188679245
61,162,8.993571428571428
61,163,9.50375
61,164,7.724705882352941
61,165,4.45359375
61,166,13.391538461538461
61,167,15.072857142857142
61,168,13.614666666666666
61,169,16.982999999999997
61,170,7.576470588235295
61,171,11.782499999999999
61,173,11.18
61,174,17.615000000000002
61,177,1.7097272727272728
61,178,5.613
61,179,10.469411764705882
61,180,5.396
61,181,2.733137254901961
61,182,16.81
61,183,15.7
61,184,18.54
61,185,17.804
61,186,7.420769230769231
61,188,1.9105753424657534
61,189,1.9406999999999999
61,190,2.074705882352941
61,191,13.717272727272729
61,193,7.093076923076923
61,194,14.03
61,195,4.820217391304348
61,196,7.035333333333333
61,197,7.3039130434782615
61,198,3.30625
61,200,24.4
61,201,11.477777777777778
61,202,7.662000000000001
61,203,11.66391304347826
61,205,11.691132075471698
61,206,15.985
61,207,8.236666666666666
61,208,15.54
61,209,5.787878787878788
61,210,6.795641025641025
61,211,5.485185185185185
61,212,18.48
61,213,15.120833333333332
61,215,10.167391304347825
61,216,7.342678571428571
61,217,2.817
61,218,10.081578947368422
61,219,9.956785714285715
61,220,18.995555555555555
61,222,4.375846153846154
61,223,10.648
61,224,6.252222222222223
61,225,1.66484756097561
61,226,6.011590909090909
61,227,5.358205128205128
61,228,5.408165137614679
61,229,9.021818181818182
61,230,8.940655737704917
61,231,5.6467605633802815
61,232,4.9496153846153845
61,233,8.418181818181818
61,234,6.8388679245283015
61,235,18.7425
61,236,12.055555555555555
61,237,9.827857142857143
61,238,11.399629629629631
61,239,10.741818181818182
61,240,20.366666666666667
61,241,20.19181818181818
61,242,17.3
61,243,16.329
61,244,15.708888888888888
61,246,8.080222222222222
61,247,13.936153846153845
61,248,15.98
61,249,5.703809523809523
61,250,15.04625
61,252,13.333333333333334
61,254,19.854615384615386
61,255,3.5448936170212764
61,256,3.178828828828829
61,257,3.356551724137931
61,258,4.854324324324325
61,259,20.26875
61,260,9.187692307692307
61,261,5.843939393939394
61,262,10.991999999999999
61,263,10.714333333333334
62,3,17.3
62,4,5.645
62,7,9.611538461538462
62,9,12.2
62,10,10.338333333333333
62,11,7.933333333333333
62,13,6.35
62,14,7.418
62,16,15.875
62,17,1.9100000000000001
62,19,16.26
62,21,6.18
62,22,5.877142857142857
62,24,10.294
62,25,3.1736
62,26,4.196315789473684
62,28,9.666666666666666
62,29,7.833
62,30,11.5
62,33,3.64030303030303
62,34,2.25
62,35,2.432982456140351
62,36,3.8905405405405404
62,37,3.2563793103448275
62,38,14.893529411764705
62,39,4.240128205128205
62,40,3.06125
62,41,14.668333333333335
62,42,13.221363636363636
62,43,11.8
62,45,4.752307692307692
62,47,19.825
62,48,9.058
62,49,1.7924242424242425
62,50,8.57764705882353
62,51,20.565555555555555
62,52,3.2172727272727273
62,53,13.495000000000001
62,54,3.6100000000000003
62,55,10.045333333333334
62,56,9.2725
62,57,11.2
62,60,16.4675
62,61,1.371345029239766
62,63,4.121111111111111
62,64,16.47
62,65,3.183125
62,66,4.14
62,67,4.775
62,68,7.848823529411765
62,69,14.407142857142858
62,70,9.65
62,71,2.3447297297297296
62,72,2.1908450704225353
62,74,13.096
62,75,11.6125
62,76,4.558080808080808
62,77,3.59625
62,78,11.040000000000001
62,79,5.7775
62,80,3.9560000000000004
62,82,8.57
62,83,7.65
62,85,1.9436170212765955
62,86,14.930666666666667
62,87,5.601
62,88,5.6499999999999995
62,89,2.417560975609756
62,90,7.256363636363636
62,91,3.547719298245614
62,92,12.401666666666666
62,93,14.63
62,94,20.65
62,95,8.73857142857143
62,97,3.3251162790697673
62,98,5.9
62,100,9.010555555555555
62,101,17.6
62,102,6.02125
62,106,3.021875
62,107,6.316470588235294
62,108,5.565
62,112,5.3246875
62,113,6.481
62,114,5.602857142857142
62,116,13.133333333333333
62,117,13.631666666666666
62,119,11.706666666666665
62,121,10.136666666666667
62,122,12.592500000000001
62,123,5.191999999999999
62,124,7.11
62,125,6.108
62,127,18.43
62,128,23.9
62,129,9.73
62,130,9.014444444444443
62,131,12.0425
62,132,10.921764705882353
62,133,2.746666666666667
62,134,7.526666666666667
62,135,9.44
62,136,16.65
62,137,6.7677499999999995
62,138,11.841578947368422
62,139,13.749444444444444
62,140,9.898947368421052
62,141,9.925999999999998
62,142,9.284285714285714
62,143,9.905000000000001
62,144,4.738333333333333
62,145,7.304285714285713
62,146,7.5325
62,147,15.705
62,148,4.616666666666666
62,149,4.73
62,150,6.88
62,151,11.91
62,152,16.64
62,155,4.613636363636363
62,157,7.2025
62,158,9.26
62,159,12.825
62,161,9.054285714285713
62,162,8.916
62,163,9.436666666666667
62,164,7.538333333333333
62,165,3.765
62,166,12.381666666666666
62,167,19.3
62,168,15.593333333333334
62,169,15.2
62,170,7.777619047619047
62,173,12.31
62,174,18.035
62,175,13.11
62,177,2.519230769230769
62,178,4.112
62,179,9.796666666666667
62,181,2.396276595744681
62,182,18.5
62,185,17.7
62,186,7.595555555555555
62,188,1.2205882352941178
62,189,1.7214814814814816
62,190,1.6275
62,191,12.99625
62,192,10.85
62,193,6.7925
62,194,13.83
62,195,4.3225
62,196,7.825
62,197,7.2675
62,198,4.528666666666666
62,201,11.684999999999999
62,203,11.8375
62,205,11.473076923076924
62,209,5.0775
62,210,5.9575
62,211,5.261428571428572
62,212,17.42
62,213,16.19
62,215,11.0975
62,216,8.16625
62,217,3.1340909090909093
62,218,10.722222222222221
62,219,10.635454545454545
62,220,16.6
62,221,3.08
62,222,4.37125
62,223,9.51
62,224,18.7
62,225,2.3452830188679243
62,226,7.12
62,227,4.453333333333333
62,228,4.770833333333333
62,229,8.474545454545455
62,230,7.8757142857142854
62,231,5.218055555555555
62,232,5.022
62,233,8.04
62,234,6.4835714285714285
62,235,15.9
62,236,11.075
62,237,9.533076923076923
62,238,12.8875
62,239,11.05
62,241,18.87
62,242,17.25
62,243,18.1925
62,244,15.831666666666665
62,246,7.865
62,247,14.743333333333334
62,249,7.102
62,254,18.599999999999998
62,255,3.9821052631578944
62,256,3.440810810810811
62,257,2.268333333333333
62,258,5.715
62,259,21.6
62,260,10.0
62,261,5.968571428571429
62,262,10.5375
62,263,11.974
63,4,6.5
63,7,12.165
63,9,10.15
63,10,5.607
63,13,14.27
63,14,17.222857142857144
63,16,11.985
63,17,4.660500000000001
63,18,16.6425
63,19,11.883333333333333
63,21,12.49
63,22,14.7
63,24,17.9
63,25,6.784999999999999
63,26,15.495
63,28,6.30625
63,29,11.325
63,30,6.37
63,33,6.765000000000001
63,34,6.595000000000001
63,35,2.7054761904761904
63,36,3.0863636363636364
63,37,3.0698113207547166
63,38,10.0475
63,39,4.011724137931035
63,40,8.47
63,41,10.655555555555557
63,42,16.9025
63,43,14.71
63,45,8.49
63,47,17.3
63,48,11.3
63,49,4.588888888888889
63,51,15.39
63,52,6.865
63,53,10.307777777777778
63,54,6.8
63,55,12.555
63,56,7.988333333333333
63,61,4.126296296296296
63,62,4.297777777777778
63,65,5.9925
63,66,8.55
63,67,16.603333333333335
63,68,11.517777777777777
63,69,19.714
63,70,9.483333333333334
63,71,4.87421052631579
63,72,4.119565217391305
63,74,14.232
63,75,13.452857142857143
63,76,1.79979381443299
63,77,2.0714285714285716
63,78,17.9
63,79,11.91
63,80,4.506206896551724
63,81,17.94
63,82,6.339655172413793
63,83,5.609090909090909
63,85,5.152727272727272
63,86,11.156
63,87,7.3999999999999995
63,89,6.627692307692308
63,91,5.619999999999999
63,92,9.302000000000001
63,93,8.045
63,94,16.2
63,95,4.950588235294117
63,96,3.171666666666667
63,97,5.667692307692308
63,98,9.575
63,100,10.41
63,101,12.059999999999999
63,102,2.799
63,106,7.73
63,107,9.80909090909091
63,108,12.815000000000001
63,112,10.435
63,113,11.52
63,114,8.47
63,116,16.452
63,117,9.82842105263158
63,119,18.17
63,120,18.68
63,121,7.098999999999999
63,122,8.64
63,123,10.733333333333334
63,124,2.5828571428571427
63,125,9.1
63,126,17.23
63,127,18.845
63,129,9.362142857142857
63,130,5.296190476190477
63,131,7.425
63,132,5.563333333333333
63,133,6.91
63,134,3.838181818181818
63,135,6.14
63,136,17.82
63,137,10.754444444444445
63,139,7.62
63,140,12.331
63,141,10.5
63,142,11.9
63,143,12.6
63,144,9.735
63,145,10.07875
63,146,11.478
63,147,16.705000000000002
63,148,12.493333333333332
63,149,10.47
63,150,12.226666666666667
63,151,14.6
63,152,15.64
63,155,7.281999999999999
63,157,3.8911111111111114
63,158,18.07
63,159,12.995
63,160,3.665714285714286
63,161,9.1
63,162,10.52
63,164,11.075384615384614
63,165,8.99
63,167,5.6
63,168,15.900000000000002
63,169,17.4
63,170,12.4575
63,171,14.0
63,173,8.22
63,177,2.2893333333333334
63,178,14.2
63,179,11.748888888888889
63,180,1.7128571428571429
63,181,6.24125
63,182,9.0
63,186,12.65
63,188,4.6644736842105265
63,189,5.645
63,190,5.72
63,191,9.256
63,192,8.986
63,193,12.915
63,196,4.654545454545455
63,197,2.9452380952380954
63,198,2.911666666666667
63,201,7.958333333333333
63,202,11.3
63,203,8.51
63,205,8.34875
63,209,7.8149999999999995
63,210,9.983333333333333
63,212,18.08
63,213,15.266666666666666
63,215,6.58125
63,216,3.5490625
63,217,5.27
63,218,6.412727272727273
63,219,6.462000000000001
63,222,2.9475000000000002
63,223,11.935
63,225,4.2525
63,226,9.482608695652173
63,227,16.615
63,228,13.262666666666666
63,229,7.7
63,230,10.736363636363636
63,231,8.733
63,232,11.476666666666667
63,233,15.55
63,234,11.575714285714286
63,236,12.642857142857142
63,237,11.36
63,238,14.049999999999999
63,239,16.2
63,241,21.38
63,242,16.540000000000003
63,243,18.028
63,244,15.3
63,246,14.124
63,247,16.72909090909091
63,248,14.059166666666668
63,250,14.74
63,252,10.53
63,253,8.68
63,254,18.485
63,255,5.178
63,256,5.57
63,257,6.045000000000001
63,258,1.5303076923076924
63,259,21.7
63,260,5.390000000000001
63,261,9.2
63,262,17.36
63,263,13.561666666666667
64,7,11.75
64,10,9.62
64,14,19.9
64,15,5.113333333333333
64,16,3.2199999999999998
64,18,15.125
64,19,3.29
64,21,24.54
64,28,11.5975
64,34,15.57
64,36,12.3
64,38,7.1
64,40,15.8
64,41,15.94
64,42,18.4
64,43,14.4
64,45,18.45
64,47,12.2
64,49,7.1
64,50,20.67
64,53,8.09
64,56,7.25
64,63,11.87
64,65,17.48
64,67,23.41
64,68,17.7
64,72,13.3
64,75,16.78
64,76,9.5
64,79,15.7
64,85,17.275
64,90,15.0
64,92,6.717777777777778
64,93,8.51
64,95,8.521666666666667
64,98,4.38
64,100,14.74
64,101,4.015
64,102,11.99
64,107,13.835
64,112,12.713333333333333
64,117,13.42
64,121,5.32
64,122,6.39
64,126,13.77
64,129,10.2175
64,130,6.678
64,131,4.45
64,132,12.853333333333333
64,134,7.95
64,135,6.233333333333333
64,137,14.48
64,139,7.0600000000000005
64,140,18.73
64,141,15.5
64,142,17.41
64,143,17.6
64,145,13.13
64,146,13.96
64,148,14.540000000000001
64,157,10.3
64,159,13.25
64,160,10.22
64,162,15.1
64,171,5.646666666666667
64,173,6.9
64,175,1.7579999999999998
64,177,13.7
64,179,12.08
64,180,13.975
64,185,10.79
64,186,14.0
64,188,14.45
64,191,5.675000000000001
64,192,5.88
64,196,8.32
64,197,9.863333333333335
64,198,12.7
64,203,8.5
64,205,7.42
64,210,14.6
64,215,8.195
64,216,13.469999999999999
64,218,10.04
64,219,8.41
64,222,15.3
64,223,12.34
64,229,14.1
64,230,13.299999999999999
64,232,17.0
64,233,13.2
64,234,14.56
64,237,15.1
64,238,18.766666666666666
64,241,13.4
64,244,14.58
64,246,15.32
64,247,14.8
64,249,15.8
64,252,7.23
64,257,17.1
64,258,11.37
64,259,12.75
64,262,14.1
64,263,15.0
65,1,15.9440625
65,3,20.19
65,4,3.57025
65,7,8.325111111111111
65,9,16.23
65,10,13.802727272727275
65,11,9.5525
65,12,3.4214285714285713
65,13,3.171372549019608
65,14,6.887878787878788
65,15,18.1
65,16,16.345
65,17,2.2971495327102804
65,18,17.59
65,21,8.354
65,22,8.70875
65,24,9.802000000000001
65,25,0.9445751633986929
65,26,6.7299999999999995
65,28,12.809999999999999
65,29,12.387142857142857
65,32,17.88
65,33,1.0392258064516129
65,34,1.5212280701754388
65,35,5.10741935483871
65,36,4.488214285714285
65,37,3.741014492753623
65,38,16.099999999999998
65,39,7.280833333333334
65,40,1.4869117647058823
65,41,10.6953125
65,42,11.426666666666666
65,43,8.4125
65,44,25.66
65,45,1.8707954545454546
65,46,18.7
65,47,11.466666666666667
65,48,6.451525423728813
65,49,1.429619450317125
65,50,5.998666666666667
65,51,19.12375
65,52,1.231923076923077
65,53,13.315000000000001
65,54,1.8624137931034481
65,55,12.101818181818182
65,56,9.572727272727272
65,60,13.6575
65,61,2.9337620578778134
65,62,2.9457647058823526
65,63,7.904117647058824
65,66,1.0930285714285715
65,67,7.226153846153846
65,68,4.8101324503311265
65,69,12.037142857142856
65,70,10.206666666666665
65,71,4.850416666666667
65,72,5.483018867924529
65,73,13.76
65,74,10.780000000000001
65,75,9.905853658536586
65,76,6.74
65,77,5.861666666666667
65,78,13.200999999999999
65,79,3.167235294117647
65,80,3.826219512195122
65,81,21.206666666666667
65,82,8.034666666666666
65,83,7.564
65,85,4.822413793103448
65,86,19.366666666666667
65,87,2.4062105263157894
65,88,2.896451612903226
65,89,4.373289473684211
65,90,4.172093023255814
65,91,6.651020408163265
65,92,12.092777777777776
65,95,9.912777777777778
65,96,10.0
65,97,1.0768079096045198
65,98,12.325
65,100,5.597076923076923
65,102,8.334999999999999
65,106,1.6127868852459015
65,107,4.28367816091954
65,108,11.463333333333333
65,111,5.7
65,112,4.270641025641026
65,113,3.22047619047619
65,114,2.9053333333333335
65,116,12.210555555555555
65,117,18.30818181818182
65,119,14.336666666666666
65,120,13.72
65,121,8.9675
65,122,15.323333333333332
65,123,7.6066666666666665
65,124,15.085
65,125,2.7612121212121212
65,126,15.82
65,127,14.9
65,129,8.290000000000001
65,130,15.067142857142857
65,131,14.996111111111112
65,132,17.24383333333333
65,133,5.2895
65,134,12.526
65,135,11.42125
65,136,15.206666666666669
65,137,4.741752577319588
65,138,10.676842105263157
65,139,20.98
65,140,7.110612244897959
65,141,7.170727272727272
65,142,7.935142857142858
65,143,7.118181818181818
65,144,2.1465
65,145,6.0975
65,146,7.199999999999999
65,148,2.479520958083832
65,149,7.595555555555555
65,150,12.69
65,151,9.354166666666666
65,152,12.706
65,153,15.44
65,155,10.135714285714286
65,156,15.39
65,157,6.071923076923077
65,158,3.79
65,159,12.3
65,160,7.62125
65,161,6.359448275862069
65,162,6.050660377358491
65,163,6.861428571428571
65,164,5.35171875
65,165,5.965999999999999
65,166,10.509444444444444
65,167,12.884285714285713
65,168,11.235555555555557
65,169,15.125
65,170,5.425625
65,171,14.983333333333334
65,172,13.355
65,173,11.089999999999998
65,174,15.966666666666667
65,175,13.706
65,177,4.610588235294117
65,178,7.048333333333333
65,179,8.929130434782609
65,180,8.923333333333334
65,181,1.6686528497409328
65,182,13.965714285714286
65,183,13.9
65,185,17.726
65,186,4.971512605042017
65,188,3.2978947368421054
65,189,1.6030434782608693
65,190,2.3722222222222222
65,191,17.25357142857143
65,192,11.675
65,193,7.08909090909091
65,194,14.495000000000001
65,195,2.657741935483871
65,196,8.033076923076923
65,197,12.359090909090908
65,198,6.057575757575758
65,200,18.203333333333333
65,201,12.6
65,202,7.19375
65,205,14.805714285714286
65,208,17.476666666666667
65,209,2.048235294117647
65,210,12.295789473684211
65,211,2.4760344827586205
65,212,15.385000000000002
65,213,14.187142857142858
65,215,12.3975
65,216,12.733076923076924
65,217,2.375
65,218,22.0
65,219,14.205
65,220,16.35
65,222,9.389375
65,223,9.454
65,224,4.6755555555555555
65,225,3.226204819277108
65,226,6.345714285714285
65,227,4.983333333333333
65,228,4.201428571428572
65,229,6.333333333333333
65,230,6.445434782608696
65,231,2.2379470198675495
65,232,2.735081967213115
65,233,5.73296875
65,234,4.2535
65,235,12.978333333333333
65,236,8.729183673469388
65,237,7.416734693877551
65,238,9.3052
65,239,8.566190476190476
65,240,16.77
65,241,17.436666666666667
65,242,17.113333333333333
65,243,14.556000000000001
65,244,14.046363636363635
65,245,13.67
65,246,4.997613636363637
65,247,13.5
65,248,13.43
65,249,3.465161290322581
65,251,12.6
65,254,19.415
65,255,3.585
65,256,3.3920967741935484
65,257,3.8144
65,258,10.42375
65,259,18.45
65,260,7.225454545454546
65,261,2.5874117647058825
65,262,8.114814814814814
65,263,8.475116279069768
66,1,15.405000000000001
66,4,3.948837209302326
66,7,8.85
66,9,13.37
66,10,15.535
66,11,9.855
66,12,4.0
66,13,3.0776041666666667
66,14,7.566346153846154
66,16,15.695
66,17,3.082051282051282
66,18,15.913333333333334
66,19,19.4
66,20,14.795
66,21,9.07
66,22,8.68388888888889
66,24,9.033333333333333
66,25,1.6173333333333333
66,26,6.2942857142857145
66,27,21.259999999999998
66,28,6.02
66,29,13.163333333333334
66,31,17.27
66,33,0.9144262295081967
66,34,1.6776470588235295
66,35,6.038
66,36,4.849622641509433
66,37,4.140833333333333
66,38,18.86
66,39,9.472777777777777
66,40,2.198490566037736
66,41,11.471666666666666
66,42,11.887500000000001
66,43,8.232727272727272
66,45,2.061917808219178
66,47,9.8
66,48,6.38353982300885
66,49,2.538777777777778
66,50,5.702307692307692
66,51,19.685
66,52,1.4580555555555557
66,53,11.325
66,54,1.45875
66,55,12.591
66,56,9.145714285714286
66,57,11.105
66,60,14.32
66,61,3.9685858585858584
66,62,3.9033333333333338
66,63,6.395
66,65,1.2405333333333335
66,67,7.4541176470588235
66,68,4.95859649122807
66,69,12.11
66,70,10.35125
66,71,6.575384615384616
66,72,5.1975
66,73,13.175
66,74,10.612941176470587
66,75,8.836428571428572
66,76,8.151875
66,77,6.583333333333333
66,78,15.557999999999998
66,79,3.7522641509433963
66,80,3.8053164556962025
66,82,7.9575
66,83,7.491818181818181
66,85,5.820476190476191
66,86,29.1
66,87,2.3065833333333337
66,88,2.8889873417721517
66,89,6.027906976744186
66,90,4.341325301204819
66,91,9.134285714285713
66,92,12.604375
66,93,11.075
66,95,9.7
66,96,12.27
66,97,1.7256390977443608
66,98,12.5
66,100,6.291538461538462
66,102,8.904
66,106,2.899
66,107,4.788736842105263
66,108,7.819999999999999
66,111,3.85
66,112,4.5984375
66,113,3.4370588235294117
66,114,3.3987692307692305
66,115,10.7
66,116,12.804545454545455
66,117,22.4
66,119,11.515
66,120,13.285
66,121,12.116
66,122,15.255
66,123,9.17375
66,125,2.9918
66,126,10.38
66,129,8.266428571428571
66,130,13.964705882352941
66,131,14.186666666666667
66,132,18.885
66,133,5.41
66,134,11.676666666666668
66,135,11.685
66,136,15.6
66,137,5.016909090909091
66,138,10.291960784313725
66,140,7.079019607843136
66,141,7.3124
66,142,7.955641025641025
66,143,7.47
66,144,2.645976331360947
66,145,6.090487804878049
66,146,7.968125
66,147,13.24
66,148,2.8922151898734176
66,149,8.678
66,150,13.58
66,151,10.46875
66,152,12.860000000000001
66,154,18.24
66,155,8.98
66,157,6.288333333333333
66,158,4.082857142857143
66,160,8.09
66,161,6.866224489795918
66,162,6.541510791366906
66,163,7.394137931034482
66,164,5.94754189944134
66,165,7.5840000000000005
66,166,11.16090909090909
66,167,14.92
66,168,11.425384615384615
66,169,16.68
66,170,6.052834645669291
66,171,13.897499999999999
66,173,10.2625
66,174,18.516666666666666
66,177,5.179615384615384
66,178,7.859999999999999
66,179,9.849
66,180,14.715
66,181,2.845808383233533
66,182,18.59
66,186,5.082038834951457
66,188,4.825365853658536
66,189,2.8348648648648647
66,190,3.383846153846154
66,191,15.589000000000002
66,192,10.96
66,193,6.976000000000001
66,194,11.25
66,195,2.641627906976744
66,196,8.557500000000001
66,197,12.266666666666666
66,198,6.9003125
66,201,21.1
66,202,8.636666666666665
66,205,14.84
66,206,13.81
66,208,14.3
66,209,2.3513953488372095
66,210,14.862857142857143
66,211,3.018214285714286
66,212,13.745000000000001
66,213,13.055
66,215,13.92
66,216,13.588181818181818
66,217,2.582
66,218,17.61
66,219,21.033333333333335
66,222,8.62
66,223,9.697857142857144
66,224,4.632
66,225,4.35758064516129
66,226,6.287
66,227,5.5525
66,228,4.491818181818182
66,229,7.154230769230769
66,230,6.857466063348416
66,231,2.1960893854748607
66,232,3.2302083333333336
66,233,5.917951807228915
66,234,4.833602941176471
66,235,14.743333333333334
66,236,9.1522
66,237,7.579890109890109
66,238,9.02
66,239,8.057164179104479
66,240,18.9
66,241,15.562000000000001
66,242,16.14
66,243,14.18142857142857
66,244,13.757272727272726
66,246,5.037413793103449
66,247,13.16
66,248,10.13
66,249,3.4152577319587625
66,250,15.376666666666665
66,252,16.25
66,254,20.5
66,255,4.074110169491526
66,256,3.322437810945274
66,257,4.715454545454546
66,258,11.3275
66,260,7.160666666666667
66,261,2.680892857142857
66,262,8.235199999999999
66,263,8.482333333333333
67,3,16.85
67,4,11.245
67,7,14.99888888888889
67,11,2.1933333333333334
67,13,7.380000000000001
67,14,1.502258064516129
67,16,21.2
67,17,7.605
67,21,2.6500000000000004
67,22,1.5159459459459461
67,25,6.16
67,26,1.8565625
67,29,5.59
67,33,5.966666666666667
67,35,9.186666666666667
67,36,10.355
67,37,10.1325
67,39,10.76
67,40,5.7575
67,41,19.3
67,42,17.955
67,45,4.0
67,48,11.195
67,49,7.21
67,50,11.475
67,52,5.324999999999999
67,54,4.665
67,55,5.058
67,56,16.1
67,61,7.7871428571428565
67,62,4.7
67,65,7.1816666666666675
67,66,8.925
67,68,11.575000000000001
67,71,4.44
67,72,6.173333333333333
67,73,20.2
67,74,18.67
67,75,14.453999999999999
67,76,14.01
67,77,14.24
67,79,10.75
67,80,9.6
67,82,19.185
67,83,12.83
67,87,7.3183333333333325
67,88,7.65
67,89,3.636
67,90,8.9
67,91,4.708333333333333
67,92,16.7
67,93,17.466666666666665
67,94,21.0
67,97,7.522
67,102,17.046666666666667
67,106,4.5925
67,107,10.4
67,108,3.905
67,112,7.676666666666667
67,114,9.106666666666667
67,117,14.266666666666666
67,119,20.2
67,123,3.8000000000000003
67,125,8.59
67,130,17.7
67,132,19.08
67,133,2.276666666666667
67,137,11.65
67,140,12.3
67,141,11.55125
67,142,12.54
67,143,11.479999999999999
67,144,8.7075
67,145,11.2
67,146,11.32
67,148,9.776666666666666
67,149,4.49
67,150,6.875
67,155,8.408
67,157,13.41
67,158,9.29
67,160,11.8
67,161,12.97
67,162,12.458
67,164,10.56
67,166,14.86
67,168,15.1
67,170,11.253636363636364
67,171,24.1
67,178,2.62
67,181,5.410833333333334
67,186,10.33
67,188,5.724
67,189,5.88
67,193,11.8
67,195,5.96625
67,201,12.415
67,209,9.44
67,210,6.46125
67,211,9.436666666666667
67,219,18.55
67,222,12.895
67,223,19.6
67,225,7.285
67,226,12.262
67,227,2.115
67,228,2.48875
67,229,11.6725
67,230,11.448333333333332
67,231,7.953333333333333
67,232,11.34
67,233,10.985714285714286
67,234,10.53
67,237,13.992
67,239,13.95
67,240,25.0
67,244,15.0225
67,246,11.1
67,249,9.655000000000001
67,255,12.004999999999999
67,256,9.26
67,257,4.006666666666667
67,258,16.3
67,260,14.5
67,261,7.006
67,262,15.19
67,263,14.835
68,1,16.761798839458415
68,3,16.038333333333334
68,4,2.7566318537859007
68,6,16.3475
68,7,6.0814859437751005
68,8,5.6850000000000005
68,9,12.040000000000001
68,10,15.725526315789475
68,11,12.704
68,12,3.9566483516483517
68,13,3.149152
68,14,11.068740157480315
68,16,14.916666666666666
68,17,7.135196850393701
68,18,13.98
68,19,18.04
68,20,13.266521739130434
68,21,13.69
68,22,12.202692307692306
68,23,21.619999999999997
68,24,4.641329479768786
68,25,6.025032258064516
68,26,10.381538461538462
68,27,24.76
68,28,12.617142857142856
68,29,16.65
68,30,26.6
68,31,14.156666666666666
68,32,14.89
68,33,5.5985
68,34,5.790967741935484
68,35,10.016341463414635
68,36,7.778108108108109
68,37,7.440305343511451
68,38,12.466666666666667
68,39,15.498529411764707
68,40,6.443795180722892
68,41,5.7477675840978595
68,42,7.273321739130434
68,43,3.048058510638298
68,44,28.97
68,45,3.2313412563667234
68,47,11.026666666666666
68,48,1.2251111353236
68,49,6.362311557788944
68,50,1.400720742150333
68,51,15.293125
68,52,6.322785714285715
68,53,12.886363636363637
68,54,6.518135593220339
68,55,15.952222222222222
68,56,8.547777777777778
68,57,9.82
68,58,15.34
68,60,12.244444444444445
68,61,8.012717391304347
68,62,8.39578947368421
68,63,12.442857142857141
68,64,16.956666666666667
68,65,5.364222972972973
68,66,5.183503937007874
68,67,10.7875
68,69,9.925365853658537
68,70,9.711162790697674
68,71,10.821666666666667
68,72,11.56875
68,73,12.6
68,74,6.410247524752474
68,75,5.087091377091377
68,76,13.817000000000002
68,77,14.147058823529411
68,78,12.699444444444445
68,79,2.203828770099957
68,80,6.383040540540541
68,81,16.518
68,82,8.165000000000001
68,83,8.855882352941178
68,85,9.764848484848486
68,86,22.118000000000002
68,87,4.066993736951983
68,88,4.154502793296089
68,89,10.094920634920635
68,90,0.9058022784321297
68,91,12.824444444444444
68,92,12.47081081081081
68,93,9.262
68,94,10.958571428571428
68,95,11.01392
68,96,10.725
68,97,5.908820512820513
68,98,13.659999999999998
68,100,1.0520277410832233
68,101,15.076666666666668
68,102,9.8925
68,106,7.0989010989010985
68,107,1.5469819494584838
68,108,14.475454545454545
68,111,7.863333333333333
68,112,5.232718120805369
68,113,1.5945188729399256
68,114,1.8232021196063586
68,115,16.53
68,116,7.464650000000001
68,117,18.27
68,118,18.26
68,119,9.73913043478261
68,120,8.740909090909092
68,121,12.70142857142857
68,122,16.990000000000002
68,123,13.106
68,124,14.201999999999998
68,125,1.9164836325237593
68,126,11.132
68,127,10.062189349112426
68,128,9.9725
68,129,7.978965517241379
68,130,12.64
68,131,14.43375
68,132,17.80764915405165
68,133,9.486415094339621
68,134,12.150714285714287
68,135,11.872857142857143
68,136,10.372666666666667
68,137,1.644233507356431
68,138,11.022243346007604
68,139,22.86
68,140,3.688209050350542
68,141,3.413111839026673
68,142,2.0967812798471823
68,143,2.1913408330799635
68,144,2.4511696606786426
68,145,4.2366101694915255
68,146,5.073116883116883
68,147,11.044666666666666
68,148,2.853173198482933
68,149,12.043529411764707
68,150,16.853076923076923
68,151,4.293057768924302
68,152,6.120191387559808
68,153,11.375454545454545
68,154,19.06
68,155,17.79222222222222
68,156,19.845714285714287
68,157,6.6692
68,158,1.1700812630601347
68,159,8.532857142857143
68,160,8.264285714285714
68,161,1.7693416166809484
68,162,2.0309084337349397
68,163,1.9560950764006793
68,164,1.207111689351481
68,165,11.292608695652175
68,166,5.358133333333333
68,167,9.882352941176471
68,168,8.728596491228071
68,169,10.013
68,170,1.5247227788911157
68,171,14.107142857142858
68,172,17.637999999999998
68,173,10.82
68,174,14.315384615384614
68,175,14.25
68,176,18.295
68,177,10.098571428571429
68,178,10.344999999999999
68,179,7.145934065934066
68,180,11.71375
68,181,7.53171270718232
68,182,12.384583333333333
68,183,15.357777777777777
68,184,13.1
68,185,14.095
68,186,0.8730983139916795
68,187,23.97
68,188,9.011
68,189,6.855210084033613
68,190,8.026875
68,191,17.753636363636364
68,192,10.262
68,193,4.90811320754717
68,194,9.186666666666666
68,195,7.314453125
68,196,8.438148148148148
68,197,13.328888888888889
68,198,7.7390384615384615
68,200,12.34377358490566
68,201,23.805000000000003
68,202,5.812558139534883
68,203,17.719
68,204,23.5
68,205,16.776666666666667
68,206,17.81
68,207,10.81
68,208,13.785
68,209,3.743068391866913
68,210,16.74
68,211,2.078922487223169
68,212,11.833846153846155
68,213,12.693823529411766
68,215,13.86357142857143
68,216,15.297222222222224
68,217,5.4752
68,218,16.5
68,219,17.465
68,220,11.311803278688524
68,221,13.78
68,222,14.24
68,223,8.302336448598131
68,224,2.1140613026819923
68,225,7.559682539682539
68,226,5.322201834862385
68,227,9.29304347826087
68,228,8.478
68,229,2.623972902097902
68,230,1.452717184172178
68,231,2.6379148546578164
68,232,3.731916558018253
68,233,1.9928630705394192
68,234,1.159238108218618
68,235,10.189512195121951
68,236,4.074470918009811
68,237,2.9796319723979297
68,238,3.7457669983416255
68,239,2.9355719759168033
68,240,15.555
68,241,13.086666666666668
68,242,14.182727272727272
68,243,9.266214953271028
68,244,8.066343537414966
68,245,17.4
68,246,0.8714823008849558
68,247,9.29
68,248,12.093846153846155
68,249,1.2060129183793307
68,250,12.979
68,251,20.46
68,252,11.253333333333336
68,254,14.687727272727273
68,255,5.937329192546584
68,256,5.4565074626865675
68,257,8.709204545454545
68,258,10.729090909090909
68,259,14.973125
68,260,7.503
68,261,3.5802255639097744
68,262,4.604505862646566
68,263,4.387289442467378
69,3,8.289166666666667
69,4,9.172105263157896
69,7,6.0825
69,9,12.7
69,10,16.575
69,12,12.745000000000001
69,13,12.3
69,14,17.75
69,16,10.8
69,17,10.533333333333333
69,18,3.3442857142857143
69,19,16.75
69,20,2.876190476190476
69,21,19.634999999999998
69,22,19.9
69,24,4.13
69,25,11.357857142857142
69,26,17.573333333333334
69,28,13.495
69,31,4.34
69,32,5.228095238095238
69,33,10.786
69,35,18.275555555555556
69,36,10.455
69,37,11.661428571428571
69,38,19.02
69,39,18.766666666666666
69,40,13.26
69,41,3.562857142857143
69,42,2.277391304347826
69,43,5.473333333333334
69,45,13.059999999999999
69,46,11.1
69,47,1.6761702127659575
69,48,8.117666666666667
69,49,1.02
69,50,8.54888888888889
69,51,9.3332
69,53,10.525
69,55,19.166666666666668
69,56,12.136666666666665
69,57,8.6
69,58,8.85
69,59,2.03
69,60,2.283478260869565
69,61,14.464999999999998
69,62,13.675
69,63,14.923333333333334
69,64,18.125
69,65,12.276363636363635
69,66,13.78
69,68,9.460625
69,70,8.1175
69,71,17.130000000000003
69,72,17.900000000000002
69,73,12.09
69,74,3.010975609756098
69,75,3.626
69,76,16.58888888888889
69,77,17.94
69,78,2.74625
69,79,10.070833333333333
69,80,9.264
69,81,9.444666666666667
69,82,8.88
69,83,9.095
69,85,17.033333333333335
69,86,23.075
69,87,11.66
69,88,11.899999999999999
69,89,16.185454545454544
69,90,9.43375
69,91,19.366666666666667
69,92,9.1
69,93,11.4
69,94,2.5666666666666664
69,95,12.683333333333332
69,97,13.365
69,100,8.8235
69,102,14.153333333333334
69,107,9.032727272727273
69,112,10.01
69,113,9.488333333333333
69,114,9.776666666666666
69,116,2.3691525423728814
69,117,23.8
69,119,1.1048387096774193
69,120,3.5
69,121,13.407142857142857
69,122,14.65
69,123,23.86
69,125,11.165
69,126,2.668285714285714
69,127,3.8516666666666666
69,128,4.895555555555556
69,129,9.318000000000001
69,130,14.319999999999999
69,132,17.2
69,134,11.9
69,135,12.82
69,136,3.32
69,137,8.333823529411765
69,138,9.4
69,139,19.2675
69,140,5.742162162162162
69,141,5.632307692307692
69,142,7.842727272727273
69,143,7.785
69,144,10.255714285714287
69,145,9.251428571428573
69,146,7.343999999999999
69,147,1.6436842105263159
69,148,10.504285714285714
69,150,19.8
69,151,4.6091304347826085
69,152,2.9892857142857143
69,153,4.64
69,155,22.35
69,157,11.52
69,158,10.706666666666669
69,159,1.5419999999999998
69,160,11.7
69,161,8.208499999999999
69,162,7.422666666666667
69,163,7.288235294117648
69,164,8.16294117647059
69,165,17.9
69,166,3.9914583333333336
69,167,1.5030000000000001
69,168,2.017037037037037
69,169,1.8907999999999998
69,170,8.010399999999999
69,173,9.408
69,174,4.898648648648648
69,177,17.7625
69,178,18.2
69,179,6.676666666666667
69,180,24.9
69,181,15.682500000000001
69,182,5.067
69,183,7.15
69,185,5.945
69,186,8.905555555555557
69,188,15.799999999999999
69,191,17.776666666666667
69,192,9.9
69,193,7.5600000000000005
69,195,13.033333333333333
69,196,12.246666666666668
69,197,13.471052631578948
69,198,10.940000000000001
69,200,7.883333333333333
69,202,8.85
69,205,16.9825
69,208,6.918461538461538
69,209,10.678666666666667
69,211,11.886666666666665
69,212,3.698888888888889
69,213,4.893928571428572
69,215,15.011111111111111
69,216,15.6325
69,217,10.1
69,218,18.853333333333335
69,219,18.8
69,220,5.108666666666666
69,222,17.6
69,223,6.37
69,224,8.784285714285714
69,225,14.46
69,226,8.745454545454546
69,227,15.7
69,228,16.853333333333335
69,229,6.765
69,230,8.17423076923077
69,231,10.771600000000001
69,232,9.428666666666667
69,233,7.92
69,234,8.921428571428573
69,235,2.2216666666666667
69,236,5.318333333333333
69,237,6.28875
69,238,5.543333333333333
69,239,7.562222222222222
69,240,5.787999999999999
69,241,4.351428571428571
69,242,5.3954545454545455
69,243,3.07093023255814
69,244,2.8594736842105264
69,246,9.417857142857143
69,247,1.2576470588235293
69,248,4.322380952380952
69,249,10.528333333333334
69,250,5.268666666666666
69,252,9.0
69,254,7.3212
69,255,12.265
69,256,11.526666666666666
69,258,15.635
69,259,7.5175
69,260,7.449999999999999
69,261,12.279230769230768
69,262,5.0775
69,263,4.7916
70,1,28.310588235294116
70,3,12.17
70,4,9.992926829268292
70,7,3.343939393939394
70,8,3.495
70,9,7.8999999999999995
70,10,10.0625
70,13,13.981
70,14,18.06590909090909
70,15,7.96090909090909
70,16,8.970454545454546
70,17,9.30183908045977
70,18,11.86923076923077
70,19,11.525
70,20,11.338
70,21,20.003999999999998
70,22,15.790000000000001
70,24,8.958780487804878
70,25,10.562333333333333
70,26,16.07181818181818
70,28,6.962857142857143
70,29,21.466
70,30,16.1
70,31,10.736666666666666
70,32,11.125
70,33,10.371621621621621
70,34,8.796000000000001
70,35,11.316153846153847
70,36,8.1738
70,37,8.807066666666666
70,38,12.038
70,39,14.9
70,40,11.795
70,41,7.2286335403726705
70,42,7.2447
70,43,9.44910891089109
70,45,11.018695652173914
70,46,15.19
70,47,10.203333333333333
70,48,10.347755511022044
70,49,9.353529411764706
70,50,11.074583333333335
70,51,12.14625
70,52,11.312702702702703
70,53,4.655405405405405
70,54,11.505454545454546
70,55,21.872
70,56,3.356666666666667
70,58,10.379999999999999
70,60,8.655
70,61,11.270882352941177
70,62,11.4915625
70,63,10.0775
70,64,11.655714285714286
70,65,10.225079365079365
70,66,10.2059375
70,67,16.4075
70,68,9.84337912087912
70,69,8.093333333333334
70,71,14.001428571428573
70,72,13.208461538461538
70,73,5.008571428571429
70,74,6.423939393939394
70,75,7.761322314049587
70,76,10.831304347826087
70,77,11.106
70,78,10.021818181818182
70,79,10.197619047619048
70,80,6.921818181818182
70,81,11.969999999999999
70,82,3.3497402597402597
70,83,3.764444444444445
70,84,35.16
70,85,13.961818181818183
70,86,16.18
70,87,12.693777777777779
70,88,13.080806451612903
70,89,14.93731707317073
70,90,9.87174089068826
70,91,17.133333333333333
70,92,4.147355371900827
70,93,4.362777777777778
70,94,12.285
70,95,5.343082706766917
70,96,7.17
70,97,9.575999999999999
70,98,7.19
70,100,9.324842767295598
70,101,12.991999999999999
70,102,8.434285714285714
70,106,11.772916666666667
70,107,9.282689393939394
70,108,22.395
70,112,7.105628742514971
70,113,10.206847826086957
70,114,10.728205128205127
70,115,21.59
70,116,8.240338983050847
70,117,18.782
70,119,8.844285714285714
70,120,9.273333333333333
70,121,6.609545454545454
70,122,9.8075
70,123,19.0825
70,124,12.42875
70,125,11.149150943396226
70,126,8.86
70,127,10.683636363636364
70,129,2.081292134831461
70,130,7.351785714285714
70,131,8.366875
70,132,12.16960396039604
70,133,15.539166666666667
70,134,6.661764705882353
70,135,6.098888888888889
70,136,12.10875
70,137,8.922689075630252
70,138,3.2718867924528303
70,139,12.88625
70,140,8.832914798206279
70,141,8.891215805471125
70,142,10.164526315789473
70,143,11.150632911392405
70,144,10.22162162162162
70,145,6.594129032258064
70,146,4.688923076923077
70,147,6.7
70,148,9.744596273291926
70,149,19.3275
70,150,27.83
70,151,9.010961538461538
70,152,7.814347826086956
70,153,14.023333333333333
70,155,20.021666666666665
70,156,24.23
70,157,5.614347826086957
70,158,11.060357142857143
70,159,7.627857142857144
70,160,6.469090909090909
70,161,9.509074074074073
70,162,9.255936952714537
70,163,9.983254637436762
70,164,9.11025806451613
70,165,16.76
70,166,8.088425196850395
70,167,8.73857142857143
70,168,6.348235294117647
70,169,10.942857142857141
70,170,8.697448559670782
70,171,5.281000000000001
70,173,1.70425
70,174,12.637
70,175,9.959285714285715
70,177,10.908125
70,178,17.18
70,179,3.4125974025974024
70,180,11.363333333333335
70,181,12.10753164556962
70,182,9.932857142857143
70,183,10.268333333333333
70,185,11.870000000000001
70,186,9.523545816733067
70,188,12.243518518518519
70,189,10.367931034482758
70,190,14.326666666666666
70,191,11.273636363636363
70,192,5.008
70,193,5.2736363636363635
70,194,6.872857142857143
70,195,12.989999999999998
70,196,5.206315789473685
70,197,7.945652173913044
70,198,7.73936170212766
70,200,14.678076923076922
70,201,19.900000000000002
70,202,5.8886666666666665
70,203,15.13
70,204,32.5
70,205,10.395454545454545
70,207,3.4483333333333337
70,208,10.041176470588235
70,209,12.607042253521128
70,210,21.52
70,211,10.836979166666666
70,212,8.606666666666667
70,213,9.769
70,214,20.07
70,215,8.392727272727273
70,216,9.588275862068965
70,217,8.280625
70,218,11.687142857142858
70,219,12.203333333333333
70,220,12.652
70,222,12.963
70,223,2.7720833333333332
70,224,9.565862068965519
70,225,9.384782608695652
70,226,5.1896969696969695
70,227,15.489090909090908
70,228,14.274545454545455
70,229,9.127222222222223
70,230,9.967105465742879
70,231,11.726281407035177
70,232,10.053548387096775
70,233,8.938888888888888
70,234,9.739620853080568
70,235,10.833333333333334
70,236,8.361503579952267
70,237,9.183498622589532
70,238,9.30242105263158
70,239,10.039594594594595
70,241,11.525555555555556
70,242,9.993636363636364
70,243,10.114285714285714
70,244,9.44
70,246,10.516803278688524
70,247,8.326363636363636
70,248,8.264
70,249,10.841875
70,250,9.72111111111111
70,252,6.037804878048781
70,253,4.36
70,254,13.060666666666666
70,255,7.419806763285025
70,256,7.8047272727272725
70,257,14.461612903225806
70,258,8.7125
70,259,13.825454545454546
70,260,3.77974358974359
70,261,13.547194244604317
70,262,7.973772893772894
70,263,8.114935897435897
71,3,20.8
71,4,9.128
71,7,10.9
71,9,12.5
71,10,10.286818181818182
71,11,5.113333333333333
71,12,7.3566666666666665
71,14,8.417272727272728
71,15,14.6
71,16,14.2
71,17,3.7430769230769227
71,18,20.049999999999997
71,19,13.6
71,21,4.343999999999999
71,22,5.112
71,25,4.705957446808511
71,26,3.6848275862068967
71,28,9.39
71,29,5.868333333333333
71,32,19.8
71,33,5.2457142857142856
71,34,4.701666666666667
71,35,2.635204081632653
71,36,4.530625
71,37,4.276363636363636
71,38,12.98
71,39,2.7038202247191014
71,40,5.5
71,41,15.404444444444445
71,42,12.265
71,43,10.7125
71,45,6.78875
71,47,18.549999999999997
71,48,10.971666666666666
71,49,4.275294117647059
71,50,12.18888888888889
71,51,19.633333333333336
71,52,5.345
71,53,14.37
71,54,5.556
71,55,8.179166666666667
71,56,11.3
71,57,12.23
71,60,15.55
71,61,2.6559
71,62,2.3142424242424244
71,63,5.668461538461538
71,65,5.121351351351351
71,66,5.402857142857143
71,67,6.565
71,68,9.690625
71,69,16.625
71,70,12.7
71,72,1.5662
71,74,13.4625
71,75,14.22896551724138
71,76,4.132275449101797
71,77,3.247966101694915
71,78,18.599999999999998
71,79,7.824545454545454
71,80,4.7092307692307696
71,81,21.366666666666664
71,82,9.466666666666667
71,83,16.4
71,85,1.21525
71,86,13.99
71,87,6.573333333333333
71,88,6.65
71,89,1.6161077844311376
71,90,9.38625
71,91,2.309609375
71,92,13.838333333333333
71,93,12.06
71,95,8.446363636363635
71,96,7.2
71,97,4.469324324324324
71,98,11.11
71,100,10.577777777777778
71,101,18.0
71,102,6.965
71,106,4.40125
71,107,8.747941176470588
71,108,7.1450000000000005
71,112,6.33
71,113,8.54875
71,114,8.508333333333333
71,116,15.200000000000001
71,117,11.523076923076925
71,119,14.833333333333334
71,121,11.296666666666667
71,122,12.3125
71,123,4.093809523809524
71,124,8.52
71,126,12.8
71,127,16.515
71,130,10.828055555555556
71,131,10.936666666666667
71,132,9.01
71,133,2.3926666666666665
71,134,8.2
71,135,11.524999999999999
71,136,20.7
71,137,9.746976744186046
71,138,13.93
71,139,11.795625
71,140,12.255869565217392
71,141,11.36
71,142,13.09
71,143,13.875
71,144,7.5
71,145,10.190833333333332
71,146,10.615
71,147,20.94
71,148,6.814444444444444
71,149,3.371875
71,150,5.5438888888888895
71,151,14.466
71,152,14.2
71,154,3.52
71,155,2.672222222222222
71,157,5.48
71,158,9.845
71,159,16.97142857142857
71,160,7.85
71,161,11.905454545454546
71,162,12.794
71,163,11.7
71,164,9.188333333333334
71,165,2.469
71,166,16.66125
71,167,16.71
71,168,18.656
71,169,22.063333333333333
71,170,10.26086956521739
71,171,12.3
71,174,20.950000000000003
71,177,3.1009615384615383
71,178,3.3075
71,179,16.36
71,180,9.879999999999999
71,181,3.8080000000000003
71,183,19.314285714285713
71,185,26.4
71,186,9.39
71,188,1.8020945945945945
71,189,3.8025
71,190,2.87
71,191,14.042857142857143
71,193,9.6
71,195,5.969285714285713
71,196,9.241818181818182
71,197,9.722857142857142
71,198,5.471666666666667
71,200,20.2
71,201,10.49
71,203,12.681666666666667
71,205,12.171842105263158
71,208,19.7
71,209,7.531428571428571
71,210,4.684642857142856
71,211,1.19
71,212,16.4
71,213,16.067777777777778
71,215,11.758888888888889
71,216,8.458888888888888
71,217,4.8999999999999995
71,218,11.058666666666666
71,219,10.886666666666665
71,222,3.9321052631578945
71,223,15.624
71,224,7.225
71,225,4.012978723404256
71,226,10.280000000000001
71,227,4.711333333333333
71,228,4.927586206896552
71,229,11.575
71,230,11.395714285714286
71,231,7.899259259259259
71,232,7.699
71,233,11.4425
71,234,9.254166666666666
71,235,14.64
71,236,13.433157894736842
71,237,11.359375
71,238,14.213333333333333
71,239,13.293333333333335
71,242,12.633333333333333
71,243,20.05
71,244,18.67761904761905
71,246,10.4125
71,247,15.299999999999999
71,249,8.4
71,250,18.325
71,252,14.99
71,254,21.78625
71,255,5.301428571428572
71,256,4.943846153846153
71,257,2.69875
71,258,7.107142857142857
71,259,21.549999999999997
71,260,9.405
71,261,7.5200000000000005
71,262,15.670000000000002
71,263,13.5975
72,4,8.423333333333334
72,7,11.908333333333333
72,10,9.562999999999999
72,11,14.35
72,13,5.12
72,14,9.126086956521739
72,15,16.29
72,16,13.443333333333333
72,17,3.635081967213115
72,18,19.933333333333334
72,19,11.9
72,20,20.6
72,21,6.287692307692307
72,22,7.989
72,24,23.0
72,25,5.355441176470588
72,26,4.904827586206897
72,28,9.195
72,29,8.28
72,32,13.853333333333333
72,33,5.255
72,34,5.054
72,35,1.3786046511627907
72,36,3.8205555555555555
72,37,3.4472727272727273
72,38,11.928571428571429
72,39,1.9424757281553398
72,40,5.0075
72,41,13.664615384615384
72,42,17.249411764705883
72,43,12.5
72,45,7.090769230769231
72,46,22.09
72,47,19.200000000000003
72,48,10.539166666666667
72,49,3.839642857142857
72,50,11.93
72,51,18.22941176470588
72,52,5.961111111111111
72,53,10.8
72,54,6.513333333333333
72,55,8.81037037037037
72,56,7.4
72,60,18.99
72,61,2.027175572519084
72,62,2.3440506329113924
72,63,3.9161538461538465
72,65,4.887674418604651
72,66,5.734
72,67,7.6433333333333335
72,68,9.870999999999999
72,69,19.630000000000003
72,70,11.733333333333334
72,71,1.5957723577235772
72,73,11.94
72,74,15.707500000000001
72,75,14.75
72,76,2.8786557377049182
72,77,2.3863855421686746
72,78,18.116666666666667
72,79,8.393846153846154
72,80,4.838235294117647
72,81,20.095
72,82,7.84
72,85,2.042317073170732
72,86,14.115
72,87,8.961818181818181
72,88,7.308
72,89,2.8854037267080748
72,90,9.700000000000001
72,91,2.3969281045751636
72,92,10.784
72,93,11.593333333333334
72,94,20.73
72,95,7.631818181818182
72,96,4.596666666666667
72,97,4.670333333333333
72,100,9.932777777777778
72,101,15.29
72,102,4.9
72,106,4.590909090909091
72,107,8.6
72,108,9.958
72,112,7.348571428571428
72,113,7.40875
72,114,7.49
72,116,20.6625
72,117,11.81111111111111
72,119,17.23
72,121,9.355
72,122,12.120000000000001
72,123,4.724285714285714
72,124,4.71
72,125,7.83
72,126,17.6
72,127,23.1
72,128,19.05
72,129,11.478571428571428
72,130,9.681071428571428
72,131,11.01
72,132,6.943846153846154
72,133,3.3666666666666667
72,135,11.3
72,137,8.978958333333333
72,139,10.982222222222223
72,140,11.5553125
72,141,10.45217391304348
72,142,11.956470588235293
72,143,11.8025
72,145,8.9475
72,146,8.713750000000001
72,147,16.05
72,148,11.358
72,149,4.543333333333333
72,150,7.300909090909091
72,151,15.399999999999999
72,152,15.85
72,154,5.12
72,155,2.9885135135135137
72,157,10.319999999999999
72,158,8.682500000000001
72,159,21.7125
72,160,5.797142857142857
72,161,10.630588235294118
72,162,12.035
72,163,11.523333333333333
72,164,9.938666666666666
72,165,3.7854838709677416
72,166,14.782499999999999
72,167,17.5925
72,168,12.62
72,169,18.29
72,170,11.126315789473685
72,171,12.57
72,173,10.754999999999999
72,174,19.625714285714285
72,175,7.54
72,177,2.022758620689655
72,178,3.8600000000000003
72,179,14.317499999999999
72,180,4.96
72,181,4.242999999999999
72,182,16.895000000000003
72,184,20.45
72,185,18.605
72,186,9.668181818181818
72,188,1.8912195121951219
72,189,3.41421052631579
72,190,2.6033333333333335
72,191,13.075
72,192,10.4975
72,193,11.589999999999998
72,194,18.259999999999998
72,195,5.8675
72,196,7.640000000000001
72,197,7.764615384615384
72,198,4.676428571428572
72,201,7.171428571428572
72,202,8.14
72,203,11.136
72,205,10.831794871794871
72,208,15.4
72,209,7.497142857142857
72,210,5.253225806451613
72,211,7.904999999999999
72,212,21.3
72,213,2.3
72,214,18.605
72,215,10.08705882352941
72,216,6.763030303030304
72,217,5.45
72,218,9.263555555555556
72,219,9.483684210526315
72,220,20.0
72,222,2.7
72,223,13.781666666666666
72,224,8.995
72,225,2.8123076923076926
72,226,8.860000000000001
72,227,5.894375
72,228,6.206666666666667
72,229,10.096666666666668
72,230,11.1265
72,231,7.0404
72,232,7.22
72,233,9.993
72,234,8.5
72,235,19.66
72,236,13.819999999999999
72,237,12.606
72,238,9.799999999999999
72,239,12.966666666666667
72,241,20.67
72,242,17.356
72,244,18.512222222222224
72,246,10.563333333333333
72,247,20.796666666666667
72,248,23.86
72,249,8.0
72,250,15.989999999999998
72,252,12.997499999999999
72,254,20.384545454545457
72,255,5.514666666666667
72,256,5.06923076923077
72,257,3.7060000000000004
72,258,5.304
72,259,21.272
72,260,12.256666666666668
72,261,5.523333333333333
72,262,11.7
72,263,17.1
73,7,7.48
73,9,1.4425
73,13,17.7
73,14,18.15
73,15,2.47
73,16,2.505
73,17,11.56
73,19,6.1899999999999995
73,21,18.8
73,22,21.1
73,25,12.76
73,28,3.42
73,35,10.85
73,37,9.7425
73,41,11.95
73,48,11.2
73,53,2.89
73,56,4.22
73,64,4.98
73,65,12.33
73,69,15.0
73,70,5.235
73,74,9.571428571428571
73,76,12.41
73,77,8.3
73,78,16.66
73,79,13.7
73,82,4.536
73,83,7.15
73,89,14.1
73,90,11.6
73,92,1.5108
73,93,2.25
73,94,12.72
73,97,13.29
73,98,2.1266666666666665
73,100,16.81
73,101,7.5
73,102,8.48
73,107,11.120000000000001
73,114,10.7
73,121,2.665
73,125,11.9
73,129,5.61
73,130,5.1675
73,131,4.4425
73,132,8.5
73,135,2.1799999999999997
73,137,10.0
73,140,11.285
73,141,9.63
73,142,11.933333333333332
73,145,9.045
73,146,8.8
73,157,6.665
73,160,5.75
73,161,10.26
73,162,8.3
73,163,10.96
73,164,10.5
73,170,10.71
73,171,1.301111111111111
73,173,3.83125
73,174,11.65
73,175,3.205
73,177,11.66
73,186,11.3125
73,188,14.5
73,189,11.9
73,191,4.36
73,192,2.20375
73,196,4.97
73,197,5.859999999999999
73,216,6.3
73,219,12.205
73,223,8.030000000000001
73,225,11.3
73,226,9.53
73,227,15.6
73,230,11.835
73,231,13.325
73,232,10.7
73,234,12.0
73,236,10.350000000000001
73,244,11.3
73,246,12.35
73,248,10.72
73,259,10.1
73,260,7.22
73,262,4.5
73,263,11.2
74,1,31.994999999999997
74,3,8.648181818181818
74,4,6.591224489795918
74,7,4.34906976744186
74,8,3.7
74,10,14.107272727272727
74,11,16.2
74,12,9.315000000000001
74,13,10.403921568627451
74,14,14.106
74,16,13.338333333333333
74,17,10.9705
74,18,6.529736842105263
74,19,16.64
74,20,6.753
74,21,16.8125
74,22,19.62666666666667
74,24,1.9406451612903226
74,25,10.095555555555555
74,26,14.6
74,28,12.352666666666666
74,31,7.772
74,32,7.5209090909090905
74,33,9.696470588235295
74,34,11.123333333333335
74,35,15.582500000000001
74,36,10.920714285714284
74,37,10.413333333333334
74,38,16.3
74,39,18.387272727272727
74,40,10.915
74,41,1.0959866614358573
74,42,1.5752548694571074
74,43,1.8823771224307417
74,45,8.612054794520548
74,46,12.064444444444444
74,47,4.243898305084746
74,48,5.245544217687075
74,49,11.363333333333335
74,50,5.635136612021858
74,51,10.0484375
74,52,11.45
74,53,7.659999999999999
74,54,11.55
74,55,20.047916666666666
74,56,9.561
74,57,7.76
74,58,6.96
74,59,5.585
74,60,4.8503225806451615
74,61,11.924146341463414
74,62,13.022727272727273
74,63,13.719999999999999
74,65,9.71888888888889
74,66,9.787692307692309
74,67,17.259999999999998
74,68,6.452018348623853
74,69,2.631974522292994
74,70,6.436842105263158
74,71,15.3975
74,72,15.101428571428572
74,75,1.3228618942033574
74,76,16.122571428571426
74,77,20.549999999999997
74,78,5.608260869565218
74,79,6.590421686746988
74,80,9.285714285714286
74,81,10.220434782608695
74,82,8.215454545454547
74,83,6.194545454545454
74,85,14.37875
74,86,20.724117647058822
74,87,9.201477272727272
74,88,9.297386363636363
74,89,13.775454545454545
74,90,6.996551724137931
74,91,17.408571428571427
74,92,9.286666666666667
74,93,8.114
74,94,5.795714285714286
74,95,10.001176470588236
74,96,16.315
74,97,11.012631578947369
74,98,7.1
74,100,5.615666666666667
74,101,14.9
74,102,14.69
74,106,11.534999999999998
74,107,6.057076023391812
74,108,12.950000000000001
74,112,8.834999999999999
74,113,6.619146341463415
74,114,7.7688
74,116,2.425866388308977
74,117,20.23888888888889
74,119,3.975633802816901
74,120,3.9332142857142856
74,121,10.768
74,122,14.288333333333334
74,123,16.455000000000002
74,124,15.675
74,125,8.256190476190476
74,126,4.21
74,127,5.20972602739726
74,128,5.735833333333333
74,129,6.103684210526316
74,130,12.474186046511628
74,131,13.669999999999998
74,132,16.817283950617284
74,133,13.350000000000001
74,134,10.89
74,135,11.476
74,136,5.931960784313725
74,137,5.692691029900332
74,138,6.755349182763745
74,139,19.083333333333332
74,140,3.3107622203811102
74,141,2.8134945255474455
74,142,3.9159965928449747
74,143,4.332894736842105
74,144,7.947662337662338
74,145,6.551785714285714
74,146,4.9399999999999995
74,147,3.4560714285714282
74,148,7.673098591549295
74,149,17.8
74,151,2.3047486033519555
74,152,1.7151658163265306
74,153,6.703333333333333
74,155,24.6525
74,157,8.05
74,158,8.303684210526317
74,159,1.984963503649635
74,160,9.985
74,161,4.219808917197452
74,162,4.078860759493671
74,163,4.106371308016878
74,164,5.472787878787878
74,165,16.066666666666666
74,166,1.765147804054054
74,167,3.157741935483871
74,168,1.6357692307692309
74,169,4.813928571428571
74,170,4.972575757575758
74,171,9.103333333333333
74,173,7.27
74,174,8.012173913043478
74,175,14.133333333333333
74,177,13.950714285714286
74,178,16.71
74,179,3.9967391304347823
74,180,12.5
74,181,9.957368421052632
74,182,6.791846153846154
74,183,8.204
74,184,9.23
74,185,7.4905
74,186,5.76635838150289
74,188,13.07181818181818
74,189,11.61875
74,190,10.7
74,191,15.63529411764706
74,192,10.196666666666667
74,193,4.98875
74,194,1.937984496124031
74,195,12.693333333333333
74,196,9.754000000000001
74,197,12.13
74,198,8.775
74,200,9.13578947368421
74,201,20.833333333333332
74,202,6.375555555555556
74,203,16.866666666666664
74,205,14.74074074074074
74,206,23.77
74,208,7.83925
74,209,8.3071875
74,210,18.512
74,211,8.193870967741935
74,212,5.035
74,213,6.097954545454545
74,215,14.440999999999999
74,216,13.526538461538461
74,217,11.686666666666667
74,218,15.531333333333333
74,219,14.70142857142857
74,220,6.761515151515152
74,222,19.45
74,223,4.617580645161291
74,224,5.864528301886792
74,225,11.6584375
74,226,6.0361111111111105
74,227,15.285
74,228,13.285555555555556
74,229,3.8695594713656387
74,230,4.921214574898785
74,231,9.387676056338028
74,232,7.46874213836478
74,233,4.701477272727273
74,234,6.10044776119403
74,235,4.661733333333333
74,236,2.0154748603351953
74,237,2.9456007944389273
74,238,2.703707070707071
74,239,3.3126732673267325
74,240,8.98
74,241,6.787000000000001
74,242,7.941864406779661
74,243,4.661919385796545
74,244,3.712720450281426
74,246,6.471352941176471
74,247,2.665964912280702
74,248,5.7909375
74,249,7.781587301587302
74,250,7.136969696969697
74,252,10.405000000000001
74,254,9.396666666666667
74,255,9.234
74,256,9.93142857142857
74,257,13.83
74,258,13.649000000000001
74,259,10.25361111111111
74,260,6.027058823529411
74,261,9.474
74,262,2.4755642023346303
74,263,1.946461595824012
75,1,21.27310344827586
75,3,10.496363636363636
75,4,6.083906249999999
75,7,5.515333333333333
75,9,14.075
75,10,15.207142857142857
75,11,15.975
75,12,8.7
75,13,8.805172413793104
75,14,15.736
75,15,13.051666666666668
75,16,14.996666666666664
75,17,11.066190476190476
75,18,7.407674418604651
75,19,17.23
75,20,7.563750000000001
75,21,17.903333333333332
75,22,17.31833333333333
75,23,23.89
75,24,1.5912320328542093
75,25,9.28027027027027
75,26,13.888260869565217
75,28,11.968636363636364
75,29,16.66
75,31,7.93047619047619
75,32,8.9828
75,33,9.63304347826087
75,34,10.435
75,35,14.885862068965517
75,36,10.944705882352942
75,37,10.597631578947368
75,38,17.3
75,39,18.43470588235294
75,40,10.785833333333334
75,41,1.445204081632653
75,42,2.432073446327684
75,43,1.3192474344355758
75,45,7.775522388059702
75,46,12.52
75,47,5.664893617021277
75,48,3.841935483870968
75,49,10.515952380952381
75,50,4.257053571428571
75,51,10.725223880597015
75,52,8.95375
75,53,10.075
75,54,10.786666666666667
75,55,17.675806451612903
75,56,10.002666666666666
75,57,8.469999999999999
75,58,8.014285714285714
75,59,6.21
75,60,6.155
75,61,12.045581395348838
75,62,10.622608695652174
75,63,14.625416666666666
75,64,15.07
75,65,9.358536585365853
75,66,8.915263157894737
75,67,14.2
75,68,5.027647058823529
75,69,3.8713008130081303
75,70,7.33
75,71,14.321428571428571
75,72,15.234761904761905
75,73,10.436666666666666
75,74,1.2535070558050032
75,76,14.905576923076923
75,77,16.022222222222222
75,78,6.774883720930233
75,79,5.855220994475139
75,80,9.401724137931033
75,81,11.318571428571428
75,82,7.495901639344262
75,83,7.3475
75,84,31.48
75,85,13.470499999999998
75,86,21.285714285714285
75,87,8.023125
75,88,8.268454545454546
75,89,14.545000000000002
75,90,5.24304932735426
75,91,15.297241379310345
75,92,9.69375
75,93,9.712
75,94,6.368695652173913
75,95,11.243684210526316
75,96,13.6
75,97,9.73195652173913
75,98,13.03
75,100,4.19123745819398
75,101,18.23
75,102,11.815999999999999
75,106,11.620000000000001
75,107,4.962107023411371
75,108,16.2775
75,109,26.205
75,112,6.67
75,113,5.515612244897959
75,114,6.44208695652174
75,116,3.3619455252918287
75,117,19.484074074074076
75,119,4.002592592592593
75,120,5.462000000000001
75,121,11.30153846153846
75,122,15.822222222222223
75,123,16.35
75,124,18.467142857142857
75,125,7.6363157894736835
75,126,4.784888888888888
75,127,6.319593495934959
75,128,7.310833333333334
75,129,6.9608181818181825
75,130,12.550384615384615
75,131,13.852857142857143
75,132,18.185363636363636
75,133,14.049999999999999
75,134,12.091818181818182
75,135,11.991363636363637
75,136,6.8602380952380955
75,137,4.62479125248509
75,138,8.038174273858921
75,139,18.336153846153845
75,140,2.1328185053380784
75,141,1.868366047745358
75,142,2.6472222222222226
75,143,2.922745341614907
75,144,7.374137931034483
75,145,5.050363636363636
75,146,4.841666666666667
75,147,4.729090909090909
75,148,6.877872340425531
75,149,17.0
75,150,19.2
75,151,1.4092054149499704
75,152,2.7210481586402264
75,153,7.26625
75,154,18.1
75,155,19.650000000000002
75,156,25.77
75,157,9.107
75,158,6.6935114503816795
75,159,3.213222222222222
75,160,10.041
75,161,2.8572558514931394
75,162,2.8230270906949353
75,163,2.647953296703297
75,164,4.05462389380531
75,165,14.890625
75,166,1.9710307802433789
75,167,4.274035087719298
75,168,2.818252032520325
75,169,5.693235294117647
75,170,3.8631428571428574
75,171,10.350000000000001
75,173,8.683333333333334
75,174,9.4192
75,175,17.233333333333334
75,177,14.10409090909091
75,178,16.61857142857143
75,179,5.129661016949152
75,180,14.852500000000001
75,181,11.5672
75,182,7.355909090909091
75,183,9.251999999999999
75,184,10.2
75,185,8.3753125
75,186,4.593095238095239
75,188,12.227037037037038
75,189,10.948421052631579
75,190,10.15
75,191,16.694499999999998
75,192,16.39
75,193,5.247142857142857
75,194,3.1392857142857147
75,195,9.889999999999999
75,196,10.560952380952381
75,197,12.833333333333334
75,198,10.617777777777778
75,200,9.895438596491227
75,201,23.19
75,202,6.0547619047619055
75,203,21.237272727272728
75,205,15.476923076923075
75,206,19.6
75,207,5.8
75,208,8.93531914893617
75,209,8.225178571428572
75,210,21.374666666666666
75,211,6.926666666666668
75,212,6.356129032258064
75,213,7.3619512195121946
75,215,13.853333333333333
75,216,14.952777777777776
75,217,9.746176470588235
75,218,16.925384615384615
75,219,18.125757575757575
75,220,8.455135135135134
75,222,18.239444444444445
75,223,5.32421875
75,224,5.127794117647059
75,225,10.800526315789474
75,226,5.610754716981132
75,227,12.41
75,228,12.56111111111111
75,229,3.0868016759776538
75,230,3.611135135135135
75,231,8.436666666666667
75,232,6.707527272727273
75,233,3.7807175925925924
75,234,4.822729658792651
75,235,5.703636363636363
75,236,0.9584431008421508
75,237,1.7869838890970402
75,238,1.377501478415139
75,239,2.0458150470219434
75,240,9.107586206896553
75,241,8.140689655172414
75,242,8.237906976744187
75,243,5.915927051671733
75,244,4.9701788170563965
75,246,5.376880952380953
75,247,3.7119801980198024
75,248,6.322916666666667
75,249,6.398731707317073
75,250,7.1659999999999995
75,252,7.826666666666665
75,254,10.352115384615384
75,255,8.5612
75,256,9.027692307692307
75,257,13.441818181818183
75,258,12.563333333333333
75,259,10.809285714285716
75,260,6.709268292682927
75,261,8.5589010989011
75,262,1.3983284457478007
75,263,1.0512108305445695
76,3,17.099999999999998
76,4,8.87125
76,7,11.86909090909091
76,9,10.77
76,10,6.108615384615384
76,11,13.419999999999998
76,13,15.629999999999999
76,14,14.522592592592593
76,15,17.275
76,16,15.25
76,17,4.976018518518519
76,18,19.450000000000003
76,19,11.25
76,20,15.2
76,21,11.870000000000001
76,22,12.052941176470588
76,23,19.4
76,24,16.380000000000003
76,25,7.694473684210526
76,26,11.001891891891892
76,28,7.293103448275862
76,29,9.650526315789472
76,32,17.905714285714286
76,33,7.043617021276596
76,34,6.6433333333333335
76,35,2.3459217877094973
76,36,3.8019718309859156
76,37,4.01896174863388
76,38,9.478333333333333
76,39,2.877439446366782
76,40,13.555
76,41,16.188518518518517
76,42,15.724528301886792
76,43,14.066666666666668
76,45,10.433333333333334
76,46,24.05
76,47,15.5675
76,48,12.9221875
76,49,5.472028985507246
76,50,14.04625
76,51,18.85904761904762
76,52,13.133333333333333
76,53,11.353333333333333
76,55,10.435274725274725
76,56,9.125294117647059
76,57,10.01
76,58,15.425
76,59,16.85
76,60,17.276
76,61,4.001028037383177
76,62,4.32169014084507
76,63,1.6542690058479532
76,64,13.0
76,65,7.200238095238096
76,66,8.63
76,67,13.724285714285713
76,68,14.933461538461538
76,69,15.774999999999999
76,70,10.305384615384614
76,71,4.14601226993865
76,72,3.3710267857142857
76,73,10.355
76,74,14.885925925925926
76,75,14.77378787878788
76,77,1.752707423580786
76,78,18.236363636363635
76,79,10.166666666666666
76,80,6.067
76,81,18.17833333333333
76,82,7.1690625
76,83,8.184000000000001
76,85,4.914021739130434
76,86,11.171
76,87,11.835
76,88,10.427142857142856
76,89,5.6934375
76,90,14.313636363636363
76,91,4.665616438356164
76,92,10.047307692307694
76,93,9.363333333333333
76,94,22.814
76,95,5.854772727272728
76,96,3.2083333333333335
76,97,6.52969387755102
76,98,10.37
76,100,13.006521739130434
76,101,13.419999999999998
76,102,4.618076923076923
76,106,6.366666666666666
76,107,12.754772727272728
76,108,10.9476
76,112,7.909999999999999
76,113,10.545
76,114,10.913333333333334
76,116,17.82625
76,117,9.387792207792208
76,119,15.866842105263157
76,120,17.65
76,121,7.82578947368421
76,122,9.88888888888889
76,123,9.750344827586206
76,124,2.511780821917808
76,125,8.947142857142856
76,126,14.786000000000001
76,127,18.7825
76,129,11.8645
76,130,7.275954198473282
76,131,8.401363636363637
76,132,5.24953488372093
76,133,8.661428571428571
76,134,5.575384615384616
76,135,7.494375
76,136,20.49277777777778
76,137,10.858690476190477
76,138,19.84
76,139,8.121538461538462
76,140,13.45076923076923
76,141,13.09
76,142,14.111764705882353
76,143,13.236666666666666
76,144,8.901428571428571
76,145,11.354193548387098
76,146,11.881333333333334
76,147,18.294444444444444
76,148,9.961333333333332
76,149,8.360625
76,150,9.5095
76,151,17.876666666666665
76,152,16.254545454545454
76,153,20.790000000000003
76,154,5.936666666666667
76,155,5.959324324324324
76,157,5.500588235294118
76,158,11.1375
76,159,15.145999999999999
76,160,4.700769230769231
76,161,12.232068965517241
76,162,13.342083333333333
76,163,12.65846153846154
76,164,12.492777777777778
76,165,6.336097560975609
76,166,16.616774193548387
76,167,15.699285714285713
76,168,15.211400000000001
76,169,19.517999999999997
76,170,13.264074074074074
76,171,10.979999999999999
76,173,9.99
76,174,20.295454545454547
76,175,11.523333333333333
76,176,22.91
76,177,2.7469273743016758
76,178,8.783333333333333
76,179,13.166153846153845
76,180,2.5234782608695654
76,181,6.925463917525773
76,182,13.504444444444443
76,183,14.75
76,185,16.25
76,186,12.845217391304347
76,188,4.351617021276596
76,189,5.045
76,190,5.3914285714285715
76,191,11.258536585365855
76,192,7.8
76,193,11.785333333333334
76,194,16.896666666666665
76,195,12.966818181818182
76,196,6.257857142857143
76,197,4.142164948453608
76,198,3.5689830508474576
76,200,24.29
76,201,9.542857142857143
76,202,14.9
76,203,8.595555555555556
76,205,8.165866666666668
76,208,16.2175
76,209,10.412857142857144
76,210,8.390357142857143
76,211,8.6
76,212,14.964545454545457
76,213,18.155384615384616
76,214,20.74
76,215,6.680428571428571
76,216,4.139657534246576
76,217,6.5609090909090915
76,218,6.6339999999999995
76,219,6.868
76,220,19.65
76,222,2.08832
76,223,13.065
76,225,4.026529411764706
76,226,8.824390243902439
76,227,13.834375
76,228,12.737142857142858
76,229,11.471111111111112
76,230,13.246521739130435
76,231,9.764912280701754
76,232,11.837777777777777
76,233,12.92315789473684
76,234,12.570714285714287
76,235,18.865454545454547
76,236,12.594999999999999
76,237,11.717647058823529
76,238,17.7475
76,239,16.514285714285712
76,241,18.725
76,242,15.323333333333332
76,243,15.84125
76,244,16.517142857142858
76,246,15.325
76,247,13.837499999999999
76,248,15.544999999999998
76,249,7.550000000000001
76,250,16.273333333333333
76,252,10.85
76,254,19.995625
76,255,6.942857142857143
76,256,8.690999999999999
76,257,7.992857142857143
76,258,3.000375
76,259,16.72
76,260,10.487272727272726
76,261,9.142
76,262,14.47272727272727
76,263,18.990000000000002
77,3,22.8
77,4,8.242857142857144
77,7,13.4475
77,9,9.4
77,10,7.396190476190476
77,11,10.670000000000002
77,13,8.73
77,14,14.020833333333334
77,15,14.45
77,16,13.35
77,17,4.039629629629629
77,18,18.349999999999998
77,19,11.805
77,21,8.9825
77,22,10.807777777777778
77,25,5.898000000000001
77,26,9.395
77,28,7.481428571428571
77,29,9.0
77,30,8.285
77,32,20.200000000000003
77,33,6.438571428571429
77,35,1.3364179104477614
77,36,3.236842105263158
77,37,3.2144444444444447
77,38,13.485555555555557
77,39,2.8279012345679013
77,40,6.28
77,41,16.99230769230769
77,42,16.163809523809523
77,45,7.762142857142857
77,46,18.9
77,47,17.349999999999998
77,48,12.46
77,49,4.574705882352941
77,50,12.852142857142857
77,51,17.3425
77,52,6.05
77,53,11.41
77,55,10.265833333333333
77,56,7.84
77,60,16.814999999999998
77,61,3.251153846153846
77,62,3.3895652173913047
77,63,2.0515151515151517
77,64,12.27
77,65,5.876153846153846
77,66,6.421666666666667
77,67,13.74
77,68,11.007142857142856
77,69,16.2
77,70,11.62
77,71,3.2172093023255814
77,72,2.0086153846153847
77,73,7.3
77,74,15.200000000000001
77,75,13.622222222222222
77,76,1.7416751269035533
77,78,17.666666666666668
77,79,17.54
77,80,4.862857142857143
77,81,19.345
77,82,7.515555555555555
77,85,3.9233333333333333
77,86,12.482272727272727
77,87,8.38
77,88,9.075
77,89,5.064
77,90,11.046666666666667
77,91,4.689772727272727
77,92,9.796428571428573
77,93,12.83
77,94,19.4175
77,95,6.930769230769231
77,97,5.360645161290323
77,98,9.455555555555556
77,100,13.29
77,101,13.49
77,102,3.891666666666667
77,106,6.0375
77,107,9.7
77,108,10.586666666666666
77,112,6.725714285714285
77,113,9.3
77,116,16.7375
77,117,11.696666666666665
77,119,13.796666666666667
77,121,7.5760000000000005
77,122,10.775
77,123,8.68
77,124,2.7715384615384617
77,125,9.225000000000001
77,126,16.439999999999998
77,129,13.015
77,130,7.511071428571428
77,131,9.055555555555555
77,132,5.440769230769231
77,133,5.214
77,134,5.51
77,135,7.9725
77,136,21.23
77,137,11.615882352941176
77,138,17.79
77,139,8.92
77,140,13.572799999999999
77,141,8.7
77,142,11.7
77,143,16.9
77,144,9.7
77,145,11.623333333333333
77,146,15.236666666666666
77,147,13.5
77,148,7.558333333333334
77,149,8.5
77,150,9.536666666666667
77,151,14.97272727272727
77,153,20.1
77,155,4.4392000000000005
77,157,4.8149999999999995
77,158,22.2
77,159,18.078333333333333
77,160,4.3533333333333335
77,161,12.871111111111112
77,162,9.98
77,163,12.51
77,164,12.433333333333332
77,165,5.544999999999999
77,166,16.625
77,167,18.106
77,168,16.71
77,169,19.133333333333336
77,170,12.459411764705882
77,171,10.51
77,173,9.672
77,177,1.6372727272727272
77,178,5.1
77,179,13.6
77,180,3.21
77,181,5.53
77,182,12.057142857142855
77,183,15.7
77,185,18.2
77,186,11.1
77,188,3.400714285714286
77,189,5.576
77,190,5.85
77,191,11.552222222222222
77,192,8.606666666666667
77,193,12.38888888888889
77,194,17.17
77,195,7.377142857142857
77,196,6.198
77,197,5.671304347826087
77,198,3.2638461538461536
77,202,10.14
77,203,10.035
77,205,9.082592592592592
77,208,14.46
77,209,10.9
77,210,8.645833333333334
77,213,15.8
77,215,7.3069999999999995
77,216,5.097096774193548
77,217,4.61
77,218,7.542857142857143
77,219,7.896000000000001
77,220,22.04
77,222,1.5777419354838709
77,223,12.8875
77,224,7.8
77,225,3.2012
77,226,9.378181818181817
77,227,12.2
77,228,9.952
77,229,12.105
77,230,13.341
77,231,9.246071428571428
77,232,9.2875
77,233,10.95
77,234,14.15
77,235,18.48
77,236,13.816666666666668
77,237,16.273333333333333
77,239,14.2
77,241,16.939999999999998
77,242,14.375
77,244,18.224999999999998
77,246,10.3
77,247,13.406
77,248,16.14
77,249,8.8
77,250,14.2
77,254,20.033333333333335
77,255,6.96
77,256,4.796
77,257,5.906000000000001
77,258,3.0921052631578947
77,259,17.714285714285715
77,261,8.955
77,263,13.8
78,3,3.56875
78,4,12.040000000000001
78,7,8.475
78,10,15.525
78,13,13.765
78,14,21.081666666666667
78,16,9.9
78,17,15.0
78,18,2.019473684210526
78,19,13.5
78,20,1.2775
78,24,6.99
78,25,12.155555555555557
78,26,17.2
78,31,2.9333333333333336
78,32,2.466
78,33,12.8
78,35,15.5
78,36,14.31
78,37,14.072727272727274
78,39,18.478823529411763
78,41,6.172641509433962
78,42,5.051975308641975
78,43,11.5
78,45,12.834285714285715
78,46,8.0
78,47,1.4295833333333334
78,48,9.936923076923078
78,49,16.163333333333334
78,50,10.201818181818181
78,51,6.5808333333333335
78,53,7.181818181818182
78,55,27.028333333333336
78,56,10.776666666666666
78,59,0.2
78,60,1.1823076923076923
78,61,17.367894736842107
78,62,17.333333333333332
78,63,13.02875
78,65,13.341111111111111
78,66,14.25
78,67,21.64
78,68,11.43
78,69,2.69
78,70,8.5
78,71,17.65
78,72,17.7
78,74,6.202272727272727
78,75,6.904680851063829
78,76,17.688
78,77,18.397
78,79,11.04
78,80,13.52
78,81,5.09
78,82,10.141428571428571
78,83,9.504999999999999
78,86,23.626666666666665
78,87,14.236666666666666
78,88,14.494
78,89,4.25
78,90,11.116666666666667
78,91,19.055555555555557
78,92,10.181999999999999
78,94,1.5644444444444445
78,95,13.080000000000002
78,97,12.024999999999999
78,100,10.3825
78,101,3.7
78,107,11.344999999999999
78,112,12.120000000000001
78,113,12.13
78,114,11.682500000000001
78,116,5.065769230769231
78,117,26.53333333333333
78,119,3.6409999999999996
78,120,2.23
78,121,12.052222222222222
78,122,13.3
78,123,24.7
78,125,12.73
78,126,2.59375
78,127,4.178333333333334
78,129,9.9
78,130,13.246
78,134,13.100000000000001
78,135,10.700000000000001
78,136,2.846
78,137,10.099375
78,139,18.4
78,140,8.026
78,141,8.37375
78,142,9.981818181818182
78,143,9.513076923076923
78,145,12.2
78,146,7.695
78,147,2.082307692307692
78,148,13.496666666666668
78,151,8.11
78,152,5.888571428571429
78,153,3.125
78,155,21.2
78,157,12.36
78,158,14.1725
78,159,2.7466666666666666
78,160,23.8
78,161,9.809999999999999
78,162,9.93
78,163,10.039166666666667
78,164,10.595
78,165,18.65
78,166,6.222608695652174
78,167,1.8556521739130434
78,168,4.3345
78,169,1.4937777777777776
78,170,10.95
78,171,10.116666666666667
78,173,8.933333333333332
78,174,3.2868
78,175,12.0
78,177,16.694285714285716
78,179,7.421666666666667
78,181,14.3
78,182,1.9766666666666666
78,183,4.3
78,184,4.1
78,185,2.1355555555555554
78,186,11.416666666666666
78,188,18.933333333333334
78,189,14.899999999999999
78,191,13.772
78,192,9.9
78,193,8.657142857142857
78,194,4.85
78,195,15.671428571428569
78,197,13.325
78,200,6.758
78,201,28.54
78,202,8.71
78,203,17.5
78,205,14.45
78,208,4.535294117647059
78,209,14.406
78,210,26.03333333333333
78,212,2.198571428571429
78,213,2.816333333333333
78,215,14.5
78,216,15.513333333333334
78,217,15.9
78,218,18.29
78,219,17.89090909090909
78,220,5.064
78,222,21.25
78,223,8.28
78,225,13.223333333333334
78,226,11.254999999999999
78,227,17.049999999999997
78,228,17.442857142857143
78,229,8.815999999999999
78,230,10.58
78,231,13.759285714285713
78,232,12.09
78,233,9.540000000000001
78,234,11.663333333333334
78,235,2.5143750000000002
78,236,8.27
78,237,9.9925
78,238,7.908181818181819
78,239,9.040000000000001
78,240,3.09
78,241,3.2910526315789475
78,242,2.6981481481481477
78,243,3.6254166666666667
78,244,4.171111111111111
78,246,11.004999999999999
78,247,3.321212121212121
78,248,1.4357142857142857
78,249,12.465
78,250,2.5746153846153845
78,252,6.483333333333333
78,254,4.675238095238096
78,256,13.61
78,258,15.2
78,259,5.267
78,260,10.033333333333333
78,261,14.01
78,262,5.79
78,263,6.9799999999999995
79,1,14.859244186046512
79,3,15.361666666666666
79,4,0.8070509031198686
79,6,14.605
79,7,6.642084592145015
79,9,15.87
79,10,15.655000000000001
79,11,12.876
79,12,3.179666666666667
79,13,3.5114792899408287
79,14,10.778777777777778
79,15,15.856666666666667
79,16,15.6975
79,17,4.455812274368231
79,18,13.960769230769232
79,19,19.496666666666666
79,20,12.681304347826087
79,21,12.879166666666668
79,22,12.12375
79,23,16.103333333333335
79,24,6.774071428571428
79,25,3.9914356435643565
79,26,9.349166666666667
79,28,11.925714285714287
79,29,15.08125
79,31,13.9725
79,32,13.765714285714285
79,33,3.947689768976898
79,34,3.903488372093023
79,35,8.244499999999999
79,36,5.645052083333333
79,37,4.629262086513995
79,38,15.6
79,39,13.751666666666665
79,40,5.034057971014493
79,41,7.190815939278937
79,42,8.056430155210643
79,43,4.110958904109589
79,45,1.4317844646606017
79,46,18.28
79,47,11.735
79,48,3.2878503446012473
79,49,4.307263157894737
79,50,3.599664660361135
79,51,15.381428571428572
79,52,4.367573529411764
79,53,14.5
79,54,4.975106382978724
79,55,15.737499999999999
79,56,9.326666666666666
79,57,13.51
79,58,12.76
79,60,10.674285714285714
79,61,5.588133802816901
79,62,5.65041095890411
79,63,11.667
79,64,16.41857142857143
79,65,3.2480421686746985
79,66,3.378056338028169
79,67,10.706666666666665
79,68,2.1556815600151458
79,69,8.853333333333333
79,70,10.221538461538461
79,71,8.430526315789473
79,72,8.180666666666667
79,73,12.3
79,74,6.415019841269841
79,75,5.398289183222959
79,76,10.642333333333333
79,77,9.851
79,78,11.245
79,80,3.8346610169491524
79,81,14.729999999999999
79,82,8.001463414634147
79,83,6.882666666666666
79,85,8.06325
79,86,20.08625
79,87,2.7791998892580287
79,88,3.3610526315789477
79,89,9.005939393939395
79,90,1.6027537751677854
79,91,11.83
79,92,11.679285714285713
79,93,10.435
79,94,11.253333333333332
79,95,9.814193548387097
79,96,12.745000000000001
79,97,3.725217391304348
79,98,13.08
79,100,2.407640378548896
79,101,6.46
79,102,9.030909090909091
79,106,5.543472222222222
79,107,0.9250240357741756
79,108,15.648888888888889
79,109,22.66
79,111,8.865
79,112,4.444902998236332
79,113,0.8723088724111481
79,114,0.8891442035815268
79,115,15.32
79,116,9.21111111111111
79,117,23.849999999999998
79,119,8.692499999999999
79,120,9.967
79,121,12.395
79,122,16.735
79,123,10.953333333333333
79,124,17.8
79,125,1.4517875647668392
79,126,10.040909090909091
79,127,11.392823529411764
79,128,11.928
79,129,7.771594202898551
79,130,12.14909090909091
79,131,13.33
79,132,17.391055634807415
79,133,8.984727272727273
79,134,11.964285714285714
79,135,10.799999999999999
79,136,11.44
79,137,1.2648659244158695
79,138,10.396315086782376
79,140,3.412485380116959
79,141,3.324466318055983
79,142,4.2577783964365254
79,143,4.558896991795806
79,144,1.0169217315260166
79,145,4.20420253164557
79,146,5.163295454545454
79,147,8.62375
79,148,0.8993002159827215
79,149,12.262666666666666
79,150,18.450000000000003
79,151,6.434886363636363
79,152,8.569078014184397
79,153,13.172
79,155,14.532
79,157,6.423846153846154
79,158,1.6142966751918157
79,159,8.414615384615384
79,160,8.2475
79,161,2.5818215498610684
79,162,2.257854295837024
79,163,3.259057127010538
79,164,1.8129559603412497
79,165,10.398709677419355
79,166,7.43553772070626
79,167,9.223529411764705
79,168,7.2825
79,169,10.803999999999998
79,170,1.6632261628549332
79,171,13.234545454545453
79,173,10.2
79,174,14.164736842105263
79,175,15.030000000000001
79,177,6.0636363636363635
79,178,10.981428571428571
79,179,6.55103448275862
79,180,14.585
79,181,5.206909448818898
79,182,11.669166666666667
79,183,14.217777777777776
79,184,11.56
79,185,15.059166666666668
79,186,2.0606323447118076
79,188,6.324054054054054
79,189,4.608963963963964
79,190,5.8170370370370375
79,191,16.426666666666666
79,192,8.766666666666667
79,193,5.042884615384616
79,194,8.196666666666667
79,195,6.263636363636365
79,196,8.492068965517241
79,197,12.132727272727273
79,198,6.659636363636364
79,200,14.567777777777778
79,201,16.533333333333335
79,202,5.786521739130435
79,205,14.7
79,206,17.506
79,208,13.492777777777778
79,209,2.511077844311377
79,210,18.39272727272727
79,211,1.1904003813155386
79,212,10.332222222222223
79,213,11.128333333333332
79,214,13.93
79,215,14.3375
79,216,13.215909090909092
79,217,3.2224324324324325
79,218,17.694
79,219,13.056666666666667
79,220,13.64809523809524
79,221,16.244999999999997
79,222,5.4
79,223,8.042281879194631
79,224,0.8969024390243903
79,225,4.760496183206107
79,226,5.561929824561403
79,227,9.33875
79,228,7.972300000000001
79,229,2.478753894080997
79,230,2.9110317757009345
79,231,1.8821349510429972
79,232,1.3682123287671233
79,233,1.912761486954514
79,234,1.2952853306478684
79,235,11.213
79,236,4.391711366538952
79,237,3.3214223627024895
79,238,5.860089418777943
79,239,5.131915621436716
79,240,14.29
79,241,12.516
79,242,12.61125
79,243,10.969932203389831
79,244,10.310190217391305
79,246,2.62825
79,247,8.539166666666667
79,248,10.418571428571427
79,249,1.2677809618739098
79,250,12.445
79,251,20.215000000000003
79,252,13.770000000000001
79,254,13.865
79,255,3.5607005494505497
79,256,2.9237426900584795
79,257,7.894626865671641
79,258,10.635833333333332
79,259,15.376428571428573
79,260,6.73703125
79,261,3.014601084430674
79,262,4.290910093767237
79,263,4.319090909090909
80,1,20.07
80,3,17.22
80,4,3.4980645161290322
80,6,13.97
80,7,5.766153846153846
80,9,10.645
80,10,9.4
80,11,14.4725
80,13,6.4366666666666665
80,14,10.313333333333333
80,15,11.88
80,16,12.273
80,17,2.2351572327044025
80,18,16.12
80,19,13.5925
80,20,14.86375
80,21,12.505833333333333
80,22,13.076470588235296
80,24,10.487692307692308
80,25,4.4990588235294116
80,26,10.08
80,28,9.421875
80,29,14.47857142857143
80,31,12.2
80,32,15.106666666666667
80,33,4.066491228070175
80,34,2.855294117647059
80,35,4.285384615384615
80,36,1.9023076923076923
80,37,1.7256666666666667
80,38,13.527000000000001
80,39,7.600909090909091
80,40,5.597727272727273
80,41,10.379791666666668
80,42,10.765714285714287
80,43,7.9325
80,45,4.0676
80,47,14.175
80,48,6.978888888888889
80,49,2.7806603773584904
80,50,7.3272
80,51,17.89
80,52,4.759
80,53,10.206666666666667
80,54,4.796
80,55,14.463
80,56,6.132307692307692
80,60,11.344999999999999
80,61,3.3551131221719457
80,62,4.088636363636364
80,63,4.7669999999999995
80,64,11.950000000000001
80,65,3.850263157894737
80,66,3.8569230769230765
80,67,9.904
80,68,6.338481012658228
80,69,12.185
80,70,7.603333333333334
80,71,5.5544
80,72,4.851875
80,73,10.7
80,74,9.532413793103448
80,75,8.952962962962962
80,76,5.006511627906977
80,77,5.789666666666666
80,78,13.39
80,79,3.6580975609756097
80,81,18.173333333333332
80,82,4.862244897959184
80,83,4.2283333333333335
80,85,6.0894594594594595
80,86,18.55
80,87,5.66485294117647
80,88,7.393076923076923
80,89,7.343214285714287
80,90,5.762222222222222
80,91,7.035294117647059
80,92,8.065833333333332
80,93,7.4725
80,94,16.125
80,95,6.4465957446808515
80,96,4.835
80,97,3.4486363636363637
80,98,10.360909090909091
80,100,6.9212
80,101,14.88
80,102,3.8814285714285717
80,106,5.756153846153846
80,107,5.1362686567164175
80,108,12.372
80,111,7.3
80,112,1.7333830845771145
80,113,4.687209302325582
80,114,4.0775
80,116,12.3225
80,117,8.844999999999999
80,119,12.16
80,120,11.8
80,121,9.154615384615385
80,122,12.55
80,123,14.33
80,124,12.755
80,125,4.354166666666667
80,126,12.48
80,127,14.212
80,129,5.041052631578947
80,130,9.18
80,131,11.846
80,132,13.492207792207793
80,133,8.596666666666668
80,134,8.587272727272726
80,135,8.6
80,136,15.6
80,137,5.045
80,138,7.095245901639344
80,139,16.18
80,140,6.00984375
80,141,6.1009090909090915
80,142,7.070270270270271
80,143,7.213333333333334
80,144,3.6857333333333333
80,145,3.4042045454545455
80,146,4.175416666666666
80,147,12.13375
80,148,3.3990303030303033
80,149,12.42
80,150,25.23
80,151,9.935714285714287
80,152,11.635555555555555
80,153,15.725000000000001
80,155,9.386666666666668
80,157,2.2551851851851854
80,158,4.7011111111111115
80,159,10.926
80,160,4.137333333333333
80,161,6.115666666666667
80,162,5.58891304347826
80,163,6.161428571428572
80,164,5.810757575757576
80,165,10.722142857142858
80,166,10.6015625
80,167,11.096666666666666
80,168,9.869473684210528
80,169,12.29
80,170,5.469222222222222
80,171,9.701666666666666
80,173,8.102222222222222
80,174,16.5425
80,177,3.310612244897959
80,179,6.672
80,180,8.428333333333333
80,181,5.609767441860465
80,182,13.83
80,183,15.11
80,185,14.526250000000001
80,186,5.878730158730159
80,188,4.94175925925926
80,189,3.931451612903226
80,190,5.673333333333333
80,191,14.526666666666666
80,192,6.52
80,193,4.089166666666666
80,194,8.66
80,195,6.085833333333333
80,196,5.287692307692307
80,197,9.64
80,198,2.496
80,200,14.17
80,201,22.005
80,202,4.787777777777778
80,203,16.256666666666664
80,205,14.1025
80,206,16.89
80,208,14.925
80,209,4.9365625
80,210,14.02818181818182
80,211,4.1899999999999995
80,212,12.743333333333334
80,213,11.157142857142857
80,215,11.491818181818182
80,216,9.528235294117646
80,217,1.5278947368421054
80,218,12.583333333333334
80,219,11.280000000000001
80,220,15.206
80,221,14.53
80,222,5.5600000000000005
80,223,6.585084745762711
80,224,4.07
80,225,2.112857142857143
80,226,2.9526666666666666
80,227,9.418000000000001
80,228,7.890384615384615
80,229,5.769705882352941
80,230,6.836170212765958
80,231,4.96
80,232,3.440777777777778
80,233,5.826923076923077
80,234,5.507222222222222
80,235,12.446000000000002
80,236,7.41232558139535
80,237,6.166216216216216
80,238,8.54657894736842
80,239,7.796818181818182
80,241,15.598333333333334
80,242,13.815999999999999
80,243,13.431111111111111
80,244,12.826764705882354
80,246,6.581875
80,247,12.592
80,248,9.085
80,249,5.041323529411764
80,250,14.52
80,252,10.6875
80,254,15.901999999999997
80,255,1.450813953488372
80,256,1.4952348993288591
80,257,8.01
80,258,6.607619047619047
80,259,16.89333333333333
80,260,3.9803225806451614
80,261,5.5884
80,262,6.9829729729729735
80,263,7.312375
81,3,2.7135000000000002
81,10,15.55
81,16,5.405
81,17,20.26
81,18,4.023157894736842
81,20,3.62
81,21,26.049999999999997
81,25,17.412
81,28,13.9
81,31,6.52
81,32,1.8756249999999999
81,33,11.05
81,35,17.931538461538462
81,37,17.732857142857142
81,38,16.09
81,39,21.766666666666666
81,41,10.949333333333334
81,42,9.872727272727273
81,43,11.690000000000001
81,45,16.766666666666666
81,47,5.100909090909091
81,48,14.341111111111111
81,49,11.35
81,50,14.866666666666665
81,51,1.8396428571428571
81,53,9.2
81,55,25.3
81,56,11.2
81,60,6.398000000000001
81,61,18.345454545454547
81,64,13.8
81,65,12.4
81,68,15.774999999999999
81,69,9.134615384615385
81,70,10.78
81,71,20.15
81,72,21.85
81,74,10.588571428571429
81,75,10.857857142857142
81,76,17.990000000000002
81,78,6.59875
81,79,15.033333333333331
81,80,15.6
81,82,12.76
81,83,14.6
81,86,22.516666666666666
81,87,15.931249999999999
81,88,18.0
81,89,24.244
81,90,15.736666666666666
81,92,9.735
81,93,9.6
81,94,4.46
81,95,12.8
81,97,19.15142857142857
81,98,11.3
81,100,14.86
81,107,14.98
81,108,29.6
81,112,14.95
81,113,13.833333333333334
81,114,37.3
81,116,9.741
81,117,24.46666666666667
81,119,8.6
81,120,8.3
81,121,12.75
81,122,13.8
81,123,23.5
81,126,6.890000000000001
81,127,6.687777777777778
81,128,5.3875
81,129,12.9
81,130,12.27
81,131,13.675
81,132,23.95
81,133,15.6
81,134,12.7
81,135,16.2
81,136,4.748888888888889
81,137,13.619473684210526
81,140,12.529310344827588
81,141,12.783333333333333
81,142,14.0975
81,143,14.399999999999999
81,144,12.0
81,146,10.3
81,147,8.15375
81,148,15.675
81,151,12.350000000000001
81,152,10.200000000000001
81,153,4.8999999999999995
81,157,15.1
81,159,8.395384615384616
81,161,13.714285714285714
81,162,13.82
81,163,14.73
81,164,14.92
81,165,22.35
81,166,10.9525
81,167,10.027333333333333
81,168,9.560714285714285
81,169,5.7061111111111105
81,170,14.924000000000001
81,171,9.9
81,173,11.6
81,174,2.834054054054054
81,177,17.0
81,179,12.780000000000001
81,180,20.8
81,181,22.1
81,182,6.645
81,183,2.687142857142857
81,184,2.4
81,185,2.401666666666667
81,186,16.46909090909091
81,188,21.429999999999996
81,191,13.5
81,193,12.995
81,194,10.79
81,197,15.5
81,198,17.33
81,200,6.2
81,203,17.1
81,205,16.0
81,208,4.90625
81,209,16.1
81,212,8.45
81,213,6.321666666666667
81,215,14.066666666666668
81,216,14.200000000000001
81,218,20.642000000000003
81,219,18.0
81,220,5.819999999999999
81,222,22.8
81,223,12.17
81,225,15.5
81,226,14.45
81,228,22.65
81,229,13.7
81,230,14.6
81,231,18.00857142857143
81,232,18.049999999999997
81,233,14.580000000000002
81,234,15.8
81,235,9.098888888888888
81,236,12.883
81,237,10.9
81,238,12.161538461538461
81,239,14.149999999999999
81,240,4.78
81,241,4.341428571428572
81,242,3.1408
81,243,6.89625
81,244,8.758750000000001
81,246,15.81
81,247,9.80181818181818
81,248,5.322857142857143
81,250,4.892222222222222
81,254,1.5550000000000002
81,255,18.2
81,256,18.96
81,257,18.9625
81,258,16.21
81,259,1.651111111111111
81,260,14.62
81,261,18.3
81,263,11.187999999999999
82,1,21.34
82,3,14.383333333333333
82,4,7.717499999999999
82,6,10.58
82,7,3.43010989010989
82,8,3.865
82,9,5.655
82,10,7.5952
82,11,17.65
82,13,10.785
82,14,14.684000000000001
82,15,9.342857142857143
82,16,7.887222222222222
82,17,6.336956521739131
82,18,12.719999999999999
82,19,11.209090909090909
82,20,11.852
82,21,18.6425
82,22,14.975
82,24,9.16
82,25,8.676666666666668
82,26,14.24
82,28,5.524558823529412
82,29,3.0500000000000003
82,31,11.87
82,32,11.25
82,33,7.769166666666667
82,34,7.87
82,35,8.536296296296296
82,36,4.634615384615385
82,37,5.466521739130435
82,38,12.044999999999998
82,39,10.82375
82,40,9.875
82,41,9.133333333333333
82,42,8.535882352941178
82,43,7.513
82,45,9.196000000000002
82,47,10.868
82,48,7.5088
82,49,7.493333333333333
82,50,7.203999999999999
82,51,13.076666666666666
82,53,5.975
82,55,18.925714285714285
82,56,1.478530805687204
82,57,2.135
82,58,10.8
82,60,11.54
82,61,8.184782608695652
82,62,11.371666666666668
82,63,6.282166666666667
82,64,9.116
82,65,7.821666666666666
82,66,8.1
82,67,14.243333333333334
82,68,7.34
82,69,9.415000000000001
82,70,3.0766494845360826
82,71,10.261333333333333
82,72,5.746666666666667
82,73,4.910500000000001
82,74,7.5025
82,75,8.108600000000001
82,76,7.736666666666666
82,77,7.739375
82,78,11.005
82,79,7.253529411764706
82,80,4.740769230769231
82,81,15.1
82,83,1.3107329842931936
82,85,8.52
82,86,14.925
82,87,10.033846153846154
82,88,10.225
82,89,12.191428571428572
82,90,7.835555555555555
82,91,13.957500000000001
82,92,4.974568965517241
82,93,5.017727272727273
82,94,11.48
82,95,2.685838150289017
82,96,4.736666666666666
82,97,7.706
82,98,6.129166666666666
82,100,6.819285714285714
82,101,12.06375
82,102,3.2428358208955226
82,106,8.47
82,107,7.0808333333333335
82,111,12.260000000000002
82,112,4.9452380952380945
82,113,7.7524999999999995
82,114,8.143333333333333
82,116,8.825
82,117,12.54888888888889
82,119,9.1
82,120,9.445
82,121,5.817090909090909
82,122,8.372941176470588
82,123,18.05666666666667
82,124,7.3538461538461535
82,125,9.33
82,126,9.094
82,127,10.8975
82,129,1.573086592178771
82,130,6.722087912087913
82,131,7.116451612903226
82,132,10.632058823529412
82,133,13.475000000000001
82,134,5.164186046511628
82,135,4.877954545454545
82,136,10.546666666666667
82,137,7.111935483870968
82,138,3.6489560439560442
82,139,11.466666666666667
82,140,7.100833333333333
82,141,6.685454545454545
82,142,8.556000000000001
82,143,8.095
82,144,7.74125
82,145,4.653164556962025
82,146,4.101
82,147,9.155
82,148,6.933888888888889
82,149,21.0
82,150,16.426666666666666
82,151,9.573333333333332
82,152,9.553333333333333
82,153,13.46
82,157,1.975374149659864
82,158,8.435
82,159,8.801538461538462
82,160,2.1634920634920634
82,161,6.837307692307693
82,162,6.2542857142857144
82,163,6.538571428571429
82,164,7.0227272727272725
82,165,13.468333333333334
82,166,8.460909090909091
82,167,11.34
82,168,8.169285714285715
82,169,11.422
82,170,6.1425
82,171,5.762549019607843
82,173,1.7588516746411484
82,174,13.336363636363636
82,175,8.712857142857143
82,177,7.855333333333333
82,178,12.1
82,179,4.302982456140351
82,180,6.328965517241379
82,181,9.149230769230769
82,182,9.233333333333333
82,183,10.76
82,185,11.4
82,186,6.885384615384615
82,188,9.78074074074074
82,189,7.95
82,191,9.370476190476191
82,192,4.5465625
82,193,5.215263157894737
82,194,7.5
82,195,10.295
82,196,1.600373831775701
82,197,5.177204301075269
82,198,3.815842696629214
82,200,13.6
82,201,11.9175
82,202,6.346
82,203,11.933333333333332
82,205,9.192
82,207,3.4324999999999997
82,208,8.756
82,209,9.77
82,210,14.96
82,211,8.633
82,212,9.58
82,213,10.31
82,215,7.625
82,216,7.333424657534247
82,217,6.4433333333333325
82,218,9.3225
82,219,11.780000000000001
82,220,11.35
82,222,9.15
82,223,3.6591397849462366
82,224,6.814
82,225,6.194782608695652
82,226,2.9898857142857143
82,227,13.315
82,228,12.32
82,229,6.975714285714285
82,230,7.364761904761904
82,231,9.42
82,232,7.8393749999999995
82,233,6.442857142857143
82,234,6.793333333333333
82,235,10.17
82,236,8.306000000000001
82,237,7.029333333333333
82,238,9.03
82,239,8.22
82,241,11.9275
82,242,10.846666666666668
82,243,12.724166666666667
82,244,10.286
82,246,8.314285714285715
82,247,9.93625
82,248,9.74
82,249,9.293333333333333
82,250,10.27
82,252,6.577826086956521
82,253,2.5
82,254,13.322666666666667
82,255,5.287
82,256,5.078695652173913
82,257,10.02
82,258,4.4596
82,259,12.7
82,260,1.7508837209302326
82,261,11.086666666666666
82,262,7.726999999999999
82,263,7.28764705882353
83,4,7.04
83,7,2.6671014492753624
83,9,9.06
83,10,9.094444444444443
83,13,8.2
83,14,13.651999999999997
83,16,9.43125
83,17,7.088333333333334
83,18,13.49
83,19,12.434999999999999
83,20,12.093333333333334
83,21,18.17
83,24,9.63
83,25,7.505
83,26,11.1
83,28,7.795
83,29,16.02
83,31,14.27
83,32,12.406
83,33,7.69
83,34,6.394
83,35,7.317857142857143
83,36,4.299166666666667
83,37,5.032727272727272
83,38,13.385
83,39,9.050714285714287
83,40,6.7700000000000005
83,41,8.182222222222222
83,42,8.379999999999999
83,43,4.585
83,45,8.229999999999999
83,47,10.83
83,48,6.62
83,49,7.778333333333333
83,50,7.025
83,51,14.292857142857143
83,52,8.535
83,53,7.24
83,55,16.65
83,56,2.152142857142857
83,57,1.94
83,61,8.20111111111111
83,62,8.285
83,63,11.065
83,64,10.82
83,65,6.76
83,66,6.9433333333333325
83,68,6.461428571428571
83,69,9.780000000000001
83,70,3.3933333333333335
83,71,9.43
83,72,11.9925
83,73,7.5
83,74,7.69
83,75,7.290833333333333
83,76,9.636875
83,77,9.026666666666667
83,78,9.1
83,79,6.790000000000001
83,80,5.5525
83,82,1.2485987261146496
83,85,13.13
83,86,16.585
83,87,9.092500000000001
83,88,9.74
83,89,12.852222222222222
83,90,7.868
83,91,15.156666666666666
83,92,5.847450980392157
83,95,3.366470588235294
83,96,4.7
83,97,6.93
83,98,6.495
83,100,6.525
83,101,13.206
83,102,3.5025
83,106,9.22
83,107,7.169999999999999
83,112,4.357777777777778
83,113,7.23
83,114,8.3625
83,116,8.826666666666668
83,117,15.795000000000002
83,119,8.64
83,121,7.626153846153846
83,122,10.19
83,123,14.91
83,124,7.74
83,126,9.926666666666668
83,129,1.5036170212765958
83,130,8.864347826086956
83,131,8.29
83,132,11.139090909090909
83,133,11.85
83,134,6.196875
83,135,5.523333333333333
83,136,10.719999999999999
83,137,5.591666666666666
83,138,3.841241134751773
83,139,11.606666666666667
83,140,4.950526315789474
83,141,5.448888888888889
83,142,7.3425
83,143,5.903333333333333
83,144,7.177142857142857
83,145,4.15
83,146,2.9507692307692306
83,147,9.88
83,148,7.0323529411764705
83,149,15.780000000000001
83,150,13.4
83,151,9.643333333333333
83,153,12.53
83,157,1.7261428571428572
83,158,7.3149999999999995
83,159,7.866666666666667
83,160,2.40475
83,161,5.26
83,162,5.433333333333333
83,163,5.54
83,164,6.0962499999999995
83,165,15.020000000000001
83,166,9.05
83,167,8.39
83,168,7.66
83,169,7.776666666666666
83,170,5.575
83,171,7.078181818181818
83,173,2.5283333333333333
83,174,12.415
83,175,10.42
83,177,7.718000000000001
83,179,3.657142857142857
83,180,6.065714285714286
83,181,8.665
83,182,10.594999999999999
83,183,12.5
83,185,13.05
83,186,5.815
83,188,8.71
83,189,8.17
83,191,9.58
83,192,5.621428571428572
83,193,3.696923076923077
83,194,5.8
83,196,2.409090909090909
83,197,6.016315789473684
83,198,3.327391304347826
83,202,4.926666666666667
83,205,12.21
83,207,1.645
83,208,11.37
83,211,7.285
83,212,9.43
83,213,10.42
83,215,8.568181818181818
83,216,10.000499999999999
83,218,8.559999999999999
83,219,12.343333333333334
83,222,10.32
83,223,3.0415555555555556
83,225,5.505
83,226,2.135875
83,227,12.58
83,228,11.8925
83,229,5.362727272727273
83,230,7.234999999999999
83,231,8.145
83,232,6.7375
83,233,5.34
83,234,6.5075
83,235,10.943999999999999
83,236,6.67
83,237,5.405
83,238,9.049999999999999
83,239,7.2375
83,241,9.9
83,242,10.184999999999999
83,243,9.746666666666668
83,244,9.97
83,246,8.682500000000001
83,247,8.863333333333333
83,248,9.47
83,249,7.373333333333334
83,250,9.412
83,252,6.748571428571428
83,253,6.22
83,254,13.26
83,255,4.524166666666667
83,256,4.6499999999999995
83,258,5.132857142857143
83,259,14.579999999999998
83,260,1.1625438596491229
83,261,8.815
83,263,6.5875
84,11,11.2
84,170,8.1
84,209,19.86
85,4,9.773333333333333
85,7,10.763333333333334
85,9,14.850000000000001
85,10,11.6
85,11,4.53
85,12,6.9
85,13,7.1659999999999995
85,14,6.890588235294118
85,16,14.0
85,17,3.425
85,18,21.689999999999998
85,19,15.054285714285713
85,20,18.8
85,21,4.211
85,22,3.9257142857142857
85,24,12.7
85,25,4.23551724137931
85,26,3.0038095238095237
85,28,11.376
85,29,6.018461538461538
85,32,20.3
85,33,7.715999999999999
85,34,4.175
85,35,3.1483333333333334
85,36,5.348421052631579
85,37,4.631904761904762
85,38,16.985
85,39,3.2741333333333333
85,40,4.2283333333333335
85,41,14.539230769230768
85,42,16.87777777777778
85,43,14.2
85,45,7.093999999999999
85,47,17.9
85,48,10.600714285714286
85,49,3.1582758620689657
85,50,10.936666666666667
85,51,20.724999999999998
85,52,4.92
85,54,5.32
85,55,7.462758620689654
85,56,10.722222222222221
85,60,15.1
85,61,3.027142857142857
85,62,1.6414705882352942
85,63,5.502666666666667
85,65,4.375
85,66,5.616
85,67,4.468333333333334
85,68,9.537407407407407
85,69,15.866666666666667
85,70,11.459999999999999
85,71,1.1794805194805196
85,72,2.1237837837837836
85,73,5.1
85,74,14.259166666666667
85,75,14.914
85,76,4.549882352941177
85,77,3.9725806451612904
85,78,19.03
85,79,7.326428571428571
85,80,5.409285714285715
85,81,19.6
85,82,11.525555555555554
85,83,9.91
85,86,14.783333333333333
85,87,6.600769230769231
85,88,7.3066666666666675
85,89,1.1149367088607596
85,90,8.16
85,91,2.446
85,92,12.84
85,95,10.355
85,97,3.761190476190476
85,100,11.12
85,101,18.6
85,102,6.0
85,106,3.908
85,107,8.76551724137931
85,108,6.8613333333333335
85,112,6.792999999999999
85,113,7.605
85,114,7.796000000000001
85,116,15.719999999999999
85,117,12.972222222222221
85,121,11.165000000000001
85,122,13.765
85,123,3.4923076923076923
85,124,7.19
85,125,8.3575
85,126,15.78
85,129,10.0525
85,130,11.62
85,131,11.58
85,132,11.551538461538463
85,133,2.708888888888889
85,134,8.925
85,135,9.25
85,136,24.55
85,137,9.055555555555555
85,138,14.196000000000002
85,139,12.49625
85,140,10.781875
85,141,12.466363636363637
85,142,12.532
85,143,11.745000000000001
85,144,5.73
85,145,9.038333333333334
85,146,13.306666666666667
85,147,10.7
85,148,6.494545454545454
85,149,3.0141176470588236
85,150,6.145384615384615
85,151,13.4
85,152,15.8525
85,154,3.0
85,155,4.304
85,157,11.54
85,158,9.08
85,159,14.7
85,160,10.34
85,161,11.402666666666667
85,162,10.734444444444444
85,163,12.475
85,164,9.724285714285715
85,165,2.04625
85,167,18.875
85,168,17.2
85,169,18.05
85,170,9.634090909090908
85,171,13.11
85,173,11.1
85,177,3.815757575757576
85,178,2.99
85,179,11.695
85,180,6.52
85,181,3.2280645161290322
85,182,20.200000000000003
85,186,9.615
85,188,2.0263636363636364
85,189,2.6870833333333333
85,190,1.2974999999999999
85,191,15.98
85,192,11.842
85,194,12.3
85,195,5.046363636363636
85,196,8.93
85,197,10.505
85,198,6.553999999999999
85,201,8.2
85,202,11.4
85,203,14.69
85,205,13.7775
85,209,6.814
85,210,3.9842857142857144
85,211,7.234999999999999
85,212,16.8
85,213,20.43
85,215,11.972857142857142
85,216,9.863
85,217,4.5088888888888885
85,218,11.62
85,219,12.205
85,220,20.9
85,222,4.497272727272727
85,223,12.923333333333334
85,224,8.16
85,225,3.9237704918032787
85,226,8.067777777777778
85,227,3.319
85,228,4.7058064516129035
85,229,10.4475
85,230,10.426
85,231,6.9025
85,232,6.829166666666667
85,233,11.07625
85,234,9.611428571428572
85,235,16.36090909090909
85,236,11.75
85,237,12.155000000000001
85,238,14.466666666666667
85,239,12.71
85,241,20.6
85,243,23.009999999999998
85,244,17.911666666666665
85,246,9.273333333333333
85,247,17.7975
85,249,8.127500000000001
85,250,18.1
85,252,15.83
85,254,20.025
85,255,5.390769230769231
85,256,4.648666666666667
85,257,1.9933333333333334
85,258,7.647500000000001
85,259,21.4
85,260,8.705
85,261,6.7775
85,262,13.955
85,263,12.473333333333334
86,4,21.685000000000002
86,7,17.86
86,10,6.861818181818182
86,11,17.085
86,14,17.81833333333333
86,16,14.7
86,17,16.0
86,18,21.483333333333334
86,19,10.7
86,21,14.780000000000001
86,22,12.933333333333332
86,24,21.933333333333334
86,25,18.37857142857143
86,26,17.577777777777776
86,27,8.22
86,28,15.9
86,29,11.46
86,31,25.0
86,32,22.1
86,33,19.585714285714285
86,35,13.569411764705883
86,36,13.6
86,37,14.754333333333333
86,38,7.2
86,39,12.840000000000002
86,41,22.4
86,42,18.975625
86,43,16.950000000000003
86,45,17.7
86,47,20.833333333333332
86,48,20.02857142857143
86,49,14.953076923076923
86,50,21.333333333333332
86,51,21.2
86,53,14.2
86,55,15.544285714285715
86,56,13.98
86,60,18.400000000000002
86,61,14.353658536585366
86,62,14.716666666666665
86,63,12.767
86,65,18.413333333333334
86,66,18.4
86,68,22.314166666666665
86,69,21.55
86,71,14.07125
86,72,14.064705882352941
86,73,15.23
86,74,21.66923076923077
86,75,17.936153846153847
86,76,11.422857142857142
86,77,12.184117647058823
86,78,17.726666666666663
86,79,22.44
86,80,17.208000000000002
86,81,22.400000000000002
86,82,16.501666666666665
86,85,14.266666666666667
86,87,19.62
86,88,22.5125
86,89,16.373809523809523
86,90,22.1375
86,91,12.79125
86,92,13.2
86,93,10.32
86,95,12.51
86,97,17.85
86,100,20.6025
86,101,12.675
86,106,18.64
86,107,21.43857142857143
86,108,12.925999999999998
86,112,18.279999999999998
86,116,20.833333333333332
86,117,2.4499
86,119,23.2
86,120,23.5
86,121,13.265
86,122,10.030000000000001
86,123,15.14375
86,124,9.348888888888888
86,125,23.8
86,126,20.7
86,127,25.614285714285717
86,129,15.905
86,130,9.485333333333333
86,131,9.2
86,132,8.695
86,134,14.056000000000001
86,135,11.5
86,136,9.1
86,137,19.936363636363637
86,139,6.760666666666666
86,140,20.8875
86,141,9.0
86,142,15.425
86,143,22.825
86,144,22.1
86,145,18.2
86,146,19.46
86,147,23.9
86,149,13.836363636363636
86,150,12.65
86,151,23.03333333333333
86,152,21.5
86,155,11.649999999999999
86,159,22.531111111111112
86,161,20.330000000000002
86,162,20.175
86,163,19.46666666666667
86,164,21.175
86,165,13.462222222222222
86,166,11.528571428571428
86,167,21.633333333333336
86,168,17.56714285714286
86,169,21.298571428571428
86,170,19.728125
86,173,13.1
86,174,23.683333333333334
86,177,13.352
86,178,18.863333333333333
86,179,19.9
86,180,9.411666666666667
86,181,17.12222222222222
86,182,20.8
86,183,20.0
86,185,17.85
86,186,20.014285714285712
86,188,14.955428571428573
86,189,15.2
86,190,16.0
86,191,15.394285714285715
86,192,12.803333333333333
86,195,18.65
86,196,12.0
86,197,9.421000000000001
86,198,14.746
86,201,4.456875
86,202,21.0
86,203,4.285882352941177
86,205,7.134736842105263
86,210,11.58
86,212,19.3
86,213,22.05
86,215,8.938333333333334
86,216,9.221428571428572
86,217,21.7
86,218,6.394166666666667
86,219,5.527931034482759
86,222,11.5625
86,224,20.2
86,225,13.394347826086957
86,226,18.3
86,227,18.5
86,228,19.415
86,229,22.3
86,230,18.742142857142856
86,231,20.699375
86,232,21.3
86,233,19.15
86,235,23.165
86,236,22.035
86,237,19.8
86,238,20.400000000000002
86,239,23.566666666666666
86,241,23.8
86,242,21.033333333333335
86,243,26.7
86,244,22.19875
86,246,17.1
86,247,22.975
86,248,20.0
86,254,25.26
86,256,16.892857142857142
86,258,11.315
86,259,23.5
86,261,20.897
86,263,22.200000000000003
87,1,15.4052027027027
87,3,11.3
87,4,2.9030332681017614
87,6,11.265
87,7,9.230273972602738
87,9,16.88
87,10,16.673076923076923
87,11,11.845
87,12,0.8193939393939393
87,13,1.2825501770956316
87,14,8.4046
87,15,18.5
87,16,18.771666666666665
87,17,4.5962903225806455
87,18,13.08
87,19,16.69857142857143
87,20,13.5
87,21,9.506
87,22,9.795333333333334
87,23,16.53
87,24,8.527826086956521
87,25,2.9217557251908395
87,26,7.5042857142857144
87,27,23.22
87,28,15.595
87,29,14.147499999999999
87,31,14.9
87,32,15.902000000000001
87,33,2.3585258964143425
87,34,3.091666666666667
87,35,9.369
87,36,6.896578947368421
87,37,5.384383561643836
87,38,17.433333333333334
87,39,11.742424242424242
87,40,3.8118823529411765
87,41,9.677184466019417
87,42,10.563846153846153
87,43,6.997560975609756
87,45,0.9895915279878972
87,47,12.013846153846155
87,48,5.142553846153846
87,49,4.076233766233766
87,50,5.107491525423729
87,51,17.740000000000002
87,52,2.995846153846154
87,53,13.6
87,54,3.595
87,55,12.1075
87,56,9.788
87,61,5.214444444444444
87,62,5.611304347826087
87,63,9.195714285714287
87,64,19.1
87,65,2.45064
87,66,2.2976237623762374
87,67,8.574000000000002
87,68,3.8848972296693476
87,69,10.6875
87,70,11.437142857142858
87,71,8.13
87,72,7.390000000000001
87,73,13.165
87,74,9.130721649484535
87,75,8.111771428571428
87,76,11.105
87,77,8.9675
87,78,14.465
87,79,2.875455322787516
87,80,4.849529411764705
87,81,16.7
87,82,10.19111111111111
87,83,8.615
87,85,7.133684210526315
87,86,21.225
87,88,0.6421033210332103
87,89,7.21025641025641
87,90,3.3739456869009588
87,91,9.796363636363635
87,92,13.953999999999999
87,93,13.425999999999998
87,94,13.365
87,95,10.983666666666666
87,97,3.239449541284404
87,98,14.605384615384615
87,100,4.754837209302325
87,101,18.685
87,102,10.815
87,106,4.161764705882353
87,107,3.7532695810564665
87,108,11.744444444444445
87,109,19.020000000000003
87,112,5.922213740458015
87,113,2.575878084179971
87,114,2.1542412060301506
87,116,11.310961538461537
87,117,18.13
87,119,11.482
87,120,11.879999999999999
87,121,13.645714285714286
87,122,15.2
87,123,9.183333333333334
87,124,13.663999999999998
87,125,1.8412745098039216
87,126,12.043333333333335
87,127,13.23
87,128,15.100000000000001
87,129,9.482571428571427
87,130,13.036666666666667
87,131,15.637777777777778
87,132,20.5275
87,133,6.3165
87,134,13.23
87,135,13.5
87,136,13.2225
87,137,4.169986613119144
87,138,12.681735668789809
87,139,23.3
87,140,5.9903395585738535
87,141,6.14266253869969
87,142,6.477207792207793
87,143,5.969193548387096
87,144,1.5533215234720992
87,145,7.6201020408163265
87,146,7.877391304347826
87,147,11.31
87,148,1.714453125
87,149,12.642499999999998
87,150,11.804285714285713
87,151,8.129479166666666
87,152,10.528857142857143
87,153,14.41625
87,154,17.7
87,155,14.021818181818183
87,157,8.145999999999999
87,158,2.791899224806201
87,159,10.689
87,160,10.303846153846154
87,161,5.465268614514608
87,162,5.246696035242291
87,163,6.063512931034483
87,164,4.600130861504907
87,165,8.002
87,166,9.313137254901962
87,167,11.86
87,168,9.833571428571428
87,169,12.3775
87,170,4.729536764705882
87,171,15.399999999999999
87,172,13.94
87,173,11.143333333333333
87,174,19.1875
87,176,15.7
87,177,6.903333333333333
87,178,7.656000000000001
87,179,10.077083333333333
87,180,18.490000000000002
87,181,4.33121359223301
87,182,14.47875
87,183,16.917142857142856
87,184,18.25
87,185,13.4
87,186,4.030042238648363
87,187,15.86
87,188,5.987457627118644
87,189,4.213098591549295
87,190,4.43
87,191,18.04
87,192,14.260000000000002
87,193,6.976363636363636
87,194,12.282
87,195,4.395072463768116
87,196,10.064285714285715
87,197,13.977272727272727
87,198,8.272857142857143
87,200,16.035999999999998
87,201,22.293333333333333
87,202,8.67
87,205,17.234444444444442
87,206,14.889999999999999
87,208,15.914000000000001
87,209,0.5974474474474474
87,210,12.962857142857143
87,211,1.6535
87,212,12.450000000000001
87,213,14.085
87,214,12.976666666666667
87,215,14.69
87,216,18.16111111111111
87,217,4.291538461538462
87,218,18.027272727272727
87,219,20.05
87,220,13.712
87,222,13.402903225806451
87,223,11.2835
87,224,3.5440509915014164
87,225,5.477142857142857
87,226,7.474210526315789
87,227,6.925714285714285
87,228,5.500555555555556
87,229,5.328330975954739
87,230,5.445931520644512
87,231,1.1929701952723535
87,232,1.7724966799468793
87,233,4.763142493638677
87,234,3.8155829787234046
87,235,13.29
87,236,7.533836477987421
87,237,6.450577249575551
87,238,7.94009900990099
87,239,7.217298245614034
87,241,15.686666666666667
87,242,17.2175
87,243,12.994523809523809
87,244,12.047142857142857
87,245,15.03
87,246,4.002494382022472
87,247,10.111818181818181
87,248,12.68
87,249,2.5244198895027625
87,251,15.335
87,252,15.74
87,254,16.7
87,255,4.600785340314136
87,256,3.8333516483516483
87,257,5.8412
87,258,14.29
87,259,17.05
87,260,10.31076923076923
87,261,0.844072072072072
87,262,6.934237726098192
87,263,7.238026030368764
88,1,14.926027397260272
88,3,16.54285714285714
88,4,3.2301470588235297
88,6,16.0
88,7,9.972
88,10,17.98
88,11,11.592
88,12,2.4455555555555555
88,13,1.1017399267399266
88,14,8.185
88,15,17.5
88,16,19.75
88,17,5.163225806451613
88,18,13.3
88,20,15.625
88,21,9.296666666666667
88,22,9.5275
88,23,18.525
88,24,9.218421052631578
88,25,3.4473333333333334
88,26,6.833333333333333
88,27,22.38
88,28,15.46
88,29,14.2
88,32,30.2
88,33,2.9852857142857143
88,34,3.8442857142857143
88,35,8.013
88,36,6.876666666666667
88,37,5.699473684210526
88,38,16.975384615384616
88,39,9.247777777777777
88,40,3.6880434782608695
88,41,9.650441176470588
88,42,10.384329896907216
88,43,7.1485
88,45,1.3486
88,47,12.657142857142857
88,48,5.131404612159328
88,49,4.274791666666666
88,50,5.171932367149758
88,51,15.761111111111111
88,52,3.49046511627907
88,53,13.91
88,54,4.3125
88,55,12.905000000000001
88,56,11.43
88,60,12.421666666666667
88,61,6.1217999999999995
88,62,6.231111111111111
88,64,21.8
88,65,2.8812698412698414
88,66,2.718258064516129
88,67,8.082727272727272
88,68,3.9766872110939904
88,69,10.93470588235294
88,70,12.136666666666665
88,71,6.8428571428571425
88,72,7.735
88,74,9.55453125
88,75,8.383275862068967
88,76,12.104827586206897
88,77,12.2
88,78,12.8
88,79,3.415450097847358
88,80,5.510800000000001
88,81,15.35
88,82,9.680714285714286
88,83,8.3975
88,84,29.22
88,85,7.9175
88,86,18.8
88,87,0.6080272108843537
88,89,6.982
88,90,3.731909090909091
88,91,9.377142857142857
88,92,15.302857142857144
88,93,14.136666666666665
88,94,13.9
88,95,12.3875
88,97,3.558169014084507
88,98,15.9
88,100,5.115221843003413
88,101,17.2125
88,102,9.965
88,106,3.9378571428571427
88,107,4.268358531317495
88,108,10.01
88,112,6.633653846153846
88,113,3.3031487889273357
88,114,2.828852867830424
88,115,15.06
88,116,11.397857142857143
88,117,25.21
88,118,18.675
88,120,11.370000000000001
88,121,14.066666666666665
88,123,10.482
88,124,24.48
88,125,2.0844859813084113
88,126,12.028333333333334
88,127,14.121111111111112
88,129,9.954
88,130,13.863636363636363
88,131,15.818333333333333
88,132,21.432525252525256
88,133,7.004
88,134,12.9225
88,135,13.911000000000001
88,136,15.945
88,137,4.48265243902439
88,138,13.202754237288135
88,139,18.349999999999998
88,140,6.33182119205298
88,141,6.471182519280205
88,142,6.690190476190477
88,143,6.154692307692308
88,144,2.0679329608938546
88,145,8.023214285714285
88,146,8.656
88,147,11.4
88,148,2.2397340425531915
88,149,9.229
88,151,8.245263157894737
88,152,10.90913043478261
88,155,14.754999999999999
88,157,8.5325
88,158,2.8000496277915636
88,159,10.58
88,160,9.78
88,161,5.896079545454546
88,162,5.515549132947977
88,163,6.313323863636364
88,164,5.081776556776557
88,165,8.7475
88,166,9.115675675675675
88,167,11.297272727272727
88,168,10.222222222222221
88,169,13.5
88,170,5.049480712166172
88,172,15.2
88,173,12.370000000000001
88,174,16.64375
88,176,16.9075
88,177,7.2153846153846155
88,178,8.208181818181819
88,179,9.431052631578947
88,180,14.685
88,181,4.6378260869565215
88,182,15.733333333333334
88,183,15.879999999999999
88,185,15.3
88,186,4.375529865125241
88,188,5.872083333333333
88,189,4.5964
88,190,5.56
88,191,21.495
88,192,12.684999999999999
88,193,7.801666666666667
88,195,4.4222222222222225
88,196,10.632
88,197,11.225000000000001
88,198,8.207272727272727
88,200,16.542142857142856
88,201,22.919999999999998
88,202,8.69076923076923
88,203,19.62222222222222
88,205,16.2
88,206,14.46
88,208,16.064
88,209,0.8311254019292605
88,210,12.568888888888889
88,211,2.0873176470588235
88,212,13.222
88,213,13.85
88,214,12.43
88,215,17.69333333333333
88,216,17.7775
88,217,3.955
88,218,18.033333333333335
88,219,16.400000000000002
88,220,14.632857142857144
88,221,12.23
88,223,10.964615384615383
88,224,3.92264
88,225,6.016
88,226,8.109333333333334
88,227,7.755
88,228,6.274347826086957
88,229,5.685714285714285
88,230,5.746017699115045
88,231,1.4413155080213904
88,232,2.2713947368421055
88,233,5.069570707070707
88,234,4.25107296137339
88,235,13.209999999999999
88,236,7.6792418772563185
88,237,6.675362776025237
88,238,8.108320610687024
88,239,7.091675977653631
88,240,16.58
88,241,14.7
88,242,14.591999999999999
88,243,13.140857142857143
88,244,12.200606060606061
88,245,14.2
88,246,3.986415094339623
88,247,13.955000000000002
88,248,13.344999999999999
88,249,2.7458979206049148
88,250,14.113636363636363
88,251,14.05
88,252,17.285
88,254,18.53333333333333
88,255,5.018088235294118
88,256,4.337941176470588
88,257,5.665172413793103
88,258,12.436
88,259,17.178571428571427
88,260,9.104666666666667
88,261,0.7763867684478372
88,262,7.35048076923077
88,263,7.533674242424243
89,1,21.26
89,3,19.380000000000003
89,4,8.6075
89,7,12.24235294117647
89,9,13.7
89,10,12.52
89,11,4.216153846153846
89,13,5.711333333333333
89,14,6.223194444444444
89,15,17.7375
89,16,16.166666666666668
89,17,3.9768852459016393
89,18,15.466666666666669
89,19,15.023333333333333
89,21,2.957777777777778
89,22,3.0742000000000003
89,24,13.8
89,25,4.112739726027398
89,26,2.124056603773585
89,28,12.065
89,29,4.441333333333334
89,32,19.2
89,33,5.248823529411765
89,34,5.775384615384615
89,35,3.5737037037037034
89,36,6.236470588235294
89,37,5.287466666666667
89,38,17.16625
89,39,3.5432673267326735
89,40,4.06695652173913
89,41,14.639999999999999
89,42,15.863333333333335
89,43,13.042857142857143
89,45,7.505599999999999
89,46,21.5
89,47,17.343333333333334
89,48,10.402727272727274
89,49,3.4839622641509433
89,50,10.068181818181818
89,51,21.25
89,52,4.702857142857143
89,53,15.655000000000001
89,54,4.726666666666667
89,55,6.698208955223881
89,56,11.200000000000001
89,60,22.07
89,61,3.2526701570680627
89,62,2.3011538461538463
89,63,6.432857142857143
89,65,5.040307692307692
89,66,6.115652173913043
89,67,4.1657142857142855
89,68,9.182702702702702
89,69,17.281
89,70,13.959999999999999
89,71,2.0699285714285716
89,72,2.6799236641221373
89,74,15.19421052631579
89,75,13.057
89,76,5.3244444444444445
89,77,4.52952380952381
89,78,16.374000000000002
89,79,9.022083333333333
89,80,6.848571428571428
89,81,22.296666666666667
89,82,11.193636363636363
89,83,11.35
89,85,1.2313793103448276
89,86,15.246666666666668
89,87,6.522142857142858
89,88,6.703571428571428
89,90,8.72095238095238
89,91,2.424841628959276
89,92,14.973125
89,93,11.5
89,94,20.275
89,95,11.439333333333334
89,96,8.47
89,97,3.894375
89,100,9.730540540540542
89,101,17.05
89,102,8.0125
89,106,3.5216666666666665
89,107,8.882631578947368
89,108,4.414285714285714
89,111,3.33
89,112,7.996666666666666
89,113,8.45142857142857
89,114,8.426923076923076
89,116,17.626666666666665
89,117,11.43423076923077
89,119,17.183333333333334
89,121,11.25
89,122,12.616000000000001
89,123,2.9421052631578943
89,124,8.662222222222221
89,125,7.836666666666667
89,126,17.766666666666666
89,127,19.644
89,129,11.932500000000001
89,130,12.673636363636364
89,131,12.76375
89,132,11.917857142857143
89,133,1.3704347826086958
89,134,10.571111111111112
89,135,10.2
89,136,20.2125
89,137,9.772089552238807
89,138,14.377368421052632
89,139,14.444117647058825
89,140,10.767592592592594
89,141,12.09
89,142,10.910833333333334
89,143,10.917142857142858
89,144,6.844705882352941
89,145,10.599166666666667
89,146,10.38875
89,147,17.65
89,148,7.043333333333333
89,149,3.2920408163265305
89,150,4.485625
89,151,13.675999999999998
89,152,15.1475
89,154,5.813333333333333
89,155,3.320561797752809
89,157,10.924
89,158,8.44090909090909
89,159,16.72625
89,160,9.6475
89,161,10.953703703703704
89,162,11.061351351351352
89,163,11.636
89,164,9.616111111111111
89,165,1.7101190476190478
89,166,14.4544
89,168,10.102500000000001
89,169,20.285
89,170,9.941896551724138
89,171,17.549999999999997
89,172,13.87
89,173,20.0
89,174,25.450000000000003
89,177,4.203606557377049
89,178,1.918
89,179,12.978125
89,180,8.625
89,181,3.1193513513513516
89,182,19.200000000000003
89,183,23.76
89,184,21.0
89,185,21.0525
89,186,9.465769230769231
89,188,1.9146875
89,189,2.6875555555555555
89,190,2.2175000000000002
89,191,15.714117647058822
89,192,16.209
89,193,11.038333333333334
89,194,16.82
89,195,4.443448275862068
89,196,11.4
89,197,9.639677419354838
89,198,6.5273076923076925
89,200,25.89
89,201,8.396666666666667
89,202,11.686
89,203,14.244
89,205,14.247894736842104
89,206,12.526666666666666
89,208,2.9
89,209,7.6129999999999995
89,210,3.731960784313726
89,211,7.463684210526316
89,212,18.066666666666666
89,213,20.375
89,215,12.80909090909091
89,216,10.348684210526315
89,217,6.26375
89,218,12.86153846153846
89,219,12.7775
89,221,11.18
89,222,5.1671875
89,223,14.193333333333335
89,224,10.0325
89,225,4.43379746835443
89,226,10.683548387096774
89,227,3.354032258064516
89,228,4.983076923076923
89,229,10.484666666666667
89,230,10.7705
89,231,6.871044776119403
89,232,7.767222222222222
89,233,10.432941176470589
89,234,9.245454545454546
89,235,19.33
89,236,12.763636363636364
89,237,11.988571428571428
89,238,13.071481481481483
89,239,12.500714285714285
89,241,17.957142857142856
89,242,20.566666666666666
89,243,19.284285714285716
89,244,16.730800000000002
89,246,9.625
89,247,14.048333333333332
89,249,8.013529411764706
89,250,21.13
89,252,15.597999999999999
89,254,18.486
89,255,6.812702702702703
89,256,6.493199999999999
89,257,1.7366666666666666
89,258,10.08
89,259,4.3
89,260,12.318181818181818
89,261,6.766923076923077
89,262,12.158
89,263,13.79888888888889
90,1,15.91502024291498
90,3,14.93
90,4,2.0896324655436445
90,7,6.048870056497176
90,9,15.68
90,10,15.17
90,11,12.82625
90,12,3.547758620689655
90,13,2.8421216973578862
90,14,11.13
90,15,14.672727272727274
90,16,15.0
90,17,6.011866666666666
90,18,13.816363636363635
90,20,10.99
90,21,13.071111111111112
90,22,11.3375
90,23,20.455
90,24,5.342932692307692
90,25,4.894272727272727
90,26,9.794285714285715
90,28,11.85
90,29,15.645
90,32,14.313999999999998
90,33,4.7207
90,34,4.546666666666667
90,35,9.65263157894737
90,36,7.573846153846154
90,37,6.905
90,38,26.35
90,39,13.972105263157896
90,40,6.0164912280701754
90,41,6.17076923076923
90,42,7.633843137254902
90,43,3.007426326129666
90,45,2.5284065934065936
90,47,11.235
90,48,1.6221860930465233
90,49,5.448846153846154
90,50,2.029993585631815
90,51,16.405
90,52,5.1788
90,53,12.4
90,54,6.0095238095238095
90,55,15.533333333333335
90,56,8.922727272727274
90,57,10.17
90,60,13.4
90,61,6.989059829059829
90,62,7.024857142857143
90,63,12.3
90,65,4.1542045454545455
90,66,4.4802608695652175
90,67,10.96
90,68,0.8057432540316142
90,69,9.2675
90,70,9.828999999999999
90,71,9.370000000000001
90,72,10.03
90,73,11.506666666666668
90,74,6.295789473684211
90,75,5.022692307692307
90,76,12.036
90,77,9.955
90,78,7.424000000000001
90,79,1.5880591593149975
90,80,5.678969072164948
90,81,16.134999999999998
90,82,9.213571428571429
90,83,7.156000000000001
90,85,9.4625
90,86,23.7
90,87,3.3681399808245445
90,88,3.8698771498771496
90,89,9.598431372549019
90,91,11.754
90,92,11.615
90,93,5.675
90,94,12.05
90,95,10.1724
90,97,4.750814814814815
90,98,13.24
90,100,0.9862028608582575
90,102,10.12
90,106,6.39
90,107,0.9751920457640969
90,108,13.506666666666666
90,109,21.65
90,112,5.234663212435233
90,113,1.0051202509585222
90,114,1.3023415637860083
90,116,7.942906976744187
90,117,24.2
90,118,19.22
90,119,9.557142857142859
90,120,9.926666666666668
90,121,11.796666666666667
90,122,18.8
90,123,12.838571428571429
90,124,14.31
90,125,1.4040627580511973
90,126,9.578
90,127,10.807631578947369
90,128,10.908333333333333
90,129,8.074181818181819
90,130,13.287
90,131,13.146666666666667
90,132,17.48130779392338
90,133,9.20142857142857
90,134,11.57
90,135,11.33
90,136,11.524666666666667
90,137,1.3476499724821134
90,138,10.686979405034325
90,139,18.36
90,140,3.701188118811881
90,141,3.347540453074434
90,142,2.6415175332527205
90,143,2.9569143356643357
90,144,1.9060484314804622
90,145,4.218103448275862
90,146,4.600975609756097
90,147,9.435
90,148,2.2051074589127686
90,149,13.1
90,150,17.256666666666664
90,151,4.966866028708134
90,152,6.788681318681318
90,153,12.6
90,154,11.7
90,155,15.256
90,157,6.81
90,158,1.0172541680843825
90,159,8.645
90,160,7.847391304347826
90,161,1.6515150583896743
90,162,1.9837534702942807
90,163,1.9916728822589238
90,164,0.9646971608832808
90,165,10.942499999999999
90,166,5.884620462046205
90,167,10.611666666666666
90,168,8.091212121212122
90,169,10.662142857142857
90,170,1.4302370259481039
90,171,13.8475
90,173,8.4
90,174,13.70142857142857
90,175,15.57
90,177,8.461666666666668
90,178,10.598076923076924
90,179,6.313260869565218
90,180,12.69
90,181,6.4431791907514455
90,182,12.158333333333333
90,183,14.445
90,184,16.375
90,185,13.772222222222222
90,186,0.7057431069266981
90,188,7.704468085106384
90,189,5.691780821917808
90,190,6.831538461538462
90,191,15.268571428571429
90,192,13.25
90,193,4.832307692307692
90,194,8.8
90,195,6.953571428571428
90,196,8.343529411764706
90,197,11.81842105263158
90,198,8.050416666666667
90,200,12.89423076923077
90,201,24.19666666666667
90,202,5.755
90,203,13.0
90,205,18.79
90,206,17.31
90,208,14.998
90,209,3.0302711864406784
90,210,16.65
90,211,1.6008346709470305
90,212,10.0
90,213,12.778333333333332
90,216,14.768333333333333
90,217,4.826
90,218,16.299999999999997
90,219,16.86916666666667
90,220,12.319565217391306
90,222,17.424999999999997
90,223,8.264999999999999
90,224,1.4064305177111716
90,225,7.108421052631579
90,226,5.305172413793104
90,227,9.464444444444446
90,228,8.345106382978724
90,229,2.5884458968772694
90,230,1.490511210762332
90,231,2.0679504724666016
90,232,2.9216239316239316
90,233,1.9463242009132418
90,234,0.6928822537924392
90,235,10.72875
90,236,3.891480743691899
90,237,2.884727911059099
90,238,4.379131652661065
90,239,3.5905677154582762
90,240,14.895
90,241,12.667272727272728
90,242,13.20857142857143
90,243,9.902660944206009
90,244,8.733674911660778
90,245,18.91
90,246,1.1038058580548253
90,247,9.68
90,248,11.803999999999998
90,249,0.8196597562905523
90,250,12.05391304347826
90,251,18.0
90,252,16.87
90,254,15.453999999999999
90,255,5.354397905759162
90,256,4.625679012345679
90,257,7.938064516129033
90,258,11.685
90,259,14.795999999999998
90,260,6.626315789473685
90,261,3.065189393939394
90,262,4.49664
90,263,4.307860215053763
91,3,22.049999999999997
91,4,7.550000000000001
91,7,15.12
91,9,8.6
91,10,10.068888888888889
91,11,7.1
91,12,7.4
91,13,8.959999999999999
91,14,10.607878787878787
91,16,16.375
91,17,5.6207142857142856
91,18,24.25
91,19,14.5
91,20,20.6
91,21,3.9484615384615385
91,22,4.462000000000001
91,25,6.456734693877551
91,26,3.6079166666666667
91,27,5.66
91,28,13.775714285714287
91,29,5.238636363636363
91,32,21.733333333333334
91,33,6.860540540540541
91,34,6.536666666666666
91,35,3.0814814814814815
91,36,6.11
91,37,5.531666666666666
91,38,13.997857142857143
91,39,2.398288288288288
91,40,6.142
91,41,17.45
91,42,17.935833333333335
91,45,8.366
91,47,19.400000000000002
91,48,12.745
91,49,5.4368181818181816
91,50,13.788571428571428
91,51,22.825000000000003
91,52,7.242727272727273
91,55,7.770476190476191
91,56,11.858181818181817
91,60,16.433333333333334
91,61,4.327866666666666
91,62,3.855
91,63,6.633333333333334
91,65,6.8409375
91,66,9.751999999999999
91,67,7.103076923076923
91,68,12.441818181818183
91,69,19.188888888888886
91,70,15.743333333333334
91,71,1.9540157480314961
91,72,2.1926446280991736
91,74,15.6525
91,75,15.970740740740743
91,76,4.573576158940398
91,77,3.8045833333333334
91,78,20.788888888888888
91,79,10.13076923076923
91,80,6.663636363636363
91,81,23.9
91,82,10.964
91,85,2.6298823529411766
91,86,13.907777777777778
91,87,10.1875
91,88,8.96
91,89,2.1723706896551724
91,90,11.2
91,92,13.0
91,93,12.35
91,94,4.6
91,95,9.97
91,97,5.734814814814815
91,100,11.725
91,102,8.526666666666667
91,106,5.215999999999999
91,107,11.015384615384615
91,108,6.1657142857142855
91,112,8.16
91,113,10.309999999999999
91,114,9.3
91,116,21.01111111111111
91,117,10.590909090909092
91,121,11.692857142857141
91,122,13.530000000000001
91,123,2.6941860465116276
91,124,6.808
91,125,9.28
91,126,20.13
91,127,18.05
91,128,22.1
91,129,14.09
91,130,11.425555555555556
91,131,11.913333333333334
91,132,8.758125
91,133,3.1369565217391306
91,134,8.8
91,135,13.8
91,136,22.5
91,137,10.420666666666667
91,138,16.400000000000002
91,139,11.810833333333333
91,140,13.208723404255318
91,141,11.725
91,142,14.013333333333334
91,143,14.415
91,144,7.801428571428572
91,145,11.539
91,146,8.98
91,148,9.969090909090909
91,149,2.214210526315789
91,150,4.372142857142857
91,152,20.860000000000003
91,153,24.0
91,154,2.7249999999999996
91,155,1.710608695652174
91,157,9.8625
91,158,19.7
91,159,18.6
91,160,9.523
91,161,12.073
91,162,12.327222222222224
91,163,16.55
91,164,10.74
91,165,2.0274666666666668
91,166,14.422222222222224
91,167,22.11
91,168,16.700000000000003
91,169,20.375
91,170,11.86
91,173,17.655
91,177,3.845689655172414
91,178,2.5007142857142854
91,179,16.0
91,180,7.27
91,181,5.313974358974359
91,182,20.316666666666666
91,185,23.299999999999997
91,186,11.932222222222222
91,188,3.4322360248447206
91,189,4.7311764705882355
91,190,3.684285714285714
91,191,14.35
91,193,12.268
91,195,6.489411764705882
91,196,10.056666666666667
91,197,11.507777777777777
91,198,5.718
91,200,23.75
91,201,8.495999999999999
91,202,15.7
91,203,13.041999999999998
91,205,11.74148148148148
91,209,7.332857142857143
91,210,3.0239285714285713
91,211,10.01
91,212,20.0
91,213,16.875
91,215,10.75
91,216,10.042666666666666
91,218,10.418888888888889
91,219,11.622857142857143
91,222,4.369655172413793
91,223,17.21
91,224,12.45
91,225,5.456862745098039
91,226,11.28875
91,227,6.51125
91,228,5.939629629629629
91,229,13.780000000000001
91,230,13.598333333333334
91,231,8.222068965517241
91,232,9.353
91,233,11.444444444444445
91,234,11.638333333333334
91,235,21.732
91,236,15.166666666666666
91,237,14.6175
91,238,13.8
91,239,14.01
91,241,20.79
91,243,19.533333333333335
91,244,18.25
91,246,11.308333333333332
91,248,18.75
91,249,13.1975
91,250,20.1
91,254,20.2
91,255,7.832857142857143
91,256,7.673333333333333
91,257,3.3844444444444446
91,258,8.40857142857143
91,259,21.0375
91,261,8.2875
91,263,14.899999999999999
92,1,24.71
92,3,9.215
92,4,11.85625
92,7,6.126250000000001
92,9,2.83
92,10,7.3500000000000005
92,11,18.959999999999997
92,13,14.49
92,14,18.7025
92,15,4.263684210526316
92,16,4.292972972972973
92,17,9.469999999999999
92,18,10.76
92,19,10.951666666666668
92,21,19.46625
92,22,19.23
92,24,10.32
92,25,11.216666666666667
92,28,5.697333333333333
92,29,17.6
92,32,12.066666666666668
92,33,13.2
92,35,9.572666666666667
92,36,8.477857142857143
92,37,8.626875
92,38,11.225999999999999
92,39,11.803333333333333
92,41,9.198
92,42,10.162777777777778
92,43,11.105
92,45,12.335
92,47,10.2
92,48,11.249333333333334
92,49,11.51
92,50,12.381538461538462
92,51,8.685
92,52,14.46
92,53,2.33875
92,54,13.44
92,55,17.94
92,56,2.92
92,57,1.514
92,60,7.1
92,61,10.87375
92,62,10.632
92,63,10.62
92,64,7.422222222222223
92,65,11.866428571428571
92,66,12.195
92,67,18.26
92,68,11.075
92,69,9.114285714285716
92,70,2.851153846153846
92,71,11.846666666666666
92,72,9.860000000000001
92,73,1.4584146341463415
92,74,10.12625
92,75,9.193809523809524
92,76,9.47107142857143
92,77,10.137142857142857
92,78,8.565
92,79,11.62142857142857
92,80,8.504166666666666
92,81,9.506
92,82,4.011125
92,83,4.8548
92,85,13.172
92,86,15.785
92,87,15.4725
92,89,13.723636363636365
92,90,10.44625
92,91,15.466666666666667
92,93,5.05
92,95,3.94671875
92,96,7.18
92,97,10.005
92,98,6.573333333333333
92,100,10.911111111111111
92,101,10.46
92,102,7.3933333333333335
92,106,15.69
92,107,10.5425
92,108,19.69
92,112,8.9375
92,113,10.872
92,114,12.528
92,116,9.65
92,117,17.066666666666666
92,119,11.31
92,121,4.17047619047619
92,122,6.96
92,124,9.658
92,125,11.98
92,126,9.4375
92,129,3.7047692307692306
92,130,6.12
92,131,6.971000000000001
92,132,10.525128205128206
92,133,14.566666666666668
92,134,4.4035714285714285
92,135,3.449767441860465
92,136,9.785
92,137,10.220555555555556
92,138,3.1542307692307694
92,140,10.987647058823528
92,141,10.744
92,142,12.931666666666667
92,143,8.966666666666667
92,144,10.85
92,145,8.579479166666667
92,146,7.923181818181818
92,147,9.375
92,148,10.97090909090909
92,149,16.4
92,151,11.486666666666666
92,152,9.4
92,154,14.1
92,155,17.285
92,157,6.008461538461538
92,159,10.19
92,160,5.454285714285715
92,161,10.367
92,162,10.691666666666668
92,163,11.482758620689655
92,164,10.55923076923077
92,165,14.3125
92,166,13.010000000000002
92,167,9.100000000000001
92,168,9.13
92,169,12.09
92,170,10.566500000000001
92,171,1.4268041237113402
92,173,2.2777777777777777
92,174,10.15
92,175,6.134117647058823
92,177,10.673333333333334
92,179,5.985
92,181,13.3825
92,182,10.5
92,183,7.25
92,185,9.68
92,186,10.894285714285715
92,188,11.899000000000001
92,189,12.23
92,191,8.461428571428572
92,192,1.91390625
92,193,7.674285714285714
92,195,13.326666666666666
92,196,3.771904761904762
92,197,6.041176470588235
92,198,7.280909090909091
92,200,14.4
92,202,7.7275
92,203,14.51
92,205,9.501999999999999
92,208,6.0371428571428565
92,209,13.32
92,210,17.85
92,211,12.5
92,212,8.126666666666667
92,213,7.09
92,215,7.2281818181818185
92,216,7.857142857142857
92,218,10.81857142857143
92,219,12.443333333333333
92,220,13.9
92,222,11.440000000000001
92,223,5.706521739130435
92,224,10.71
92,225,9.625714285714285
92,226,7.3665714285714285
92,227,15.704285714285716
92,228,14.65
92,229,11.8
92,230,11.3025
92,231,13.964545454545457
92,232,11.532222222222224
92,233,9.69888888888889
92,234,10.412857142857144
92,235,10.202
92,236,11.738
92,237,10.28
92,238,11.77111111111111
92,239,13.95
92,241,11.285714285714286
92,242,6.6000000000000005
92,243,12.284
92,244,13.085714285714285
92,246,11.53
92,247,10.142222222222223
92,248,7.1
92,249,11.899999999999999
92,250,6.816
92,252,2.9125
92,253,1.8433333333333335
92,254,10.61625
92,255,9.86
92,256,9.615
92,258,7.015454545454546
92,259,10.576666666666666
92,260,5.879583333333334
92,261,15.835999999999999
92,262,10.036666666666667
92,263,8.4575
93,4,10.5375
93,7,7.411428571428572
93,8,6.08
93,9,5.3
93,10,4.59
93,13,13.129999999999999
93,14,17.28
93,15,5.453333333333333
93,16,7.96
93,17,10.87
93,20,12.39
93,24,10.17
93,25,12.53
93,32,12.67
93,33,12.03
93,35,10.413333333333334
93,38,10.285
93,39,11.788333333333334
93,40,12.02
93,41,8.915714285714285
93,42,9.37
93,43,10.469999999999999
93,45,10.075
93,48,9.65
93,49,11.457142857142857
93,50,9.521666666666667
93,51,14.09
93,52,10.99
93,53,2.762
93,56,2.96
93,57,2.275
93,60,10.785
93,61,9.649999999999999
93,62,10.219999999999999
93,63,14.5
93,65,10.879999999999999
93,66,12.29
93,67,18.2
93,68,11.534
93,69,9.55
93,70,2.5300000000000002
93,72,7.3
93,74,8.915555555555555
93,75,10.807142857142859
93,76,11.085
93,77,8.530000000000001
93,79,10.65
93,80,8.076666666666666
93,82,2.675
93,83,4.49
93,87,12.790000000000001
93,88,12.2
93,89,16.855
93,90,9.516666666666667
93,91,12.63
93,92,1.675
93,95,2.805
93,97,12.02
93,98,3.83
93,100,8.985384615384616
93,101,7.88
93,102,7.69
93,107,9.647777777777778
93,108,19.0
93,112,6.51
93,113,10.645000000000001
93,114,10.113333333333333
93,116,12.55
93,120,12.91
93,121,4.188
93,122,5.95
93,125,12.68
93,127,12.645
93,129,4.7188888888888885
93,130,3.9840000000000004
93,131,3.32
93,132,7.487978723404256
93,134,2.472
93,135,3.682
93,137,8.946666666666667
93,138,2.3117647058823527
93,139,8.045
93,140,10.35125
93,141,11.116666666666667
93,142,11.134615384615385
93,143,11.635
93,144,9.6
93,145,7.23
93,146,8.593333333333334
93,148,10.2925
93,150,16.5
93,151,10.68
93,152,12.715
93,155,13.77
93,157,6.973333333333334
93,158,12.305
93,159,8.605
93,161,8.674
93,162,8.934000000000001
93,163,9.994
93,164,9.222222222222221
93,165,11.69
93,166,10.835
93,170,8.124375
93,171,3.855
93,173,2.0433333333333334
93,177,8.665
93,178,21.03
93,179,6.2683333333333335
93,180,8.89
93,181,11.01
93,185,10.13
93,186,9.878333333333334
93,188,10.8875
93,191,8.623333333333333
93,192,1.74
93,193,9.08
93,194,7.056666666666666
93,195,14.28
93,196,3.0250000000000004
93,197,3.1966666666666668
93,198,6.593999999999999
93,200,15.28
93,202,9.003333333333332
93,205,6.900000000000001
93,208,6.996666666666666
93,209,13.42
93,210,17.78
93,211,10.950000000000001
93,215,6.146666666666667
93,216,3.768333333333333
93,217,8.54
93,219,9.21
93,220,12.5
93,223,4.990909090909091
93,224,10.835
93,225,9.715
93,226,6.521666666666667
93,227,15.585
93,229,10.17
93,230,9.5875
93,231,11.352
93,232,10.049999999999999
93,233,9.6175
93,234,8.788571428571428
93,235,11.28
93,236,9.44
93,237,11.37125
93,238,11.61
93,239,11.862857142857143
93,241,10.6
93,243,13.336000000000002
93,244,12.043333333333335
93,246,11.1475
93,248,11.05
93,249,10.503333333333332
93,252,3.8120000000000003
93,253,0.35
93,255,13.966
93,256,8.93
93,257,29.48
93,258,7.1475
93,260,5.42
93,262,10.493333333333334
93,263,10.704
94,3,3.41
94,4,13.24
94,7,10.11
94,13,19.21
94,16,10.45
94,17,14.3
94,18,1.1973333333333334
94,20,0.9457142857142857
94,24,6.0
94,25,15.8
94,32,2.473
94,33,14.459999999999999
94,35,18.633333333333333
94,37,17.64875
94,38,17.7
94,39,15.45
94,41,5.4446666666666665
94,42,4.573125
94,43,6.78
94,45,13.243333333333334
94,47,1.4622222222222223
94,48,9.922857142857143
94,50,9.526666666666666
94,51,6.672727272727273
94,56,13.0
94,60,2.5225
94,61,17.125
94,68,11.35
94,69,2.5277777777777777
94,71,19.6
94,72,20.18
94,74,6.0329999999999995
94,75,6.510833333333333
94,76,20.392857142857142
94,77,16.525
94,78,1.4400000000000002
94,79,11.9175
94,80,8.3
94,81,4.22
94,85,21.6
94,87,13.645454545454545
94,89,22.64
94,90,12.16
94,91,17.45
94,92,8.5
94,95,12.64375
94,97,14.971428571428572
94,100,12.22
94,107,11.5
94,112,12.7
94,113,12.6
94,116,4.597142857142857
94,117,19.45
94,119,2.31
94,120,4.0
94,126,4.474285714285714
94,127,1.8650000000000002
94,128,1.72
94,129,10.8
94,130,15.15
94,135,15.0
94,136,1.018
94,137,11.1875
94,138,12.79
94,140,8.776153846153846
94,141,9.78
94,142,9.66
94,143,10.02
94,145,9.8
94,147,3.9625000000000004
94,148,12.61
94,151,6.866666666666667
94,152,5.218333333333333
94,153,2.245
94,154,27.57
94,157,13.82
94,158,11.67
94,159,3.566875
94,161,10.325714285714286
94,162,9.600000000000001
94,163,10.41
94,164,11.39
94,165,28.1
94,166,6.18
94,167,2.8716666666666666
94,168,5.310588235294118
94,169,0.9614285714285715
94,170,10.761538461538462
94,171,9.6
94,173,12.753333333333332
94,174,2.2542857142857144
94,175,13.3
94,179,7.9
94,181,19.6
94,182,4.2775
94,183,5.016666666666667
94,185,2.62875
94,186,12.348571428571429
94,188,21.8
94,189,13.8
94,191,15.1
94,193,11.7
94,194,8.25
94,195,16.8
94,196,14.1
94,197,17.72
94,198,12.2
94,200,4.640000000000001
94,208,6.305714285714286
94,209,13.866
94,211,12.25
94,212,4.048
94,213,5.878461538461538
94,215,15.366666666666667
94,216,17.0
94,218,16.3
94,219,1.81
94,220,2.9655555555555555
94,223,10.51
94,225,13.95111111111111
94,226,11.79
94,230,10.1325
94,231,15.2375
94,232,13.7
94,233,9.3
94,234,11.620000000000001
94,235,1.328
94,236,7.6
94,237,10.38
94,238,7.529999999999999
94,239,7.745
94,240,2.46
94,241,1.666153846153846
94,242,4.1225
94,243,2.462222222222222
94,244,3.571142857142857
94,246,10.533333333333333
94,247,2.74
94,248,3.3083333333333336
94,249,12.71
94,250,5.136666666666667
94,254,3.88125
94,255,13.95
94,258,16.055
94,259,5.2
94,260,8.9
94,261,16.38
94,263,7.415
95,3,11.854999999999999
95,4,10.238
95,7,7.344683544303797
95,8,5.0
95,9,5.544
95,10,5.112325581395349
95,11,19.526666666666667
95,13,12.35
95,14,16.69
95,15,8.67764705882353
95,16,7.71
95,17,8.34076923076923
95,18,13.846666666666666
95,19,7.38470588235294
95,20,12.590000000000002
95,21,14.81
95,22,17.672727272727272
95,24,12.9
95,25,10.720833333333333
95,26,16.613333333333333
95,28,2.1148372093023258
95,29,14.63375
95,30,13.51
95,31,19.8
95,32,12.4
95,33,10.228333333333333
95,35,6.940666666666667
95,36,5.39095238095238
95,37,6.3108571428571425
95,38,7.383333333333333
95,39,9.815
95,40,15.82
95,41,11.093333333333334
95,42,11.621875
95,43,9.48
95,45,10.612380952380951
95,46,13.5
95,47,12.116666666666667
95,48,8.471
95,49,8.538571428571428
95,50,10.348
95,51,13.904285714285715
95,52,11.8
95,53,5.878125
95,54,9.6
95,55,17.999000000000002
95,56,2.293625730994152
95,59,14.1
95,60,13.978
95,61,7.965
95,62,10.482000000000001
95,63,4.708214285714286
95,64,8.687999999999999
95,65,10.120909090909091
95,66,9.886666666666667
95,67,17.4525
95,68,10.036111111111111
95,69,11.75
95,70,5.1075
95,71,11.362
95,72,7.942777777777778
95,73,4.732352941176471
95,74,9.405454545454546
95,75,11.4674
95,76,6.718205128205128
95,77,6.183333333333334
95,78,13.149999999999999
95,79,9.377142857142857
95,80,5.4350000000000005
95,81,13.35
95,82,2.6440236686390532
95,83,2.983076923076923
95,85,9.892857142857142
95,86,13.356666666666667
95,87,11.842941176470589
95,88,11.971538461538461
95,89,9.865555555555556
95,90,9.441428571428572
95,91,11.504117647058823
95,92,4.082087912087912
95,93,2.2285714285714286
95,94,13.432500000000001
95,96,1.9070833333333335
95,97,9.834285714285715
95,98,5.003404255319149
95,100,8.695217391304348
95,101,9.004117647058823
95,102,2.191125
95,106,10.86
95,107,9.30923076923077
95,108,15.4
95,112,6.5248
95,113,9.508
95,114,10.7475
95,116,11.629999999999999
95,117,12.483333333333334
95,119,13.032857142857143
95,120,9.1
95,121,2.800980392156863
95,122,5.503636363636364
95,123,14.50111111111111
95,124,5.512222222222222
95,125,11.76
95,126,13.01
95,127,14.8
95,129,5.3938461538461535
95,130,3.4295999999999998
95,131,4.594225352112676
95,132,7.750449438202247
95,133,13.84625
95,134,1.6277839335180055
95,135,2.1367757009345794
95,136,14.02
95,137,8.513653846153845
95,138,5.356875
95,139,10.053333333333333
95,140,10.166129032258064
95,141,9.464782608695652
95,142,10.054074074074073
95,143,10.801111111111112
95,144,10.295384615384616
95,145,7.27
95,146,7.736470588235295
95,147,11.66
95,148,10.566875
95,149,10.3
95,150,13.405000000000001
95,151,12.059999999999999
95,152,12.34
95,153,17.475
95,155,10.113333333333333
95,157,3.856190476190476
95,158,10.623333333333333
95,159,11.594666666666667
95,160,2.3765040650406504
95,161,8.502142857142857
95,162,8.583823529411765
95,163,8.941333333333334
95,164,8.919130434782607
95,165,15.388571428571428
95,166,12.101666666666667
95,167,10.902
95,168,9.67
95,169,13.86
95,170,8.098133333333333
95,171,5.366551724137931
95,173,3.6689473684210525
95,174,14.280000000000001
95,175,6.617692307692308
95,177,6.494285714285715
95,178,14.7
95,179,7.743
95,180,4.4312499999999995
95,181,11.059565217391304
95,182,13.292000000000002
95,183,11.366666666666667
95,185,12.181111111111111
95,186,9.077857142857143
95,188,9.798333333333334
95,189,9.047999999999998
95,190,9.809999999999999
95,191,6.550930232558139
95,192,3.3018181818181818
95,193,8.147619047619047
95,194,10.02
95,195,11.766666666666666
95,196,1.4653041362530415
95,197,2.563390804597701
95,198,4.426507936507937
95,200,17.263333333333335
95,201,12.805
95,202,7.548
95,203,10.01142857142857
95,205,6.040625
95,207,4.67
95,208,10.55
95,209,11.0
95,210,15.966666666666667
95,211,10.4825
95,212,9.95
95,213,10.74
95,215,4.552380952380952
95,216,4.463851851851852
95,217,7.733333333333333
95,218,7.449411764705882
95,219,8.333846153846155
95,220,15.677142857142858
95,222,7.84375
95,223,6.981351351351352
95,224,10.51
95,225,6.931333333333333
95,226,5.6536
95,227,13.84
95,228,12.6875
95,229,8.680625
95,230,9.042307692307691
95,231,11.791
95,232,10.293199999999999
95,233,8.182972972972973
95,234,9.346538461538461
95,235,10.9
95,236,11.660454545454543
95,237,8.394
95,238,13.066956521739131
95,239,13.937777777777777
95,241,15.2725
95,242,9.4
95,243,12.873571428571427
95,244,12.723846153846154
95,246,10.162857142857144
95,247,4.8
95,248,12.073333333333332
95,249,10.326153846153847
95,250,14.05
95,252,6.913529411764706
95,253,4.455
95,254,13.383333333333333
95,255,8.297272727272727
95,256,8.107
95,257,13.0
95,258,3.1103333333333336
95,259,18.8
95,260,5.456470588235295
95,261,11.7875
95,262,10.007272727272728
95,263,10.549999999999999
96,7,9.55
96,10,4.77
96,17,5.825
96,24,17.93
96,25,7.0
96,28,4.5875
96,36,2.015
96,37,4.543333333333333
96,52,12.71
96,53,7.58
96,61,5.2725
96,62,5.5600000000000005
96,63,1.8925
96,67,9.5
96,70,8.05
96,71,7.355
96,73,9.14
96,76,2.5549999999999997
96,82,4.83
96,93,5.44
96,95,2.4766666666666666
96,98,7.5
96,101,9.875
96,102,3.435
96,107,10.44
96,112,13.73
96,117,10.11
96,121,6.61
96,123,10.3
96,129,9.96
96,130,3.4
96,132,9.885
96,134,2.2049999999999996
96,137,8.42
96,139,6.24
96,140,53.575
96,144,10.38
96,157,4.94
96,160,2.77
96,162,10.03
96,164,15.855
96,165,9.505
96,166,14.3
96,173,8.21
96,177,3.36
96,179,10.295000000000002
96,180,1.83
96,188,7.734999999999999
96,191,9.4
96,192,6.68
96,196,2.1079999999999997
96,197,0.86
96,198,3.2
96,201,8.58
96,205,8.86
96,210,13.52
96,213,11.7
96,216,4.91
96,220,42.46
96,224,11.69
96,225,4.5
96,226,6.81
96,228,20.15
96,237,10.27
96,250,14.55
96,255,6.85
96,258,1.5833333333333333
96,260,5.58
97,1,17.419999999999998
97,3,18.9875
97,4,3.9013953488372093
97,7,8.742985074626866
97,10,12.757142857142856
97,11,8.994545454545454
97,12,4.15
97,13,3.5818421052631577
97,14,6.83390243902439
97,16,15.153333333333334
97,17,2.0534120734908137
97,18,16.324285714285715
97,19,15.496666666666668
97,20,16.700909090909093
97,21,8.631333333333334
97,22,8.483333333333333
97,24,10.194285714285714
97,25,0.8879646017699115
97,26,5.656842105263158
97,28,11.828571428571427
97,29,13.278333333333334
97,32,16.5
97,33,1.412824074074074
97,34,1.2296875
97,35,4.944202898550724
97,36,3.7372380952380957
97,37,3.3542
97,38,17.65
97,39,6.627450980392157
97,40,1.6916161616161616
97,41,11.701714285714285
97,42,12.341578947368422
97,43,8.852857142857143
97,45,2.435833333333333
97,47,14.594
97,48,6.249444444444444
97,49,1.3786296900489396
97,50,6.845666666666667
97,51,18.493333333333332
97,52,1.5186206896551724
97,53,14.402000000000001
97,54,1.8940000000000001
97,55,11.259117647058824
97,56,8.92470588235294
97,60,12.69
97,61,2.699397321428571
97,62,2.5829032258064517
97,63,6.184285714285714
97,64,12.34
97,65,1.1017703349282297
97,66,1.4544549763033174
97,67,6.815294117647059
97,68,5.070093457943925
97,69,14.26
97,70,10.504
97,71,4.433166666666667
97,72,4.750102040816326
97,73,11.905000000000001
97,74,11.114666666666666
97,75,9.9996875
97,76,6.295037593984962
97,77,6.35
97,78,13.575
97,79,3.348618784530387
97,80,3.557016129032258
97,81,20.8175
97,82,7.868333333333333
97,83,7.291428571428571
97,85,3.717794117647059
97,86,19.72142857142857
97,87,2.9121428571428574
97,88,3.4502499999999996
97,89,4.015273631840796
97,90,4.601833333333333
97,91,6.210222222222222
97,92,12.575714285714286
97,93,11.31
97,94,22.282
97,95,9.610645161290323
97,96,9.315
97,98,12.693333333333333
97,100,6.016571428571429
97,101,16.74
97,102,7.147999999999999
97,106,1.536734693877551
97,107,4.227659574468085
97,108,10.725999999999999
97,112,4.319076923076923
97,113,3.659340659340659
97,114,3.3431746031746035
97,116,13.3724
97,117,17.136315789473684
97,119,12.064285714285715
97,120,14.64
97,121,13.01375
97,122,16.395
97,123,11.225
97,124,10.075
97,125,3.1603333333333334
97,126,14.453999999999999
97,127,15.591
97,128,15.45
97,129,8.238095238095237
97,130,12.184736842105263
97,131,13.318333333333333
97,132,14.815645161290323
97,133,4.775
97,134,12.24625
97,135,11.611666666666666
97,136,13.622222222222222
97,137,4.703717948717949
97,138,10.290655737704919
97,139,17.829166666666666
97,140,7.015714285714286
97,141,7.62
97,142,8.2836
97,143,8.351481481481482
97,144,2.5598765432098767
97,145,6.138243243243243
97,146,7.347894736842106
97,147,13.371111111111112
97,148,2.6898809523809524
97,149,7.378947368421052
97,150,16.552
97,151,10.585333333333333
97,152,12.9075
97,153,16.53
97,154,9.77
97,155,7.7280952380952375
97,157,7.445384615384615
97,158,4.283333333333333
97,159,12.464444444444446
97,160,8.0475
97,161,6.908269230769231
97,162,6.547888888888888
97,163,7.838888888888889
97,164,5.16
97,165,5.832758620689655
97,166,10.920263157894738
97,167,13.418000000000001
97,168,11.512727272727274
97,169,14.913
97,170,5.759090909090909
97,171,10.87
97,172,15.38
97,173,10.635
97,174,15.6725
97,175,14.63
97,177,3.947802197802198
97,178,5.8875
97,179,9.304
97,180,7.78
97,181,1.6531284916201117
97,182,15.2825
97,183,18.54
97,185,18.18857142857143
97,186,5.23234375
97,188,3.127797356828194
97,189,1.520042194092827
97,190,3.0118181818181817
97,191,16.87625
97,192,10.725
97,193,6.820769230769231
97,194,11.923333333333332
97,195,2.850754716981132
97,196,8.48875
97,197,11.3025
97,198,5.371587301587302
97,200,18.781666666666666
97,201,15.585
97,202,7.762499999999999
97,203,16.9675
97,205,15.285833333333334
97,208,18.171666666666667
97,209,2.8248148148148147
97,210,9.334666666666667
97,211,2.9833333333333334
97,212,16.23
97,213,15.485
97,215,13.849166666666667
97,216,11.431999999999999
97,217,2.4191176470588234
97,218,13.358947368421052
97,219,13.831999999999999
97,220,18.88
97,221,13.3
97,222,6.610714285714286
97,223,9.273
97,224,4.4984375
97,225,2.885379537953795
97,226,6.261428571428572
97,227,4.470000000000001
97,228,3.788048780487805
97,229,7.188695652173913
97,230,7.125591397849462
97,231,2.9753846153846153
97,232,2.912808988764045
97,233,6.27968253968254
97,234,4.413333333333334
97,235,15.55
97,236,9.585555555555556
97,237,7.7951162790697675
97,238,9.93391304347826
97,239,9.156279069767441
97,241,17.13
97,242,14.054285714285713
97,243,14.708333333333334
97,244,13.665416666666667
97,246,5.504556962025316
97,247,14.325
97,248,18.085
97,249,3.898428571428571
97,250,15.843333333333334
97,251,12.85
97,252,14.13
97,254,18.73
97,255,3.3380555555555556
97,256,3.1562295081967213
97,257,3.4237704918032787
97,258,8.5075
97,259,18.725
97,260,8.379411764705882
97,261,3.3124000000000002
97,262,9.023529411764706
97,263,9.231428571428571
98,7,9.799999999999999
98,9,0.9029999999999999
98,10,9.21
98,15,3.9
98,16,2.8363636363636364
98,17,10.846666666666666
98,19,4.3100000000000005
98,20,13.4
98,21,19.15
98,22,18.1
98,28,2.7640000000000002
98,29,19.155
98,31,10.7
98,32,11.5
98,33,14.125
98,35,9.7
98,36,9.32
98,37,10.936363636363636
98,38,5.1
98,41,12.33
98,42,14.983333333333334
98,48,12.521666666666667
98,49,11.2
98,50,18.575000000000003
98,51,14.3
98,53,6.536666666666666
98,56,5.4425
98,61,9.3
98,62,12.55
98,63,6.966666666666666
98,65,12.5
98,70,6.295
98,71,14.7
98,72,11.1
98,73,1.986
98,75,14.05
98,76,11.933333333333332
98,77,8.08
98,80,9.714285714285714
98,81,12.51
98,82,5.651428571428572
98,83,7.37
98,85,11.96
98,86,13.525
98,87,16.0125
98,88,16.27
98,91,17.66
98,92,4.161176470588235
98,93,6.84
98,94,13.41
98,95,4.71375
98,97,13.42
98,100,13.85
98,101,5.635
98,107,13.6
98,113,12.5
98,116,17.9975
98,119,14.15
98,121,1.6
98,122,1.9
98,124,9.91
98,129,7.578333333333333
98,130,4.344375
98,131,1.475
98,132,9.53
98,133,18.5
98,134,4.59
98,135,2.7775
98,137,11.233333333333334
98,139,9.24
98,140,15.3125
98,142,14.9
98,143,16.040000000000003
98,144,12.0
98,151,17.8
98,155,18.6
98,157,7.15
98,158,13.63
98,160,6.7775
98,161,13.21
98,164,11.6
98,165,14.68
98,167,11.75
98,169,12.0
98,170,13.5
98,171,2.353333333333333
98,174,22.0
98,175,2.2199999999999998
98,177,9.6
98,179,10.31
98,180,7.47
98,182,11.05
98,186,12.68
98,188,10.69
98,191,5.1975
98,192,2.8466666666666662
98,196,5.332
98,197,5.8
98,198,8.870000000000001
98,203,9.2
98,205,4.651428571428572
98,208,8.73
98,215,3.95
98,216,7.39
98,218,7.915
98,219,10.39
98,220,16.4
98,222,9.25
98,223,10.305
98,225,11.6775
98,227,5.8
98,230,12.5
98,233,12.5
98,234,13.280000000000001
98,236,14.9
98,237,15.72
98,240,5.1
98,244,14.15
98,247,12.3
98,249,12.0
98,252,6.42
98,254,11.3
98,258,8.41
98,259,13.9
98,260,9.8
98,261,16.22
100,1,17.106
100,3,13.401875
100,4,3.082152974504249
100,7,5.215756097560976
100,8,5.5
100,9,13.668000000000001
100,10,15.640454545454547
100,11,14.594999999999999
100,12,4.848192771084337
100,13,4.264809644670051
100,14,12.23672131147541
100,15,15.80875
100,16,14.712857142857143
100,17,7.2908928571428575
100,18,12.401904761904762
100,19,19.113333333333333
100,20,12.684000000000001
100,21,14.903333333333334
100,22,12.607333333333333
100,23,18.7
100,24,4.170625
100,25,6.64359375
100,26,10.713333333333333
100,28,11.742222222222223
100,29,15.553636363636365
100,31,12.42375
100,32,13.02125
100,33,6.494915254237288
100,34,6.562142857142858
100,35,13.246666666666666
100,36,7.455925925925926
100,37,8.255263157894737
100,38,19.661666666666665
100,39,14.948333333333332
100,40,7.367878787878787
100,41,5.031538461538461
100,42,6.549852507374632
100,43,2.098920741989882
100,44,23.75
100,45,3.791660899653979
100,47,10.935555555555556
100,48,0.9144273064838617
100,49,7.598115942028985
100,50,1.2287638085218306
100,51,13.48103448275862
100,52,7.087999999999999
100,53,12.99875
100,54,7.635833333333333
100,55,16.558333333333334
100,56,8.795454545454545
100,58,14.436666666666667
100,59,10.52
100,60,9.689
100,61,9.018791208791209
100,62,9.2876
100,63,10.7408
100,64,15.445
100,65,5.904782608695652
100,66,6.033448275862069
100,67,12.29125
100,68,1.0740427568602426
100,69,8.972222222222221
100,70,9.184583333333334
100,71,12.202
100,72,11.207500000000001
100,73,11.600000000000001
100,74,5.2470606060606055
100,75,3.9568611111111114
100,76,14.421666666666667
100,77,13.771428571428572
100,78,11.324
100,79,2.4820076481835565
100,80,6.536290322580645
100,81,12.168461538461539
100,82,7.23695652173913
100,83,6.904375
100,84,28.1
100,85,11.305000000000001
100,86,20.226
100,87,4.896236413043479
100,88,5.2011111111111115
100,89,11.245000000000001
100,90,1.0418583690987124
100,91,13.696363636363635
100,92,11.657027027027027
100,93,8.29
100,94,11.635
100,95,9.144814814814815
100,96,17.82
100,97,6.39
100,98,11.95
100,101,16.8325
100,102,8.976
100,106,8.061875
100,107,1.6025
100,108,14.718461538461538
100,109,28.87
100,112,4.5633333333333335
100,113,1.8703814713896458
100,114,2.197884160756501
100,115,18.036666666666665
100,116,7.118248847926267
100,117,16.841666666666665
100,119,8.74
100,120,9.011111111111111
100,121,11.18
100,122,14.685714285714287
100,123,14.42875
100,124,17.098
100,125,2.4019310344827582
100,126,10.595714285714285
100,127,9.968673469387754
100,128,9.785
100,129,7.052307692307693
100,130,12.913125
100,131,13.376153846153844
100,132,16.889193227091635
100,133,10.586
100,134,11.109230769230768
100,135,11.287777777777778
100,136,10.552
100,137,1.450225988700565
100,138,10.566057971014493
100,139,19.0925
100,140,2.7028612303290416
100,141,2.42873786407767
100,142,1.647621237458194
100,143,1.9888932806324109
100,144,2.893110882956879
100,145,3.400614525139665
100,146,3.946056338028169
100,147,9.387333333333334
100,148,3.324417808219178
100,149,13.583333333333334
100,150,16.16
100,151,3.885568181818182
100,152,5.990865384615384
100,153,11.016666666666666
100,155,18.407692307692308
100,157,6.267916666666667
100,158,1.9202439024390243
100,159,7.386
100,160,7.164347826086956
100,161,0.9121119763694951
100,162,1.1877611510791368
100,163,1.1540769850866586
100,164,0.821113393590797
100,165,13.151666666666666
100,166,5.011397260273973
100,167,9.803636363636363
100,168,6.9986
100,169,9.850000000000001
100,170,0.8762256902761104
100,171,12.839090909090908
100,173,10.291111111111112
100,174,13.814285714285715
100,175,14.705
100,176,22.52
100,177,10.25047619047619
100,178,11.8075
100,179,5.26523076923077
100,180,12.922500000000001
100,181,7.97886524822695
100,182,12.291428571428572
100,183,14.885
100,185,12.843636363636364
100,186,0.6441873278236915
100,187,20.74
100,188,9.69413043478261
100,189,7.567027027027027
100,190,7.608181818181818
100,191,15.035
100,192,11.475
100,193,4.139193548387096
100,194,8.008571428571429
100,195,8.37975
100,196,7.5562499999999995
100,197,12.895555555555555
100,198,7.4884375
100,200,12.292592592592591
100,201,24.240000000000002
100,202,5.001666666666667
100,203,12.266666666666666
100,204,27.46
100,205,15.229999999999999
100,206,20.225
100,207,5.93
100,208,14.433000000000002
100,209,4.651659192825112
100,210,18.505
100,211,2.5844884488448847
100,212,10.6275
100,213,11.4696
100,215,13.248333333333333
100,216,13.988620689655173
100,217,6.106274509803922
100,218,15.873333333333335
100,219,18.73875
100,220,11.393636363636364
100,222,14.555
100,223,7.0077477477477474
100,224,2.216217008797654
100,225,7.791746031746031
100,226,4.611401869158879
100,227,10.772727272727273
100,228,9.407777777777778
100,229,1.705239449976292
100,230,0.7828155056834742
100,231,3.2322861586314153
100,232,3.856
100,233,1.1762370689655173
100,234,1.2310657306955965
100,235,9.179375
100,236,3.002487386478305
100,237,2.002112676056338
100,238,3.245320786997434
100,239,2.517161066048667
100,240,13.142
100,241,12.9525
100,242,13.1925
100,243,9.101544715447154
100,244,7.7958974358974364
100,245,20.0
100,246,1.0743698113207547
100,247,8.773181818181818
100,248,11.346666666666666
100,249,1.6651914001048767
100,250,12.035263157894736
100,251,20.8075
100,252,13.546666666666667
100,254,14.3344
100,255,5.874102564102564
100,256,5.93061403508772
100,257,9.553636363636365
100,258,9.684285714285716
100,259,14.396296296296295
100,260,6.373636363636363
100,261,4.640833333333333
100,262,3.4728895184135977
100,263,3.3379695431472083
101,9,6.233333333333333
101,10,10.177777777777777
101,11,24.8
101,15,5.8
101,16,4.07
101,17,13.6
101,19,1.8966666666666665
101,21,29.12
101,28,7.821428571428571
101,29,21.2
101,31,14.44
101,32,13.1
101,35,18.455
101,36,13.09
101,37,15.225
101,38,7.406666666666666
101,39,14.415555555555557
101,42,16.700000000000003
101,47,14.78
101,49,18.31
101,51,12.6
101,53,11.17
101,56,10.36
101,61,14.25
101,63,12.655000000000001
101,64,3.01
101,65,18.28
101,70,10.98
101,71,14.1
101,72,15.24
101,73,9.2
101,74,7.2
101,75,15.74
101,76,12.278
101,77,13.455
101,78,14.19
101,80,14.3175
101,81,14.2
101,82,11.183333333333332
101,83,16.11
101,85,19.8
101,86,11.943333333333333
101,88,19.04
101,92,10.08
101,93,8.82
101,95,8.462666666666667
101,96,10.9
101,98,5.375
101,100,19.28
101,112,14.100000000000001
101,114,16.983333333333334
101,116,19.25
101,117,19.023333333333333
101,121,6.572
101,122,5.753333333333333
101,124,14.030000000000001
101,125,29.5
101,129,12.059999999999999
101,130,7.391
101,131,5.45375
101,132,11.563333333333333
101,134,8.326666666666666
101,135,7.6825
101,136,28.270000000000003
101,138,11.37
101,139,7.2459999999999996
101,140,16.66
101,142,17.619999999999997
101,143,17.7
101,145,16.355
101,147,14.6
101,157,8.723333333333334
101,161,15.5
101,162,16.975
101,163,15.1
101,168,13.2
101,169,13.8
101,170,15.955
101,171,6.94
101,173,12.8
101,175,3.35
101,177,13.07
101,180,13.83
101,188,15.523333333333333
101,191,4.133529411764705
101,192,8.29
101,193,15.3
101,196,10.01
101,197,9.303333333333333
101,198,12.1075
101,203,8.04
101,205,7.5042857142857144
101,215,7.533333333333334
101,216,11.658181818181818
101,218,8.623999999999999
101,219,8.843333333333334
101,222,14.5
101,225,14.555
101,226,14.62
101,230,18.3
101,234,16.8
101,236,21.4
101,237,16.58
101,238,10.0
101,243,18.833333333333332
101,244,20.08
101,246,17.8
101,252,7.635
101,254,14.8
101,258,11.13
101,259,13.4
101,261,21.6
101,262,20.009999999999998
101,263,20.29
102,4,6.3
102,6,17.54
102,7,9.103333333333333
102,9,9.129999999999999
102,10,6.75
102,14,12.2
102,15,13.86
102,16,9.996666666666668
102,17,4.996
102,18,17.02
102,20,14.6
102,22,12.219999999999999
102,24,9.6
102,25,7.16125
102,28,4.472857142857143
102,29,12.975
102,31,15.5
102,33,6.85
102,34,4.74
102,35,4.0325
102,36,2.3333333333333335
102,37,3.1939130434782608
102,39,6.13
102,41,15.633333333333335
102,42,15.193333333333333
102,43,9.24
102,45,8.796666666666667
102,48,10.725
102,49,6.683333333333334
102,50,10.0
102,51,15.7
102,53,8.015
102,55,15.67
102,56,4.331333333333333
102,60,15.37
102,61,4.725625
102,62,5.92875
102,63,2.2859090909090907
102,64,10.91
102,65,7.6475
102,68,9.131111111111112
102,70,7.75
102,71,5.973333333333333
102,72,5.425000000000001
102,74,14.905000000000001
102,75,12.748888888888889
102,76,3.9078260869565216
102,77,3.77625
102,79,6.6085714285714285
102,80,4.155333333333333
102,82,3.5190625
102,83,3.1714285714285713
102,85,7.226666666666667
102,86,12.7
102,87,10.675
102,90,11.245000000000001
102,91,8.662
102,92,7.234
102,93,7.0120000000000005
102,95,2.408
102,96,0.9
102,97,6.794
102,98,7.205
102,100,7.9
102,101,10.8
102,106,8.93
102,107,12.13
102,112,5.381111111111111
102,113,9.4
102,114,6.386666666666667
102,116,12.13
102,121,5.67
102,122,7.48
102,123,11.466666666666667
102,124,4.20125
102,125,10.42
102,127,16.1
102,129,7.624
102,130,5.002857142857144
102,131,6.42
102,132,7.101666666666667
102,134,2.7649999999999997
102,135,5.1375
102,137,8.192499999999999
102,138,9.62
102,139,8.36
102,140,8.44125
102,141,9.0
102,142,9.11
102,143,9.026666666666666
102,144,11.325
102,145,5.762499999999999
102,146,7.145
102,148,7.633333333333333
102,149,11.15
102,150,12.325
102,153,31.5
102,155,9.013333333333334
102,157,2.5524999999999998
102,158,10.8
102,159,17.0
102,160,1.8083333333333333
102,161,8.535
102,162,7.8
102,163,8.4
102,165,7.5
102,167,12.199999999999998
102,168,17.9
102,170,8.692
102,171,7.623333333333334
102,173,5.484545454545454
102,174,16.01
102,175,7.71
102,177,3.2271428571428573
102,178,14.25
102,179,10.665000000000001
102,180,2.848333333333333
102,181,8.333333333333334
102,185,14.13
102,186,10.14
102,188,6.119999999999999
102,189,5.29
102,191,7.300000000000001
102,192,6.484999999999999
102,193,7.196666666666666
102,196,2.785625
102,197,2.851818181818182
102,198,1.6726923076923077
102,200,21.96
102,201,9.6
102,202,8.03
102,203,8.95
102,205,7.646666666666666
102,207,5.0
102,208,14.153333333333334
102,209,13.3
102,211,6.85
102,212,16.33
102,213,11.4
102,215,7.44
102,216,4.61125
102,217,6.52
102,218,6.39
102,219,7.455
102,222,5.035
102,223,7.275
102,225,3.921111111111111
102,226,5.394285714285714
102,228,9.309999999999999
102,229,8.873333333333333
102,230,9.875
102,231,8.808333333333334
102,232,8.9
102,233,8.77
102,235,17.41
102,236,12.665
102,237,8.450000000000001
102,238,10.95
102,239,9.5
102,241,15.8
102,243,18.09
102,244,13.596666666666666
102,246,8.5
102,247,17.7
102,255,4.828
102,256,5.942857142857143
102,257,6.6
102,258,2.2996666666666665
102,260,4.964444444444444
102,263,9.686666666666667
105,125,23.75
106,1,21.520000000000003
106,4,5.79
106,7,10.346666666666666
106,11,6.44
106,12,3.83
106,13,4.127000000000001
106,14,4.53
106,17,3.215238095238095
106,18,18.099999999999998
106,21,7.5425
106,22,5.867692307692308
106,23,13.53
106,24,10.958
106,25,1.1246428571428573
106,26,3.9577777777777774
106,29,10.317777777777778
106,33,1.9572
106,34,3.1260000000000003
106,35,4.885000000000001
106,36,5.560526315789474
106,37,4.965121951219512
106,39,6.021428571428571
106,40,0.9931578947368421
106,41,13.8125
106,42,14.66
106,43,10.57
106,45,4.055
106,48,7.7638461538461545
106,49,2.145
106,50,7.44
106,52,1.2
106,54,1.365
106,55,10.272727272727273
106,56,10.3
106,59,17.2
106,61,3.0692592592592596
106,62,2.856666666666667
106,63,8.536666666666667
106,65,2.4116666666666666
106,66,2.7225
106,67,4.77
106,68,6.7128
106,71,4.181
106,72,4.6211111111111105
106,73,15.11
106,74,12.797272727272729
106,75,11.535
106,76,7.901111111111111
106,77,6.13
106,78,17.51
106,79,5.310434782608696
106,80,5.5336
106,83,9.34
106,85,3.455
106,86,22.296666666666667
106,87,4.177333333333333
106,88,3.9850000000000003
106,89,3.6051162790697675
106,90,5.812222222222222
106,91,8.428999999999998
106,92,13.666666666666666
106,95,10.7
106,97,1.5823529411764705
106,100,7.446666666666666
106,102,6.103333333333333
106,107,5.906153846153846
106,108,9.77
106,112,6.138333333333333
106,113,5.427142857142857
106,114,4.8
106,116,15.43
106,117,19.85
106,122,15.8
106,123,5.53
106,125,4.434
106,127,18.39
106,129,9.024285714285714
106,130,15.406666666666666
106,131,11.716666666666667
106,132,17.674
106,133,2.98
106,134,9.03
106,137,7.63375
106,138,12.20875
106,140,9.583333333333334
106,141,9.668333333333333
106,142,9.27125
106,143,8.66
106,144,4.275833333333334
106,145,7.743636363636364
106,146,8.906
106,147,16.04
106,148,4.381764705882353
106,149,6.09
106,151,11.136666666666665
106,152,14.540000000000001
106,155,8.724
106,157,7.869999999999999
106,158,4.89
106,159,11.4
106,160,9.41
106,161,8.733
106,162,8.558181818181819
106,163,8.921428571428573
106,164,7.742
106,165,4.2575
106,166,12.072
106,168,13.724999999999998
106,169,15.5
106,170,7.46090909090909
106,171,18.365
106,177,4.981428571428571
106,178,4.75
106,179,11.49
106,181,1.0492647058823528
106,186,7.148461538461539
106,188,2.7560526315789473
106,189,1.4566666666666666
106,190,1.5466666666666669
106,191,14.7
106,192,10.9
106,193,9.46
106,195,1.5211764705882354
106,196,9.45
106,197,9.125
106,198,7.029565217391305
106,202,9.445
106,208,16.200000000000003
106,209,4.3
106,210,11.48
106,211,4.5600000000000005
106,212,14.1
106,213,18.82
106,216,11.5
106,217,4.29
106,218,15.3
106,219,22.799999999999997
106,220,17.14
106,221,8.78
106,222,14.469999999999999
106,223,10.8325
106,224,5.359999999999999
106,225,3.7215625
106,226,8.39
106,227,2.755
106,228,1.9244827586206896
106,229,9.4025
106,230,7.802222222222222
106,231,3.606521739130435
106,232,6.046666666666667
106,233,7.590000000000001
106,234,6.404285714285714
106,235,16.09
106,236,11.476666666666667
106,237,10.004
106,238,10.761
106,239,10.463333333333333
106,243,15.184000000000001
106,244,14.950000000000001
106,246,6.553333333333334
106,248,17.41
106,249,5.0600000000000005
106,250,16.8
106,254,20.8675
106,255,4.946666666666666
106,256,4.6128
106,257,2.1653846153846157
106,258,6.8
106,260,9.120000000000001
106,261,3.8033333333333332
106,262,8.58875
106,263,10.023333333333333
107,1,16.99487046632124
107,3,16.6325
107,4,1.325272867025365
107,6,19.76
107,7,5.448881578947368
107,9,12.165
107,10,18.95375
107,11,12.815999999999999
107,12,3.8840000000000003
107,13,4.2216990291262135
107,14,11.824074074074074
107,15,15.63
107,16,14.1
107,17,5.5441666666666665
107,18,11.122
107,19,15.47
107,20,12.055454545454547
107,21,12.525
107,22,12.18
107,24,5.893432835820896
107,25,4.950666666666667
107,26,10.853846153846153
107,27,26.8
107,28,11.938571428571427
107,29,15.81375
107,30,21.4
107,31,12.41
107,32,13.7075
107,33,4.798276923076923
107,34,5.231333333333334
107,35,7.967272727272728
107,36,6.54962962962963
107,37,6.124761904761905
107,38,18.61
107,39,13.02157894736842
107,40,6.22021978021978
107,41,6.271513157894737
107,42,7.32901185770751
107,43,3.30388679245283
107,45,2.309
107,46,16.4
107,47,10.05
107,48,2.362920962199313
107,49,5.121942446043166
107,50,2.8475835475578406
107,51,12.675999999999998
107,52,5.421888888888889
107,54,6.080454545454546
107,55,14.91111111111111
107,56,8.49875
107,57,11.13
107,58,13.18
107,60,12.271428571428572
107,61,6.857128712871288
107,62,6.742058823529412
107,63,9.040000000000001
107,64,15.273333333333333
107,65,4.174656488549618
107,66,4.257257142857143
107,67,11.066923076923077
107,68,1.4606349206349205
107,69,8.31962962962963
107,70,10.241333333333333
107,71,9.14576923076923
107,72,8.191428571428572
107,73,12.07
107,74,5.638267898383371
107,75,4.55054892601432
107,76,12.976470588235294
107,77,11.885
107,78,11.413333333333334
107,79,0.9505889264209135
107,80,5.220479999999999
107,81,16.766666666666666
107,82,7.1899999999999995
107,83,6.125263157894737
107,85,9.325
107,86,21.1
107,87,3.6117704688593424
107,88,4.115349206349206
107,89,9.928507462686568
107,90,1.009425045153522
107,91,10.583333333333334
107,92,10.9715
107,93,8.002
107,94,11.33625
107,95,8.97968253968254
107,97,4.815565217391304
107,98,11.99
107,100,1.5670523255813953
107,101,15.206666666666669
107,102,9.145999999999999
107,106,6.931071428571428
107,108,16.1875
107,111,8.25
107,112,4.67392
107,113,0.911300463269358
107,114,1.2502822201317028
107,116,8.616438356164384
107,117,19.15
107,118,16.96
107,119,8.921428571428573
107,120,9.624
107,121,11.790000000000001
107,122,12.578333333333333
107,123,11.816363636363635
107,124,13.316666666666668
107,125,1.9469910371318822
107,126,8.493125
107,127,10.77295081967213
107,128,11.14
107,129,7.315211267605633
107,130,12.818823529411764
107,131,12.583333333333334
107,132,16.876520495710203
107,133,9.695357142857144
107,134,10.88642857142857
107,135,11.285000000000002
107,136,11.928421052631577
107,137,0.7532818371607515
107,138,10.214823252160251
107,139,16.98
107,140,2.8077420574886536
107,141,2.5968363844393596
107,142,3.309877419354839
107,143,3.6576400000000002
107,144,1.4955002326663565
107,145,3.3561507936507935
107,146,4.2274242424242425
107,147,9.51125
107,148,1.5478637566137565
107,149,12.650588235294117
107,150,15.307500000000001
107,151,5.506649874055415
107,152,7.753521126760563
107,153,11.77
107,155,13.914444444444444
107,157,6.525135135135136
107,158,1.6830837912087913
107,159,7.41
107,160,7.365128205128205
107,161,1.6898072538860103
107,162,1.4679528718703976
107,163,2.312439276485788
107,164,0.9901468392234942
107,165,10.529444444444444
107,166,6.620503355704698
107,167,9.348214285714286
107,168,6.841509433962265
107,169,10.101111111111111
107,170,0.9799223125564589
107,171,11.7675
107,172,20.09
107,173,9.761666666666667
107,174,13.681818181818182
107,175,15.43
107,176,19.7
107,177,7.648
107,178,10.921428571428573
107,179,5.732142857142857
107,180,11.203333333333333
107,181,6.416593886462882
107,182,11.872857142857143
107,183,13.219999999999999
107,185,12.803333333333333
107,186,1.2301413164745258
107,187,20.54
107,188,8.280363636363637
107,189,6.0312068965517245
107,190,7.146428571428571
107,191,16.074285714285715
107,192,10.02
107,193,4.343333333333334
107,194,6.7250000000000005
107,195,7.277826086956521
107,196,7.684210526315789
107,197,10.887857142857143
107,198,7.3928125
107,200,14.853333333333333
107,201,25.35
107,202,5.3158
107,205,14.507142857142856
107,206,18.78
107,207,7.1
107,208,13.915384615384616
107,209,3.3552313883299796
107,210,15.293846153846154
107,211,1.6013435700575815
107,212,10.8275
107,213,10.836875000000001
107,214,16.8
107,215,13.352727272727272
107,216,12.84818181818182
107,217,4.134878048780488
107,218,16.808
107,219,13.835
107,220,12.627142857142857
107,221,15.780000000000001
107,222,13.625
107,223,6.893119266055046
107,224,0.7685410557184751
107,225,6.255
107,226,4.7005405405405405
107,227,9.543157894736842
107,228,8.876904761904761
107,229,1.8616847700485326
107,230,1.9915147928994081
107,231,2.5534795829713293
107,232,2.199112
107,233,1.248469505178366
107,234,0.7095782862270077
107,235,9.532222222222222
107,236,3.436483773837404
107,237,2.4395391705069125
107,238,4.836617336152219
107,239,4.203624318004676
107,240,14.445
107,241,11.37142857142857
107,242,12.213333333333333
107,243,10.405281690140844
107,244,9.565708154506437
107,246,1.8820269058295964
107,247,8.699583333333333
107,248,10.370999999999999
107,249,1.436017874875869
107,250,11.194166666666666
107,252,13.51
107,254,14.007272727272726
107,255,4.430459363957597
107,256,3.9768401486988845
107,257,9.329375
107,258,10.467647058823529
107,259,15.066153846153846
107,260,6.466590909090908
107,261,3.766433447098976
107,262,3.7018350383631713
107,263,3.541421861656704
108,1,17.96
108,7,14.066666666666668
108,11,2.450909090909091
108,13,9.98
108,14,5.795238095238095
108,17,8.472857142857142
108,21,1.4946153846153847
108,22,2.1863636363636365
108,24,18.6
108,25,9.4125
108,26,3.884375
108,28,14.959999999999999
108,29,1.499
108,32,23.2
108,33,8.1
108,34,13.28
108,35,10.0525
108,36,12.5
108,37,9.7
108,38,13.2
108,39,7.07
108,40,6.8
108,41,18.7
108,42,19.7
108,43,21.91
108,45,11.1
108,47,20.925
108,48,17.72
108,49,7.855714285714286
108,55,2.052285714285714
108,56,15.9
108,58,21.3
108,60,22.1
108,61,10.579166666666667
108,62,5.92
108,63,12.695
108,65,10.94
108,66,11.4
108,67,3.184
108,68,14.885
108,69,19.25
108,71,6.014
108,72,6.153333333333333
108,75,17.4
108,76,11.1775
108,78,24.515
108,80,12.585555555555555
108,81,6.0
108,82,19.266666666666666
108,85,4.264
108,86,13.0
108,87,10.83
108,88,9.716666666666667
108,89,4.557333333333333
108,90,12.311428571428573
108,91,4.6706666666666665
108,92,19.279999999999998
108,95,15.92
108,97,10.123333333333333
108,100,15.040000000000001
108,102,13.0
108,106,7.75
108,107,13.392000000000001
108,116,19.1
108,117,12.998333333333335
108,121,16.083333333333332
108,122,15.8
108,123,1.8267741935483872
108,124,12.033333333333331
108,125,10.5
108,126,20.0
108,130,15.17125
108,132,12.35
108,133,3.766666666666666
108,135,17.2
108,137,10.028571428571428
108,138,23.11
108,139,15.7
108,140,15.73625
108,141,14.2
108,142,16.79
108,144,11.988888888888889
108,147,21.3
108,148,10.2
108,149,3.3016666666666663
108,150,2.942
108,151,20.57
108,154,4.775
108,155,5.608
108,161,14.072727272727274
108,162,15.2
108,163,14.575
108,165,5.38
108,167,25.65
108,168,21.7
108,169,21.1
108,170,12.008333333333333
108,174,23.400000000000002
108,177,10.24
108,178,2.1875
108,181,8.330833333333333
108,182,6.4
108,183,26.957142857142856
108,186,8.725
108,188,6.631666666666667
108,189,6.8
108,191,17.35
108,193,20.29
108,195,10.356666666666667
108,196,15.2
108,204,17.68
108,205,15.95
108,208,25.175
108,209,11.46923076923077
108,210,2.450967741935484
108,211,12.5
108,215,15.266666666666666
108,216,10.839
108,217,11.12
108,221,7.0
108,222,9.493333333333334
108,225,10.687999999999999
108,227,6.3
108,228,7.123529411764705
108,230,14.733333333333334
108,231,11.600000000000001
108,232,13.63
108,233,13.85
108,234,12.566666666666668
108,236,19.65
108,237,14.7
108,238,14.9
108,241,20.6
108,242,23.96
108,246,14.059999999999999
108,247,20.8
108,257,5.93
108,261,11.375
108,262,15.873333333333333
108,263,16.8
109,22,14.1
109,26,11.79
109,29,14.57
109,160,23.1
109,181,14.6
109,214,4.41
109,228,13.56
111,25,4.18
111,36,9.09
111,40,2.89
111,54,2.87
111,55,11.03
111,88,9.62
111,89,1.8
111,133,9.31
111,188,2.99
111,189,2.19
111,228,1.2000000000000002
111,231,4.2
112,1,18.253333333333334
112,4,4.002
112,6,12.77
112,7,3.93752
112,8,6.4
112,9,10.805
112,10,11.85
112,11,12.744
112,12,6.89
112,13,7.180357142857143
112,14,10.994642857142859
112,15,12.38
112,16,12.103333333333333
112,17,3.25625
112,18,15.94
112,20,14.941666666666668
112,21,11.404285714285715
112,22,12.31
112,24,7.467142857142856
112,25,4.801379310344828
112,26,10.145
112,28,9.723333333333333
112,29,17.713333333333335
112,31,13.31
112,33,4.7646875
112,34,3.31
112,35,6.976521739130435
112,36,3.1001176470588234
112,37,2.8919433198380564
112,38,15.26
112,39,8.08090909090909
112,40,6.171428571428572
112,41,9.374347826086957
112,42,9.228787878787879
112,43,5.9712499999999995
112,45,4.379714285714286
112,46,16.6
112,47,12.8725
112,48,4.945769230769231
112,49,3.672560975609756
112,50,5.25037037037037
112,51,18.52
112,52,5.2711538461538465
112,53,10.29
112,54,5.223333333333333
112,55,17.87
112,56,6.397777777777778
112,58,15.34
112,60,11.946666666666667
112,61,4.47680981595092
112,62,4.7749999999999995
112,63,6.040833333333334
112,64,15.1
112,65,4.27204081632653
112,66,4.459464285714286
112,67,11.006
112,68,4.779102564102564
112,69,9.56625
112,70,6.525
112,71,8.996923076923078
112,72,6.496666666666666
112,73,9.233333333333334
112,74,8.084324324324324
112,75,6.311951219512196
112,76,8.8695
112,77,8.48857142857143
112,79,4.128810810810811
112,80,1.5445762711864406
112,81,13.1
112,82,5.547948717948718
112,83,4.259166666666666
112,85,7.425882352941177
112,86,18.246666666666666
112,87,5.8275
112,88,6.302105263157895
112,89,9.220816326530612
112,90,4.605573770491803
112,91,10.41
112,92,8.910666666666666
112,93,10.483333333333333
112,95,6.95280701754386
112,97,4.134507042253522
112,98,11.443333333333333
112,100,3.941111111111111
112,102,4.8773333333333335
112,106,6.066190476190476
112,107,4.394177215189873
112,108,15.58
112,111,7.925000000000001
112,113,4.538153846153847
112,114,4.649516129032258
112,116,10.771875
112,117,16.633333333333333
112,119,9.6
112,120,11.94
112,121,9.153333333333334
112,123,11.57
112,124,9.848571428571429
112,125,4.970238095238095
112,126,12.64
112,127,13.4
112,129,4.878235294117647
112,130,10.21642857142857
112,131,9.7875
112,132,14.608378378378378
112,133,9.58
112,134,9.4
112,135,9.271428571428572
112,136,11.8
112,137,3.8359701492537313
112,138,7.328
112,140,4.2251315789473685
112,141,4.308533333333333
112,142,5.395535714285714
112,143,5.5165
112,144,4.107731958762886
112,145,2.051529411764706
112,146,2.6361764705882353
112,147,10.765
112,148,3.755320512820513
112,149,13.96
112,150,17.57
112,151,7.033103448275862
112,152,9.917142857142858
112,155,14.19
112,157,3.2164102564102564
112,158,5.404999999999999
112,159,12.54
112,160,4.4411538461538465
112,161,4.065416666666667
112,162,3.842244897959184
112,163,4.6217500000000005
112,164,3.723
112,165,9.43
112,166,8.623571428571429
112,167,10.15
112,168,9.497142857142858
112,169,11.4
112,170,3.5308045977011493
112,171,9.788
112,173,7.772
112,174,16.85571428571429
112,175,11.2
112,177,4.289310344827586
112,178,10.0
112,179,4.415098039215686
112,180,9.22
112,181,5.751826086956522
112,182,12.55
112,185,15.799999999999999
112,186,4.988333333333333
112,188,6.026666666666667
112,189,4.5638571428571435
112,190,7.4725
112,191,21.6
112,192,7.663333333333333
112,193,2.6199999999999997
112,194,8.485
112,195,6.597647058823529
112,196,5.17625
112,197,9.246666666666668
112,198,3.8276027397260277
112,200,14.875
112,201,21.493333333333336
112,202,3.272
112,203,16.96
112,205,13.24875
112,207,5.636666666666667
112,209,5.84076923076923
112,210,16.435
112,211,4.708888888888889
112,212,11.719999999999999
112,213,9.966666666666667
112,215,11.32
112,216,10.116666666666667
112,217,2.2706666666666666
112,218,14.16
112,219,15.293333333333331
112,220,16.89
112,221,14.4
112,222,11.765
112,223,6.0312698412698404
112,224,4.323214285714285
112,225,3.204081632653061
112,226,2.273267326732673
112,227,9.68
112,228,8.866060606060605
112,229,4.0482978723404255
112,230,4.767777777777777
112,231,5.323766233766234
112,232,3.8387499999999997
112,233,3.663777777777778
112,234,4.192125
112,235,8.9
112,236,5.348039215686274
112,237,4.401372549019608
112,238,6.533846153846154
112,239,6.214935064935065
112,240,14.764999999999999
112,241,14.3475
112,242,13.3
112,243,12.883999999999999
112,244,11.202777777777778
112,246,5.3658
112,247,10.096666666666666
112,248,7.9
112,249,4.987142857142857
112,250,13.91
112,252,11.464
112,254,16.57
112,255,1.2091525423728813
112,256,1.6370646766169155
112,257,8.58736842105263
112,258,7.8100000000000005
112,260,3.630810810810811
112,261,6.451538461538462
112,262,5.13719298245614
112,263,5.128181818181818
113,1,14.56776119402985
113,3,14.77
113,4,1.21546965918537
113,5,23.84
113,6,15.8
113,7,6.69890756302521
113,10,15.928333333333333
113,11,12.075
113,12,2.8072222222222223
113,13,2.381435142594296
113,14,10.22396551724138
113,15,16.105
113,16,15.632
113,17,4.9146052631578945
113,18,11.087499999999999
113,20,13.456666666666665
113,21,11.595714285714285
113,22,10.902857142857142
113,23,16.09
113,24,6.087727272727273
113,25,3.8833333333333333
113,26,9.220714285714285
113,28,13.376666666666667
113,29,14.687999999999999
113,31,13.243333333333334
113,32,12.2
113,33,3.5149640287769786
113,34,4.1049999999999995
113,35,7.807142857142857
113,36,5.95953125
113,37,5.00735632183908
113,38,20.375
113,39,13.185999999999998
113,40,4.626979166666667
113,41,6.815874439461884
113,42,8.108294117647059
113,43,3.6193198992443323
113,45,1.644339963833635
113,46,18.08
113,47,12.77
113,48,2.6303884093711467
113,49,4.468346456692913
113,50,2.9768107302533533
113,51,16.74
113,52,4.069732142857143
113,53,13.065
113,54,5.0976923076923075
113,55,14.725999999999999
113,56,8.715
113,57,9.8
113,59,10.65
113,60,10.3
113,61,5.991851851851852
113,62,5.750810810810811
113,63,10.7
113,64,15.62
113,65,3.278255033557047
113,66,3.2385057471264367
113,67,10.35
113,68,1.4932375577219088
113,69,9.786666666666667
113,70,10.455
113,71,7.933181818181819
113,72,8.933333333333334
113,74,6.498671328671329
113,75,5.264067278287461
113,76,9.868333333333334
113,77,8.24
113,78,12.615
113,79,0.8188457228240569
113,80,4.6588721804511275
113,81,13.780000000000001
113,82,8.033076923076923
113,83,7.214285714285714
113,85,6.798947368421053
113,87,2.3321223286661756
113,88,2.8913978494623658
113,89,8.638028169014083
113,90,0.9557424559306842
113,91,11.209999999999999
113,92,11.858333333333334
113,94,11.585
113,95,10.377872340425531
113,96,11.26
113,97,3.8450259067357515
113,100,1.6894113263785395
113,101,12.496666666666664
113,102,8.863333333333333
113,106,5.3065625
113,107,0.9303412204234123
113,108,14.91
113,109,19.56
113,112,4.992473684210527
113,114,0.7118967828418231
113,116,9.009369369369368
113,117,23.8
113,118,15.638333333333334
113,119,9.48
113,120,10.45
113,121,12.0
113,123,13.3975
113,124,17.12
113,125,1.197421383647799
113,127,11.391372549019609
113,128,12.105
113,129,8.260172413793104
113,130,13.43142857142857
113,131,13.86875
113,132,17.742332563510395
113,133,7.745277777777777
113,134,13.025
113,135,11.687999999999999
113,136,10.86
113,137,1.4871289274106174
113,138,10.789920477137176
113,140,3.7623253388946822
113,141,3.47792965627498
113,142,3.571852770885029
113,143,3.8831317204301077
113,144,1.0184008029441285
113,145,4.2089256198347105
113,146,5.15
113,147,9.48
113,148,1.3111676427525623
113,149,11.97
113,150,14.700000000000001
113,151,5.847469879518072
113,152,7.936938775510203
113,153,12.62
113,155,12.68
113,156,18.99
113,157,5.845454545454545
113,158,1.0351888217522658
113,159,8.405000000000001
113,160,7.565
113,161,2.1518526315789472
113,162,2.261157354618016
113,163,2.642709801409353
113,164,1.366423258958756
113,165,9.686428571428573
113,166,6.915722222222222
113,167,7.043333333333334
113,168,7.520384615384615
113,169,11.518333333333333
113,170,1.6212725651883217
113,171,12.83
113,173,10.6525
113,174,15.544444444444444
113,177,6.945
113,178,9.7
113,179,6.851315789473685
113,180,11.823333333333332
113,181,5.212533783783784
113,182,12.638
113,185,13.651428571428571
113,186,1.3749928428285143
113,188,6.528846153846154
113,189,4.755288461538462
113,190,5.511111111111111
113,191,18.435000000000002
113,192,11.36
113,193,4.938421052631579
113,194,8.5775
113,195,6.2871428571428565
113,196,9.85125
113,197,6.736666666666667
113,198,8.795897435897436
113,200,13.377777777777778
113,202,6.1225000000000005
113,205,16.15
113,206,17.55
113,208,14.004
113,209,2.089973045822102
113,210,17.963333333333335
113,211,0.9890094504725236
113,212,11.3525
113,213,12.025
113,215,14.7925
113,216,14.588333333333333
113,217,3.814375
113,218,16.025
113,219,15.65
113,220,12.876521739130435
113,221,16.273333333333333
113,222,15.149999999999999
113,223,8.900526315789474
113,224,1.247373271889401
113,225,5.663749999999999
113,226,5.629508196721311
113,227,8.656363636363636
113,228,7.937941176470588
113,229,2.740163934426229
113,230,2.2536868231046934
113,231,1.5768567774936062
113,232,1.8820000000000001
113,233,2.0889779874213836
113,234,0.8797259721942373
113,235,11.446666666666667
113,236,4.094897279289284
113,237,3.168309430682312
113,238,5.288580323785803
113,239,4.552648784576697
113,240,16.21
113,241,13.62
113,242,13.57
113,243,10.74008064516129
113,244,9.837214285714285
113,245,14.55
113,246,1.9552743652743652
113,247,10.191428571428572
113,248,10.95
113,249,0.7956571702178598
113,250,12.515
113,252,15.665
113,254,13.75
113,255,4.053333333333334
113,256,3.5693437500000003
113,257,7.5103448275862075
113,258,12.276666666666667
113,259,16.595
113,260,9.2815
113,261,2.200921895006402
113,262,4.635261627906977
113,263,4.46078431372549
114,1,14.12768115942029
114,4,1.2774775449101796
114,6,13.393333333333333
114,7,7.196490066225166
114,9,16.529999999999998
114,10,13.3125
114,11,12.031666666666666
114,12,2.4472972972972973
114,13,2.02943865276664
114,14,9.668448275862069
114,15,16.7
114,16,16.19333333333333
114,17,4.834117647058823
114,18,13.7125
114,19,14.2
114,20,14.169
114,21,11.814444444444444
114,22,10.950666666666667
114,23,18.87
114,24,6.639225806451613
114,25,3.545
114,26,6.529999999999999
114,28,13.032666666666668
114,29,16.27
114,30,17.79
114,31,15.83
114,32,13.82
114,33,3.229287356321839
114,34,3.8023529411764705
114,36,5.723960396039604
114,37,4.799768786127168
114,39,16.165
114,40,4.325765765765766
114,41,7.329588014981273
114,42,8.706650943396227
114,43,3.905804749340369
114,45,1.310261941448382
114,46,6.5
114,48,3.0353562005277044
114,49,4.153364485981308
114,50,3.3686253041362533
114,51,16.582857142857144
114,52,3.807113402061856
114,54,4.484915254237288
114,55,13.819999999999999
114,56,10.046000000000001
114,58,13.98
114,61,5.7389375000000005
114,62,5.7028125
114,63,11.845714285714285
114,64,16.6
114,65,2.8747019867549666
114,66,2.930112781954887
114,67,9.4725
114,68,1.8501442812172089
114,69,9.7575
114,70,10.021428571428572
114,71,8.135555555555555
114,72,8.16
114,73,13.355
114,74,7.000989583333333
114,75,5.8976750700280105
114,76,8.12
114,78,11.807500000000001
114,79,0.9398761563712325
114,80,3.965427135678392
114,81,18.7
114,82,8.904
114,83,7.431111111111111
114,85,7.709090909090909
114,86,20.5
114,87,1.9782521367521366
114,88,2.413549848942598
114,89,8.083492063492063
114,90,1.3245400095831337
114,91,9.936666666666667
114,92,11.266363636363637
114,94,11.84
114,95,10.777096774193547
114,96,11.41
114,97,3.496981132075472
114,100,2.0880915438324283
114,101,12.300000000000002
114,102,8.708571428571428
114,106,4.753529411764706
114,107,1.2686958463599822
114,108,13.9
114,112,4.756210191082802
114,113,0.7500504071345483
114,116,9.316849315068493
114,117,24.88
114,118,16.53
114,119,10.411818181818182
114,120,10.303999999999998
114,121,12.747499999999999
114,122,15.49
114,123,11.953333333333333
114,124,18.34
114,125,0.8921389108129439
114,126,10.5325
114,127,12.012452830188678
114,128,12.2
114,129,8.247272727272728
114,130,12.45
114,131,15.33
114,132,17.646919191919192
114,133,7.845000000000001
114,134,11.771666666666667
114,135,12.846666666666666
114,136,13.52
114,137,1.848941570881226
114,138,10.82843373493976
114,139,19.23
114,140,4.2514400000000006
114,141,3.9571498944405348
114,142,4.024578904333606
114,143,4.28163783160323
114,144,0.7765196471531677
114,145,4.81437125748503
114,146,5.41575
114,147,9.43
114,148,0.9607106017191978
114,149,11.35
114,151,6.220748663101604
114,152,8.22561403508772
114,153,13.98
114,155,11.865
114,156,18.02
114,157,6.8293333333333335
114,158,1.2044709897610921
114,159,9.246666666666668
114,160,7.384615384615385
114,161,2.5893259423503325
114,162,2.6277300959909655
114,163,3.1163422194668318
114,164,1.7863519736842106
114,165,9.608571428571429
114,166,7.109005524861878
114,167,10.8625
114,168,8.858636363636363
114,169,12.216666666666667
114,170,2.006267573696145
114,171,13.079999999999998
114,172,16.55
114,173,10.846
114,174,16.245
114,175,14.25
114,177,6.785
114,178,9.35
114,179,8.06388888888889
114,181,4.865689655172414
114,182,13.177142857142856
114,183,14.328
114,185,13.94
114,186,1.762381087202718
114,188,6.009836065573771
114,189,4.358601398601398
114,190,5.194347826086957
114,191,14.5
114,192,15.455
114,193,4.8999999999999995
114,194,8.86
114,195,5.507419354838709
114,196,9.364285714285714
114,197,12.32
114,198,7.3280851063829795
114,200,14.888181818181819
114,201,24.28
114,202,6.578095238095237
114,203,18.55
114,204,25.945
114,205,17.33
114,208,16.085
114,209,1.7585714285714287
114,210,17.285454545454545
114,211,0.7352383654937571
114,212,11.82
114,213,15.870000000000001
114,215,14.1
114,216,16.603333333333335
114,217,3.1422222222222222
114,218,16.0
114,220,13.114090909090908
114,221,13.2
114,222,11.2
114,223,9.316805555555556
114,224,1.5892379679144386
114,225,5.288761904761905
114,226,6.220888888888889
114,227,8.431538461538462
114,228,7.2136000000000005
114,229,3.1285499058380415
114,230,2.6356708268330733
114,231,1.2523691639522259
114,232,1.4903405865657522
114,233,2.4727981910684003
114,234,1.2205425067553524
114,235,12.562000000000001
114,236,4.669104958145525
114,237,3.581872391174717
114,238,5.701302428256071
114,239,4.960898705255141
114,241,13.627142857142857
114,242,14.52
114,243,11.136715328467153
114,244,9.907765363128492
114,245,14.4
114,246,2.3829196787148597
114,247,10.157142857142857
114,248,11.055
114,249,0.9179187428133384
114,250,13.044285714285715
114,252,15.798000000000002
114,254,16.869999999999997
114,255,3.682561797752809
114,256,3.1364300202839757
114,257,7.212826086956523
114,258,11.61
114,259,16.70888888888889
114,260,7.1084000000000005
114,261,2.0021462043111526
114,262,5.261038798498122
114,263,4.972431587177482
115,6,1.4457142857142855
115,11,5.75
115,14,5.246666666666666
115,22,7.26
115,25,12.89
115,26,7.285
115,33,11.27
115,66,12.17
115,67,4.66
115,76,17.76
115,97,10.76
115,107,13.9
115,114,15.05
115,118,0.66
115,132,23.47
115,138,21.31
115,156,4.85
115,161,17.32
115,186,15.85
115,187,3.74
115,213,22.2
115,214,3.06
115,221,1.6949999999999998
115,222,17.23
115,224,15.28
115,228,6.92
115,230,19.725
115,256,15.53
115,257,10.42
116,1,24.131666666666664
116,3,9.161052631578947
116,4,9.23076923076923
116,7,6.129
116,9,13.99
116,10,16.324
116,12,11.226666666666667
116,13,9.62923076923077
116,14,8.040000000000001
116,17,13.378181818181817
116,18,5.386
116,20,5.43875
116,21,18.5
116,22,22.76
116,24,2.1443558282208586
116,25,10.44
116,28,11.75
116,31,8.4
116,32,7.829375
116,33,11.854999999999999
116,34,13.7
116,35,18.21
116,36,12.9975
116,37,12.449444444444445
116,39,19.228571428571428
116,40,12.700000000000001
116,41,1.8398484848484848
116,42,1.2792112676056338
116,43,3.98554347826087
116,45,10.019473684210526
116,46,11.75
116,47,4.392222222222222
116,48,5.801694915254237
116,49,12.5
116,50,5.422321428571429
116,51,11.371290322580645
116,52,13.99
116,53,11.84125
116,55,22.1
116,56,12.486666666666666
116,57,10.33
116,59,3.7
116,60,6.524444444444445
116,61,15.262
116,62,15.3
116,63,13.9
116,65,11.854000000000001
116,66,9.99
116,68,6.7553591160221
116,69,2.056808510638298
116,70,9.96
116,71,17.91
116,72,17.625
116,74,2.6448849557522123
116,75,3.5743882978723405
116,76,16.373333333333335
116,77,17.578
116,78,5.126
116,79,9.155104166666666
116,80,11.799285714285714
116,81,10.484545454545454
116,82,9.639333333333333
116,83,9.649999999999999
116,85,15.3
116,86,17.1
116,87,10.667105263157895
116,88,10.77
116,89,15.566666666666668
116,90,7.607529411764705
116,91,18.84777777777778
116,92,9.575
116,93,11.044285714285715
116,94,4.698333333333333
116,95,12.217142857142857
116,97,10.433333333333334
116,98,16.25
116,100,6.697010309278351
116,102,16.794285714285714
116,106,13.94
116,107,8.56397435897436
116,112,11.986666666666666
116,113,8.418809523809523
116,114,8.665
116,119,2.63
116,120,2.289230769230769
116,121,12.46
116,123,19.533333333333335
116,124,17.3
116,125,8.47529411764706
116,126,4.97
116,127,3.653495145631068
116,128,4.118333333333333
116,129,7.54
116,130,13.752857142857142
116,131,16.29
116,132,19.29294117647059
116,133,14.6
116,134,13.156666666666666
116,135,15.796666666666667
116,136,5.124705882352941
116,137,7.821149425287357
116,138,8.756447368421053
116,139,18.700000000000003
116,140,5.715797101449275
116,141,5.713882352941177
116,142,4.773484162895928
116,143,4.727964071856288
116,144,9.5125
116,145,8.739166666666668
116,146,7.266666666666667
116,147,3.24
116,148,9.775573770491802
116,149,14.9
116,151,2.546114649681529
116,152,0.8562893081761007
116,153,4.426153846153846
116,157,9.596666666666666
116,158,7.695454545454545
116,159,2.071132075471698
116,160,11.25
116,161,6.450823529411766
116,162,6.659402985074627
116,163,5.805359477124183
116,164,7.360886075949367
116,165,17.5
116,166,1.5065210355987055
116,167,3.3116000000000003
116,168,2.3632075471698113
116,169,3.526521739130435
116,170,7.24659793814433
116,172,25.39
116,173,10.296666666666667
116,174,7.665454545454545
116,175,17.9
116,177,15.133333333333333
116,178,17.8
116,179,5.840000000000001
116,180,17.366666666666667
116,181,13.338888888888889
116,182,7.025806451612904
116,183,9.414
116,184,8.3
116,185,8.660625
116,186,7.077476635514018
116,188,15.200000000000001
116,189,13.193333333333333
116,191,18.419999999999998
116,192,12.5
116,193,6.12
116,194,5.8412500000000005
116,195,12.16
116,196,11.986666666666666
116,197,16.213333333333335
116,198,12.77
116,200,6.304285714285713
116,202,7.6925
116,203,18.141666666666666
116,205,16.036666666666665
116,208,8.806153846153846
116,209,10.696666666666665
116,210,19.7
116,211,9.424761904761905
116,212,6.382
116,213,6.970666666666667
116,215,15.0
116,216,16.274545454545457
116,217,13.9
116,218,1.5
116,220,5.78695652173913
116,222,17.9
116,223,6.4433333333333325
116,224,9.163333333333334
116,225,13.5
116,226,9.506
116,227,15.336666666666666
116,228,14.64
116,229,6.681063829787234
116,230,6.049154228855722
116,231,9.132181818181818
116,232,9.79490909090909
116,233,6.990392156862745
116,234,8.272592592592591
116,235,3.2338095238095237
116,236,4.433081395348837
116,237,5.515338345864661
116,238,3.1070886075949367
116,239,3.810181818181818
116,240,7.1025
116,241,5.561153846153847
116,242,8.054400000000001
116,243,2.9597911227154046
116,244,1.4120673813169986
116,246,6.524189189189189
116,247,1.865185185185185
116,248,6.108333333333333
116,249,7.661296296296296
116,250,7.0633333333333335
116,251,22.36
116,252,11.175
116,254,9.582758620689654
116,255,10.950000000000001
116,256,12.528823529411765
116,257,13.8
116,258,15.459999999999999
116,259,8.752142857142857
116,260,7.975
116,261,10.636969696969697
116,262,4.761666666666667
116,263,4.463229166666667
117,3,25.8
117,4,19.2
117,7,21.14
117,10,8.535
117,11,12.35
117,13,25.86
117,14,16.025000000000002
117,17,14.105714285714287
117,18,24.7
117,19,15.570588235294117
117,20,29.4
117,21,8.233333333333333
117,22,13.0
117,25,15.761538461538462
117,26,13.766666666666666
117,27,6.16
117,28,11.895
117,29,10.715
117,32,22.9
117,33,17.223076923076924
117,35,11.418181818181818
117,36,14.58
117,37,14.05125
117,38,10.7
117,39,10.69774193548387
117,40,19.14
117,41,17.86
117,42,20.97407407407407
117,45,19.12727272727273
117,47,22.54
117,48,18.099999999999998
117,49,14.512857142857143
117,50,24.5
117,51,22.0
117,52,18.880000000000003
117,54,18.9
117,55,11.68913043478261
117,56,12.42
117,58,21.6
117,60,24.299999999999997
117,61,13.163695652173912
117,62,13.649999999999999
117,63,9.788
117,65,17.79041666666667
117,66,15.375
117,67,16.19
117,68,21.756666666666668
117,69,23.880000000000003
117,70,15.0
117,71,12.424000000000001
117,72,11.748999999999999
117,74,21.16
117,75,18.259615384615383
117,76,9.242921348314606
117,77,11.001176470588236
117,78,23.525000000000002
117,79,21.34
117,80,14.6425
117,81,24.3
117,82,12.595555555555556
117,85,13.383333333333333
117,86,1.9922727272727272
117,88,16.4
117,89,12.707916666666668
117,90,20.549999999999997
117,91,11.144
117,92,14.465
117,95,12.244
117,97,15.977857142857143
117,98,16.12
117,100,20.753684210526316
117,101,16.615
117,102,11.809999999999999
117,106,22.905
117,107,21.41
117,108,9.357142857142858
117,112,18.925
117,113,22.0
117,116,23.666666666666668
117,119,23.9
117,121,12.354000000000001
117,122,15.3
117,123,11.27
117,124,7.512307692307692
117,125,21.54
117,126,13.075000000000001
117,127,24.4
117,129,20.47
117,130,11.424285714285714
117,131,16.695
117,132,8.96
117,133,14.4
117,134,11.71
117,136,22.7
117,137,17.775384615384613
117,139,4.91
117,140,16.986666666666665
117,141,19.366666666666667
117,143,23.6
117,145,18.083333333333332
117,147,22.733333333333334
117,148,21.599999999999998
117,149,11.195
117,150,5.659999999999999
117,151,20.099999999999998
117,152,24.59
117,154,7.85
117,155,9.553636363636365
117,157,13.38
117,159,19.1375
117,161,18.44666666666667
117,162,22.400000000000002
117,163,13.5
117,164,21.75
117,165,11.307142857142859
117,166,19.0
117,167,23.1
117,168,23.77
117,169,23.116666666666664
117,170,18.242857142857144
117,173,14.1
117,174,27.3
117,177,12.124642857142858
117,178,15.3
117,180,8.093333333333334
117,181,17.116296296296294
117,185,21.5
117,186,21.135555555555555
117,188,13.120000000000001
117,189,13.5
117,191,13.123333333333333
117,192,13.5
117,195,19.2
117,196,11.705
117,197,11.22
117,198,9.1
117,200,29.65
117,201,2.756046511627907
117,203,5.547142857142857
117,205,9.714285714285714
117,208,13.55
117,209,19.3
117,210,10.352
117,211,16.5
117,212,21.5
117,215,10.56
117,216,8.768181818181818
117,217,12.5
117,218,9.198
117,219,7.785
117,222,10.283333333333333
117,223,17.9
117,225,13.24
117,226,17.0775
117,227,19.225
117,228,16.2075
117,229,25.8
117,230,17.3875
117,231,20.019583333333333
117,232,22.05
117,233,19.725
117,234,19.93857142857143
117,235,24.85
117,236,16.676666666666666
117,237,24.8
117,238,23.885
117,239,24.526
117,241,23.2
117,242,23.016666666666666
117,243,28.21
117,244,19.575
117,246,18.1
117,247,22.662
117,248,23.89
117,250,19.2
117,254,24.0
117,255,16.6
117,256,12.8
117,258,8.08
117,259,21.900000000000002
117,260,17.2
117,261,20.688888888888886
117,262,17.3125
117,263,21.15
118,6,6.41
118,13,24.33
118,14,5.125
118,22,11.98
118,52,13.54
118,53,24.26
118,67,5.95
118,79,15.29
118,87,14.515
118,140,22.85
118,149,14.0
118,154,12.1
118,163,20.92
118,172,3.515
118,195,9.2
118,214,1.19
118,216,21.8
118,221,5.12
118,228,11.075
118,231,15.44
118,239,20.17
118,261,16.06
119,3,8.79857142857143
119,4,10.692
119,7,7.984999999999999
119,10,12.85
119,14,19.025
119,17,13.865
119,18,3.1829411764705884
119,20,4.56875
119,24,3.5159999999999996
119,25,12.299999999999999
119,28,13.2
119,31,5.11
119,32,7.2700000000000005
119,33,10.275
119,35,16.937272727272727
119,36,10.1
119,37,13.75
119,39,23.066666666666666
119,41,2.9039285714285716
119,42,2.0517105263157895
119,43,3.8
119,45,11.565999999999999
119,47,2.505
119,48,8.902162162162162
119,49,14.0575
119,50,7.632727272727274
119,51,10.347272727272728
119,53,9.92
119,55,24.6
119,56,11.27
119,57,11.02
119,60,4.229
119,61,15.271428571428572
119,62,18.4
119,65,14.523333333333333
119,66,13.5
119,67,20.0
119,68,9.556111111111111
119,69,1.2717857142857143
119,70,8.413333333333334
119,71,20.466666666666665
119,74,3.420892857142857
119,75,4.637142857142857
119,76,16.01764705882353
119,77,17.406666666666666
119,78,3.783888888888889
119,79,9.717142857142857
119,80,11.26
119,81,10.46
119,82,10.290000000000001
119,83,9.0
119,85,38.5
119,86,23.106666666666666
119,87,11.5975
119,88,12.39
119,89,19.82
119,90,9.75
119,91,22.5
119,92,10.683333333333332
119,93,10.6
119,94,2.555
119,95,11.9
119,97,13.91
119,100,8.912222222222223
119,107,9.6575
119,108,24.35
119,112,13.13
119,113,10.09
119,114,10.645714285714286
119,116,1.765185185185185
119,117,22.6
119,120,1.3
119,121,14.538888888888888
119,123,22.67
119,124,17.2
119,126,6.025714285714286
119,127,3.169090909090909
119,128,3.84
119,129,8.504999999999999
119,130,15.30777777777778
119,131,15.833333333333334
119,132,20.166666666666668
119,134,12.8
119,136,2.477333333333333
119,137,8.916538461538462
119,138,8.24
119,140,6.429166666666667
119,141,6.358
119,142,7.62
119,143,7.3875
119,144,12.67
119,145,9.59
119,146,7.18
119,147,3.638888888888889
119,148,11.12375
119,151,6.149
119,152,2.771818181818182
119,155,21.3
119,157,12.566666666666668
119,158,11.598333333333334
119,159,2.2476190476190476
119,161,8.32
119,162,7.806875
119,163,8.767142857142856
119,164,9.452857142857143
119,166,3.1727272727272724
119,167,2.5900000000000003
119,168,3.0383333333333336
119,169,1.835
119,170,9.484
119,173,11.18
119,174,6.276666666666666
119,177,19.09
119,179,6.2749999999999995
119,181,13.399999999999999
119,182,4.273333333333333
119,184,6.39
119,185,5.59
119,186,8.965
119,188,16.25
119,189,14.923333333333334
119,190,15.3
119,191,17.43
119,192,16.3
119,193,7.1
119,194,4.11
119,196,17.299999999999997
119,197,13.96904761904762
119,198,13.843333333333334
119,200,8.205
119,201,28.8
119,205,16.61
119,208,7.468571428571429
119,211,11.030000000000001
119,212,4.56
119,213,6.5254166666666675
119,215,14.98
119,216,15.833333333333334
119,219,17.3
119,220,5.413333333333334
119,222,18.0
119,223,7.0925
119,225,14.333333333333334
119,226,9.635
119,227,19.99
119,229,6.9316666666666675
119,230,9.137619047619047
119,231,11.702608695652172
119,232,10.418571428571429
119,233,8.246666666666666
119,234,9.15576923076923
119,235,1.4013043478260871
119,236,5.268461538461538
119,237,6.076666666666667
119,238,6.15
119,239,6.665384615384616
119,240,6.386666666666667
119,241,3.6333333333333333
119,242,5.281000000000001
119,243,1.9583333333333333
119,244,2.080294117647059
119,246,9.387777777777778
119,247,1.2
119,248,3.6216666666666666
119,249,10.91
119,250,5.823333333333333
119,254,7.3095
119,259,7.26
119,260,7.332857142857143
119,261,10.5
119,262,5.283333333333333
119,263,4.746666666666667
120,7,8.48
120,24,6.09
120,35,15.2
120,37,13.82
120,41,3.96
120,42,2.4757142857142855
120,48,8.155
120,50,6.645
120,55,23.0
120,68,9.3
120,74,4.69
120,75,4.71875
120,76,2.3
120,79,10.84
120,80,15.0
120,86,27.41
120,87,12.96
120,89,19.45
120,90,10.54
120,107,9.97
120,116,2.975
120,119,1.39
120,127,2.9975
120,132,19.042
120,138,9.265
120,140,4.5200000000000005
120,141,6.485
120,142,6.925
120,151,6.16
120,152,1.5775000000000001
120,161,7.54
120,162,7.68
120,169,1.91
120,170,8.895
120,179,5.4
120,182,4.34
120,186,9.98
120,200,4.3
120,211,0.32
120,220,4.890000000000001
120,230,8.31
120,232,11.22
120,233,8.26
120,234,8.42
120,235,1.7
120,236,7.27
120,237,5.88
120,238,7.38
120,239,6.74
120,243,1.5316666666666665
120,244,1.3499999999999999
120,246,6.625
120,259,5.5
120,261,0.84
120,263,5.44
121,3,12.4
121,4,11.055
121,7,8.62142857142857
121,8,9.51
121,9,4.036
121,10,5.178461538461538
121,13,16.15
121,15,6.907500000000001
121,16,4.67
121,17,10.0
121,18,14.533333333333331
121,19,5.558
121,20,11.45
121,21,17.2
121,22,12.7
121,23,26.0
121,25,12.04
121,28,1.3219999999999998
121,29,16.066666666666666
121,31,11.6
121,32,12.976666666666667
121,33,11.533333333333333
121,34,11.71
121,35,8.901111111111112
121,36,7.446666666666666
121,37,8.244285714285715
121,39,10.941428571428572
121,41,10.350000000000001
121,42,13.209545454545456
121,43,22.4
121,45,10.7
121,47,13.0
121,48,10.925
121,49,10.3125
121,50,11.771428571428572
121,51,12.536363636363637
121,53,4.6579999999999995
121,55,17.554545454545455
121,56,4.238571428571428
121,57,4.34
121,61,10.274
121,63,6.756
121,64,5.13
121,65,11.959999999999999
121,66,10.6
121,68,12.77111111111111
121,69,13.5
121,70,5.1375
121,71,10.149999999999999
121,72,9.014615384615384
121,73,2.334285714285714
121,74,10.905714285714286
121,75,11.455555555555556
121,76,7.520625
121,77,7.1325
121,78,12.322857142857144
121,79,11.773333333333333
121,80,8.72
121,82,5.187222222222222
121,83,6.3066666666666675
121,85,11.62
121,86,12.54
121,87,14.677777777777777
121,88,14.7
121,89,11.625
121,90,11.225
121,91,11.375
121,92,3.7805882352941174
121,93,3.2399999999999998
121,94,16.52
121,95,3.012068965517241
121,96,5.66
121,97,10.988
121,98,1.5975000000000001
121,100,10.693333333333333
121,101,5.492
121,102,5.776666666666666
121,108,17.91
121,112,8.566666666666666
121,113,11.46
121,114,11.0
121,116,13.6
121,117,14.0975
121,119,14.979999999999999
121,122,2.6366666666666667
121,124,7.695
121,127,15.47
121,128,16.28
121,129,6.558571428571429
121,130,2.3615625
121,131,1.6405263157894736
121,132,8.82
121,134,2.408
121,135,1.7035483870967743
121,136,14.1
121,137,9.967142857142857
121,138,6.2
121,139,7.827142857142857
121,140,11.6725
121,141,10.833333333333334
121,142,13.233333333333334
121,143,12.85
121,145,9.076
121,146,9.05
121,147,1.25
121,148,13.0
121,150,15.0
121,151,12.7
121,152,12.56
121,155,13.379999999999999
121,157,6.215
121,160,5.846
121,161,8.89
121,162,10.478333333333333
121,164,10.815714285714288
121,165,14.0
121,166,13.625
121,167,12.3
121,169,13.663333333333334
121,170,10.629999999999999
121,171,3.19
121,173,4.8925
121,174,16.13
121,175,3.36
121,177,8.064
121,178,15.700000000000001
121,179,8.517499999999998
121,180,6.574999999999999
121,181,8.44
121,182,10.7
121,185,11.7
121,186,15.46142857142857
121,188,9.633333333333333
121,189,11.1
121,191,4.937894736842105
121,192,2.0116666666666667
121,193,9.7
121,196,4.3500000000000005
121,197,3.5816666666666666
121,198,6.92875
121,200,16.1
121,201,12.195
121,202,10.565000000000001
121,203,8.46
121,205,5.428333333333334
121,207,7.19
121,208,9.649999999999999
121,209,13.3
121,210,16.65
121,212,11.75
121,213,12.166666666666666
121,215,3.3994117647058824
121,216,5.1975
121,217,11.8
121,218,5.481428571428571
121,219,6.154
121,222,9.251764705882353
121,223,8.532222222222222
121,224,13.285
121,225,8.639285714285714
121,226,8.472857142857142
121,228,15.955
121,229,10.2
121,231,14.27
121,232,12.75
121,234,10.780000000000001
121,235,14.89
121,236,11.7
121,237,12.51
121,238,12.05
121,239,13.8
121,241,14.875
121,242,9.5
121,243,14.274285714285714
121,244,13.3
121,246,13.045
121,247,11.2
121,249,13.504999999999999
121,252,4.904444444444445
121,254,12.850000000000001
121,255,10.440000000000001
121,256,9.2
121,258,4.857142857142857
121,260,7.686
121,261,13.924999999999999
121,262,12.433333333333332
121,263,11.1
122,7,11.790000000000001
122,9,3.48
122,10,3.8629999999999995
122,14,23.16
122,15,6.21
122,16,4.661111111111111
122,17,12.893333333333333
122,19,2.725
122,20,20.8
122,21,17.633333333333336
122,22,22.0
122,25,14.7
122,26,19.4
122,28,2.48
122,32,14.38
122,33,16.28
122,35,13.8
122,36,9.623333333333333
122,38,1.97
122,39,11.863333333333335
122,41,14.99909090909091
122,42,15.484
122,47,14.528
122,48,15.530000000000001
122,49,13.328571428571427
122,51,14.885000000000002
122,52,15.1
122,53,8.6
122,56,6.624285714285714
122,61,11.707777777777778
122,62,12.100000000000001
122,63,8.795
122,65,11.10888888888889
122,66,16.23
122,67,21.0
122,70,8.6
122,71,12.22857142857143
122,72,11.16
122,73,5.545
122,74,16.02
122,75,12.428571428571429
122,76,9.179166666666667
122,77,9.75
122,78,14.833333333333334
122,79,14.3
122,81,13.753076923076922
122,82,8.421818181818182
122,85,13.366
122,86,12.1
122,88,18.1
122,89,14.4
122,90,12.633333333333333
122,91,14.542857142857143
122,92,8.027142857142858
122,93,7.43
122,95,5.736666666666666
122,97,14.45
122,98,2.17
122,100,14.778
122,101,5.093999999999999
122,102,7.715
122,106,16.0
122,107,15.61375
122,112,12.126666666666667
122,113,16.728333333333335
122,114,15.1
122,116,15.0
122,117,16.0
122,119,16.7
122,121,3.623846153846154
122,124,8.01
122,125,17.33666666666667
122,129,9.536
122,130,2.350833333333333
122,131,2.056
122,132,8.518571428571429
122,133,17.7
122,134,4.953333333333333
122,135,5.133333333333334
122,136,15.64
122,137,15.1
122,138,10.28
122,139,2.8000000000000003
122,140,13.540000000000001
122,141,15.9
122,142,15.666666666666666
122,145,13.469999999999999
122,146,12.71
122,147,14.07
122,148,13.9
122,151,14.75
122,152,17.8
122,159,15.865000000000002
122,160,7.56
122,161,16.456666666666667
122,162,13.7
122,163,15.23
122,164,14.241666666666667
122,166,20.299999999999997
122,167,12.3
122,170,14.0
122,171,6.835000000000001
122,173,9.4
122,175,3.58125
122,177,10.575
122,180,8.596666666666666
122,181,14.9
122,182,11.7
122,186,13.2
122,188,11.666666666666666
122,191,1.654642857142857
122,192,6.65
122,193,13.95
122,196,8.535
122,197,4.284000000000001
122,200,19.6
122,202,12.649999999999999
122,203,4.95
122,205,1.8585714285714285
122,209,14.566666666666668
122,210,14.25
122,215,2.3066666666666666
122,216,4.785714285714286
122,218,3.5281818181818183
122,219,4.8933333333333335
122,220,20.2
122,222,9.4
122,223,11.024285714285714
122,225,12.4
122,226,11.680909090909092
122,227,20.65
122,228,15.5
122,230,14.45
122,231,16.514
122,235,19.1
122,244,17.32
122,246,14.2
122,247,15.5
122,248,12.6
122,250,12.059999999999999
122,252,7.636666666666667
122,254,14.815000000000001
122,255,12.82
122,256,14.176666666666668
122,258,7.175
122,259,16.116666666666664
122,260,11.703333333333333
123,1,23.17
123,9,24.4
123,10,12.566666666666668
123,11,3.005
123,13,9.4
123,14,5.963461538461539
123,16,19.9
123,17,6.2
123,19,21.88
123,20,7.4
123,21,1.3727586206896552
123,22,2.5005128205128204
123,25,7.43
123,26,3.2411764705882353
123,27,10.1
123,29,1.8661363636363637
123,32,24.0
123,33,7.49
123,35,5.935
123,36,7.65
123,37,11.559999999999999
123,39,4.682666666666666
123,41,12.533333333333331
123,42,19.25
123,45,9.528571428571428
123,48,13.36
123,49,6.825
123,50,11.9
123,51,24.6
123,52,12.5
123,55,2.950576923076923
123,56,14.6
123,57,18.6
123,60,20.7
123,61,5.899285714285715
123,62,4.7716666666666665
123,65,7.449090909090909
123,67,3.355
123,69,17.4
123,71,3.993
123,72,4.681875
123,74,18.133333333333333
123,75,14.559999999999999
123,76,8.2012
123,77,8.2925
123,79,11.733333333333334
123,80,10.175
123,81,25.2
123,85,3.5176470588235293
123,86,13.6125
123,87,11.075
123,88,11.705
123,89,4.0048648648648655
123,90,11.1
123,91,2.7193548387096773
123,93,15.4
123,95,14.329999999999998
123,97,8.195
123,100,13.276666666666667
123,102,16.08
123,106,5.15
123,107,14.096666666666668
123,108,1.625
123,113,9.3
123,115,11.96
123,117,10.61
123,121,18.0
123,129,18.810000000000002
123,130,13.15
123,132,14.780000000000001
123,133,3.244736842105263
123,134,13.0
123,135,15.6
123,137,12.15
123,139,15.8
123,140,13.645199999999999
123,141,14.456666666666665
123,142,12.998
123,143,16.5
123,144,10.5
123,145,18.95
123,146,15.305
123,148,10.28
123,149,1.2445283018867923
123,150,2.8505555555555557
123,152,20.7
123,154,5.0200000000000005
123,155,3.277368421052632
123,157,17.5
123,158,10.38
123,161,14.735
123,162,12.3
123,163,15.347499999999998
123,164,12.1
123,165,1.8503703703703704
123,166,15.85
123,168,19.6
123,170,14.507692307692308
123,171,14.6
123,175,23.91
123,177,6.698571428571428
123,178,2.6034146341463416
123,179,24.24
123,181,5.831666666666667
123,185,6.2
123,186,13.065714285714288
123,188,4.72
123,192,16.3
123,195,9.963333333333333
123,196,13.3
123,197,12.422222222222222
123,200,22.5
123,201,7.933333333333334
123,210,1.8927586206896552
123,213,20.5
123,215,8.15
123,216,13.26
123,217,12.129999999999999
123,218,17.4
123,220,20.4
123,222,10.528333333333332
123,225,7.625
123,227,3.607
123,228,7.239
123,229,14.093333333333334
123,230,15.2
123,231,9.975555555555555
123,232,10.4175
123,233,11.8
123,234,11.1
123,235,18.6
123,236,11.2
123,237,14.178666666666667
123,238,17.2
123,239,9.3
123,242,11.9
123,243,26.57
123,246,12.075
123,249,13.2
123,255,9.13
123,256,8.85
123,257,4.1
123,258,10.925
123,262,17.2
123,263,13.9
124,4,13.76
124,7,11.48
124,10,4.588461538461538
124,11,12.39
124,13,22.48
124,14,15.96125
124,16,13.865
124,17,6.547142857142857
124,18,20.61
124,19,11.6
124,21,12.576923076923077
124,22,11.49
124,25,15.0
124,26,10.135
124,27,10.91
124,28,6.734285714285714
124,29,11.0
124,30,4.5175
124,33,13.304285714285715
124,35,4.118333333333333
124,36,5.524
124,37,6.3100000000000005
124,39,5.732
124,40,22.285
124,42,17.134999999999998
124,48,14.24
124,49,7.339166666666667
124,50,13.475
124,52,15.57
124,53,10.0
124,55,12.915
124,56,8.700000000000001
124,61,6.043888888888889
124,62,7.446666666666666
124,63,2.114782608695652
124,64,13.8
124,65,10.62625
124,67,15.405000000000001
124,68,11.95875
124,70,10.649999999999999
124,71,5.945
124,72,4.707142857142857
124,74,15.4
124,75,15.0
124,76,2.325217391304348
124,77,3.1614285714285715
124,79,13.306666666666667
124,80,9.396
124,82,7.766
124,83,14.14
124,85,5.4
124,86,10.034166666666666
124,87,16.78
124,88,21.682499999999997
124,89,10.988
124,90,18.450000000000003
124,91,8.633571428571429
124,92,10.09
124,93,9.2
124,95,6.31923076923077
124,97,9.216
124,100,10.8
124,101,12.65
124,102,4.518
124,106,9.2
124,107,12.545
124,108,13.5
124,112,11.583333333333334
124,114,19.84
124,116,17.1
124,117,7.331333333333333
124,119,19.93
124,121,8.1225
124,125,10.3
124,127,22.29
124,129,6.395
124,130,5.835384615384616
124,131,9.56
124,132,6.064411764705882
124,133,14.035
124,134,4.593333333333334
124,135,6.5525
124,137,13.55
124,138,27.62
124,139,6.578333333333333
124,140,19.1
124,141,12.91
124,142,17.87
124,144,16.689999999999998
124,145,12.44
124,146,10.645
124,147,22.05
124,148,18.49
124,149,9.4
124,150,9.76
124,154,4.84
124,155,8.486
124,157,8.915
124,160,5.92
124,161,11.7
124,162,20.3
124,163,15.8
124,165,8.913333333333332
124,166,19.17
124,169,19.02
124,170,12.133333333333333
124,171,10.15
124,173,10.17
124,177,4.244000000000001
124,178,12.620000000000001
124,179,15.69
124,180,2.0018918918918915
124,181,12.554285714285713
124,186,13.37
124,188,7.7325
124,191,9.706666666666665
124,192,9.85
124,193,11.4
124,195,20.41
124,196,5.323333333333333
124,197,3.4526086956521738
124,198,5.474285714285714
124,201,7.0040000000000004
124,203,6.65
124,205,5.97
124,209,13.19125
124,210,9.581999999999999
124,211,24.26
124,215,5.661
124,216,2.6883870967741936
124,218,5.02
124,219,3.8
124,222,3.283
124,223,13.696666666666667
124,224,11.3
124,225,6.205
124,226,8.469999999999999
124,227,15.77
124,228,18.685
124,229,10.905000000000001
124,230,11.895
124,231,15.11
124,232,15.51
124,235,18.52
124,236,19.87
124,238,15.0
124,241,23.09
124,243,19.4
124,249,20.42
124,255,11.4075
124,256,21.46
124,257,22.53
124,258,2.426111111111111
124,261,15.75
124,263,12.4
125,1,13.339467455621302
125,4,1.8120762711864407
125,5,20.34
125,7,7.713714285714286
125,9,15.49
125,10,16.27277777777778
125,11,10.23
125,12,2.1286363636363634
125,13,1.4598313878080416
125,14,9.36625
125,17,4.597142857142857
125,18,13.09
125,20,13.120000000000001
125,21,13.04
125,22,9.321666666666667
125,23,17.69
125,24,6.438723404255319
125,25,3.7123076923076925
125,26,10.605
125,27,22.79
125,28,14.175
125,29,16.32
125,31,17.16
125,32,15.683333333333332
125,33,3.184732824427481
125,34,3.944
125,35,8.77
125,36,5.700399999999999
125,37,5.2651724137931035
125,38,21.9
125,39,11.75
125,40,4.201612903225806
125,41,7.695384615384616
125,42,8.637627118644067
125,43,4.662463768115941
125,44,26.5
125,45,1.2672052401746725
125,46,12.0
125,47,14.05
125,48,3.0315530903328054
125,49,4.092424242424243
125,50,3.324730538922156
125,51,18.0
125,52,4.028888888888889
125,54,4.756
125,55,18.9
125,56,11.52
125,57,11.1
125,60,12.7
125,61,5.8607407407407415
125,62,5.785
125,63,9.8
125,65,2.92
125,66,3.0360294117647055
125,67,8.88
125,68,1.8020877742946708
125,69,11.686
125,70,12.13
125,71,8.134
125,72,7.628
125,73,11.9
125,74,8.063333333333334
125,75,6.873661971830986
125,76,8.92
125,77,13.05
125,78,12.25
125,79,1.4334569629111265
125,80,4.266545454545454
125,81,18.6
125,82,8.478
125,83,10.256666666666666
125,85,7.74
125,86,24.3
125,87,1.8985113268608413
125,88,2.2453497942386833
125,89,8.287619047619048
125,90,1.3309437086092715
125,91,10.61
125,92,13.41
125,94,11.2
125,95,10.35375
125,97,3.819245283018868
125,100,2.235860566448802
125,102,10.99
125,106,4.732857142857143
125,107,1.8544004656577415
125,108,15.899999999999999
125,112,5.283291139240506
125,113,1.061766694843618
125,114,0.7511971830985916
125,116,8.638636363636364
125,117,17.166666666666668
125,119,10.61
125,123,15.7
125,127,11.925555555555555
125,128,12.16
125,129,9.015555555555556
125,130,14.9
125,131,14.3
125,132,19.57977848101266
125,133,7.308
125,134,13.68
125,135,11.7
125,136,11.8325
125,137,2.518019801980198
125,138,11.738715277777779
125,139,18.5
125,140,5.3970416666666665
125,141,4.82215976331361
125,142,4.136034482758621
125,143,4.146456140350877
125,144,0.8114717348927876
125,145,5.580666666666667
125,146,7.096666666666667
125,147,12.5
125,148,1.2404146100691016
125,149,16.994999999999997
125,150,14.655000000000001
125,151,6.0929464285714285
125,152,7.9359090909090915
125,153,12.2
125,154,13.833333333333334
125,155,13.11
125,156,16.93
125,157,6.781999999999999
125,158,0.9494326241134751
125,159,9.48
125,160,10.092
125,161,2.9008113804004214
125,162,3.257905138339921
125,163,3.4685977859778596
125,164,2.0932305795314425
125,166,6.964961832061069
125,167,13.171666666666667
125,168,10.6075
125,169,12.135454545454547
125,170,2.6666135881104034
125,171,14.71
125,174,17.075000000000003
125,175,15.5
125,177,7.836666666666667
125,178,0.55
125,179,9.858333333333333
125,180,12.56
125,181,5.078285714285714
125,182,14.113333333333335
125,185,15.67
125,186,1.8426470588235293
125,187,18.41
125,188,6.302142857142857
125,189,4.459512195121952
125,190,4.9
125,191,16.573333333333334
125,193,5.75
125,194,12.81
125,195,5.3585
125,196,8.8
125,197,13.4
125,198,7.361111111111111
125,200,13.39
125,202,7.1000000000000005
125,203,19.68
125,205,18.5
125,206,15.88
125,209,1.5769273743016758
125,210,17.34
125,211,0.5977396021699819
125,213,13.966666666666669
125,214,12.54
125,215,6.8
125,216,14.113333333333332
125,217,3.81625
125,218,18.40777777777778
125,219,23.84
125,220,12.923333333333334
125,221,20.54
125,223,10.143333333333333
125,224,2.195
125,225,5.47375
125,226,7.710833333333333
125,227,7.077
125,228,6.5653125
125,229,4.041406727828746
125,230,2.8360520607375275
125,231,0.8868552412645591
125,232,1.7931182795698923
125,233,3.276960486322188
125,234,1.5180910165484633
125,235,10.9
125,236,5.735873015873016
125,237,4.316220183486239
125,238,5.65985401459854
125,239,4.981744791666666
125,241,12.956
125,242,17.5
125,243,10.87975
125,244,9.660819672131147
125,246,2.195322976287817
125,247,16.12
125,248,14.415
125,249,0.7963211678832117
125,252,14.616666666666667
125,255,4.146947368421053
125,256,3.3515384615384614
125,257,6.7894736842105265
125,260,9.33
125,261,1.6536927223719675
125,262,6.300869565217391
125,263,6.054722222222222
126,3,5.708333333333333
126,4,9.14
126,7,5.172499999999999
126,10,14.049999999999999
126,13,13.495000000000001
126,16,8.9
126,17,11.925
126,18,4.7061111111111105
126,20,3.53
126,24,4.806666666666667
126,25,13.004999999999999
126,28,15.336666666666668
126,29,19.15
126,31,4.239999999999999
126,32,4.4575
126,33,14.52
126,35,16.996
126,36,11.36
126,37,14.142499999999998
126,38,15.04
126,39,9.4
126,40,16.64
126,41,3.9453125
126,42,4.2480769230769235
126,43,5.4
126,45,10.6
126,46,5.255
126,47,2.8246428571428575
126,48,9.737142857142857
126,49,13.994
126,50,10.525
126,51,6.853157894736842
126,53,7.85
126,55,22.32
126,56,10.545
126,58,4.37
126,60,1.6084615384615384
126,61,14.126999999999999
126,62,20.6
126,63,16.6
126,65,14.200000000000001
126,66,12.186666666666667
126,68,9.825
126,69,2.6133333333333333
126,71,17.073333333333334
126,72,19.29
126,74,3.7810204081632657
126,75,4.88909090909091
126,76,16.026666666666667
126,77,16.233333333333334
126,78,2.4073333333333333
126,79,9.848888888888888
126,80,11.133333333333333
126,81,7.208333333333333
126,82,8.96
126,83,7.38
126,85,21.035
126,86,23.41
126,87,12.16777777777778
126,88,11.966666666666667
126,89,17.175
126,90,10.031428571428572
126,92,8.850000000000001
126,94,4.136666666666667
126,95,11.54
126,97,12.1
126,100,10.018571428571429
126,102,14.6
126,107,9.383125
126,112,11.143333333333333
126,113,9.94
126,114,11.235
126,116,4.612631578947369
126,117,22.7
126,119,3.9916666666666667
126,120,6.88
126,121,12.844999999999999
126,127,6.100952380952381
126,128,6.42
126,129,7.513333333333333
126,130,13.23
126,134,12.52
126,136,5.83909090909091
126,137,9.038823529411765
126,140,6.800625
126,141,6.8575
126,142,8.51
126,143,9.225
126,145,8.245
126,146,8.1
126,147,0.936
126,148,13.6
126,151,5.791428571428571
126,152,4.504545454545454
126,153,8.125
126,158,12.5
126,159,1.7393548387096776
126,160,12.133333333333333
126,161,8.879999999999999
126,162,8.308333333333334
126,163,10.057500000000001
126,164,8.25
126,165,21.35
126,166,4.9285
126,167,1.28
126,168,2.33
126,169,3.632307692307692
126,170,8.2925
126,173,9.879999999999999
126,174,5.696153846153846
126,175,11.11
126,177,16.396
126,179,4.9366666666666665
126,180,15.34
126,181,13.4
126,182,3.301111111111111
126,183,5.0175
126,184,4.916666666666667
126,185,4.47
126,186,9.02875
126,188,16.38
126,190,18.56
126,191,14.0
126,193,6.6
126,194,3.9050000000000002
126,195,14.0
126,196,8.945
126,197,13.219999999999999
126,198,11.700000000000001
126,200,7.616
126,201,18.2
126,205,16.5425
126,208,4.529411764705882
126,209,10.68
126,210,23.9
126,212,1.769375
126,213,3.048297872340426
126,215,15.45
126,218,15.76
126,220,8.200000000000001
126,223,6.01
126,224,10.0
126,225,11.9
126,226,8.085
126,227,16.2
126,228,14.2
126,229,8.268333333333333
126,230,9.342
126,231,12.454285714285716
126,232,10.8
126,233,8.13
126,234,10.345
126,235,4.838260869565217
126,236,6.033333333333334
126,237,6.645
126,238,7.3875
126,239,8.0825
126,240,5.579999999999999
126,241,5.536
126,242,4.0488888888888885
126,243,5.2229629629629635
126,244,5.3532558139534885
126,246,13.556666666666667
126,247,3.1070588235294117
126,248,1.9518181818181817
126,249,11.0
126,250,3.19
126,254,6.463125
126,255,11.24
126,257,18.1
126,258,15.63
126,259,7.631428571428572
126,263,5.636666666666667
127,1,1.29
127,3,10.6
127,4,11.378125
127,7,8.08
127,10,17.8
127,13,13.695
127,14,19.383928571428573
127,15,11.8
127,16,13.51
127,17,19.77
127,18,2.4933333333333336
127,20,3.1475
127,24,6.1335
127,25,15.85
127,28,14.5
127,31,5.2
127,32,3.8333333333333335
127,33,11.033333333333333
127,35,20.97
127,36,14.3175
127,37,12.1
127,38,20.63
127,41,5.143582089552239
127,42,4.035121951219512
127,43,7.032222222222222
127,45,13.32
127,46,8.1
127,47,3.035
127,48,9.032972972972974
127,50,8.445
127,51,9.430000000000001
127,52,14.2
127,53,11.36
127,55,20.34
127,60,5.37
127,61,17.185000000000002
127,63,27.1
127,65,12.916666666666666
127,66,15.16
127,68,9.733529411764707
127,69,3.90125
127,70,10.19
127,71,16.8
127,74,5.095555555555556
127,75,6.258023255813954
127,76,24.26
127,77,17.8
127,78,4.096666666666667
127,79,11.268333333333334
127,80,12.8
127,81,5.4799999999999995
127,82,11.2
127,85,17.6
127,86,26.26
127,87,13.662799999999999
127,88,13.538333333333334
127,89,19.35
127,90,10.41875
127,92,12.6
127,94,2.184
127,95,15.3525
127,97,14.001666666666667
127,98,15.85
127,100,9.57
127,107,10.836
127,108,21.3
127,112,12.4
127,113,10.065555555555555
127,114,11.83
127,116,3.6906603773584905
127,117,24.299999999999997
127,119,7.587142857142857
127,120,2.244285714285714
127,125,11.545
127,126,6.853333333333334
127,128,0.5583333333333333
127,129,9.658
127,130,15.3
127,131,18.78
127,132,22.032
127,133,17.71
127,136,1.2292307692307693
127,137,10.224
127,138,11.077692307692306
127,140,8.36962962962963
127,141,7.994285714285715
127,142,8.335294117647058
127,143,8.124
127,144,12.245
127,145,10.665
127,148,11.252857142857142
127,149,19.7
127,151,6.5148
127,152,4.611086956521739
127,153,0.9575
127,157,12.469999999999999
127,158,11.2
127,159,5.7162500000000005
127,160,15.175
127,161,9.5090625
127,162,9.416153846153845
127,163,9.152222222222223
127,164,10.4425
127,166,5.139666666666667
127,167,6.065
127,168,4.71375
127,169,2.2471428571428573
127,170,9.922105263157896
127,173,12.056666666666667
127,174,4.72875
127,177,21.67
127,179,8.41
127,181,15.979999999999999
127,182,5.4
127,183,8.1
127,185,4.3
127,186,11.629999999999999
127,188,19.596666666666668
127,189,27.22
127,193,10.075
127,194,7.1
127,196,14.9
127,197,22.8
127,198,13.23
127,200,4.463333333333334
127,205,17.1
127,208,9.175714285714287
127,209,13.276
127,211,11.522
127,212,6.5200000000000005
127,213,6.862222222222222
127,215,13.4
127,220,2.985
127,222,22.895
127,223,8.22
127,224,10.799999999999999
127,225,15.293333333333335
127,226,8.8
127,227,18.96
127,228,19.57
127,229,8.825
127,230,9.6525
127,231,12.334999999999999
127,232,12.004285714285714
127,233,9.455263157894738
127,234,11.020434782608696
127,235,2.5
127,236,7.76
127,237,8.961
127,238,6.86075
127,239,7.137692307692307
127,240,3.7099999999999995
127,241,2.6194736842105266
127,242,6.708
127,243,1.4357232704402516
127,244,2.637173913043478
127,245,26.6
127,246,9.700588235294118
127,247,4.5236363636363635
127,248,4.954
127,249,11.67
127,250,9.403333333333334
127,252,9.598
127,254,5.292307692307692
127,256,14.57
127,258,19.47
127,259,5.5280000000000005
127,260,9.059999999999999
127,261,14.02
127,262,6.658571428571428
127,263,6.868571428571429
128,4,12.17
128,10,15.919999999999998
128,14,20.97
128,17,15.4
128,18,4.92
128,24,7.640000000000001
128,32,6.2
128,37,13.9
128,41,5.573333333333333
128,42,4.4475
128,47,2.32
128,48,9.123333333333333
128,50,8.92
128,51,11.15
128,60,5.2
128,62,17.6
128,68,10.198
128,69,4.43
128,72,20.380000000000003
128,74,5.256666666666667
128,75,6.663333333333334
128,79,11.3
128,81,5.025
128,90,11.3
128,107,10.7
128,116,3.97
128,127,0.724
128,136,0.8
128,137,10.57
128,138,11.83
128,139,25.1
128,141,8.56
128,142,8.545
128,143,17.565
128,144,12.504999999999999
128,152,4.4
128,153,0.44
128,158,11.16
128,159,5.4
128,161,9.844999999999999
128,162,10.32
128,163,9.796666666666667
128,166,5.574285714285714
128,167,5.9
128,174,2.3
128,186,10.115
128,191,19.4
128,200,3.8
128,209,0.73
128,216,11.8
128,220,1.46
128,229,9.84
128,231,12.8
128,232,12.735
128,233,9.49
128,234,10.950000000000001
128,236,9.1
128,237,8.78
128,238,7.0075
128,239,7.723999999999999
128,242,6.8
128,243,1.8655555555555554
128,244,2.96
128,246,9.655000000000001
128,263,7.34
129,1,22.76
129,3,11.1
129,4,7.909999999999999
129,7,2.3823717948717946
129,9,7.005263157894737
129,10,10.47529411764706
129,11,16.555
129,12,9.4
129,13,11.142
129,14,14.5625
129,15,8.766666666666667
129,16,9.4478125
129,17,6.950625
129,18,11.520000000000001
129,19,11.606875
129,20,11.501666666666667
129,21,22.233333333333334
129,22,16.022
129,24,7.910000000000001
129,25,8.75
129,26,14.904285714285715
129,28,7.818103448275862
129,29,21.09
129,31,9.39
129,32,11.336666666666666
129,33,9.07090909090909
129,34,6.55
129,35,10.965454545454547
129,36,5.973695652173913
129,37,6.597068965517241
129,38,13.94
129,39,15.044444444444444
129,40,9.665714285714285
129,41,7.512333333333333
129,42,7.011071428571428
129,43,7.397
129,45,8.82625
129,47,8.34
129,48,7.105
129,49,6.886923076923077
129,50,7.382608695652174
129,51,11.087777777777779
129,52,9.153333333333334
129,53,5.706744186046511
129,55,18.41
129,56,2.6761702127659577
129,57,2.2006666666666663
129,60,8.15
129,61,9.0071875
129,62,10.62857142857143
129,63,9.856363636363637
129,64,11.16
129,65,7.66409090909091
129,66,7.984999999999999
129,67,14.075
129,68,7.473529411764706
129,69,7.986315789473685
129,70,2.0470987654320987
129,71,11.895
129,72,13.874444444444444
129,73,6.269666666666667
129,74,6.336764705882352
129,75,7.172950819672131
129,76,11.261111111111111
129,77,13.935
129,78,9.164444444444445
129,79,8.237
129,80,6.13948717948718
129,81,13.3475
129,82,1.6953061224489796
129,83,1.7916831683168317
129,85,10.666666666666666
129,86,17.76
129,87,10.272142857142857
129,88,10.501739130434782
129,89,12.155
129,90,8.145483870967741
129,91,16.770000000000003
129,92,4.582809917355371
129,93,4.877
129,94,11.03
129,95,5.48421686746988
129,96,8.9525
129,97,8.174545454545454
129,98,7.561
129,100,8.07
129,101,14.11923076923077
129,102,7.088181818181818
129,106,9.908333333333333
129,107,7.296923076923077
129,108,19.88
129,112,5.2335
129,113,9.598749999999999
129,114,8.45375
129,116,7.925833333333333
129,117,19.884999999999998
129,119,8.318000000000001
129,120,10.2
129,121,7.412307692307692
129,122,10.577499999999999
129,123,18.858571428571427
129,124,13.33
129,125,11.992
129,126,8.59
129,127,10.652727272727272
129,130,8.763703703703705
129,131,9.655882352941177
129,132,12.943170731707315
129,133,12.9675
129,134,6.9584210526315795
129,135,7.642777777777777
129,136,10.83
129,137,6.820555555555555
129,138,2.391864139020537
129,139,18.425
129,140,6.862037037037037
129,141,5.713181818181818
129,142,7.2875
129,143,8.768235294117646
129,144,7.893703703703704
129,145,4.327663551401869
129,146,2.8939999999999997
129,147,7.8075
129,148,7.816538461538461
129,151,8.343333333333334
129,152,8.162857142857144
129,153,11.33
129,157,2.5608750000000002
129,158,8.63
129,159,6.681428571428571
129,160,3.4911475409836066
129,161,6.728571428571429
129,162,6.067741935483871
129,163,7.268125
129,164,7.1468
129,165,15.0
129,166,7.500625
129,167,7.476666666666666
129,168,6.58
129,169,9.494615384615384
129,170,6.803428571428571
129,171,5.732857142857143
129,173,1.7022580645161292
129,174,12.453
129,175,9.790000000000001
129,177,12.505
129,178,14.649999999999999
129,179,3.1627678571428572
129,180,8.7925
129,181,10.197777777777778
129,182,9.894285714285715
129,183,10.0825
129,185,11.14
129,186,7.970434782608695
129,188,10.851111111111111
129,189,8.226
129,190,16.6
129,191,11.6024
129,192,5.535102040816326
129,193,3.5280392156862748
129,194,4.45
129,195,10.775
129,196,3.1834615384615383
129,197,7.835409836065574
129,198,5.00774647887324
129,200,16.135
129,202,4.5249999999999995
129,203,15.53
129,205,10.971333333333332
129,207,1.0925
129,208,10.354285714285714
129,209,11.172
129,210,18.8
129,211,8.328181818181818
129,212,8.883125
129,213,8.851818181818182
129,215,8.565
129,216,9.988627450980392
129,217,6.572
129,218,14.033333333333333
129,219,11.5375
129,220,11.51
129,221,17.82
129,223,2.545548780487805
129,224,6.895
129,225,7.705000000000001
129,226,2.6750980392156865
129,227,13.109
129,228,12.691578947368422
129,229,5.8931818181818185
129,230,8.111025641025641
129,231,11.061818181818182
129,232,8.045625
129,233,6.23375
129,234,7.208620689655172
129,235,9.695454545454545
129,236,7.117999999999999
129,237,5.280487804878049
129,238,8.235
129,239,8.791875000000001
129,240,12.33
129,241,12.094999999999999
129,242,10.526666666666666
129,243,9.438500000000001
129,244,8.892142857142856
129,246,7.993125
129,247,7.992142857142857
129,248,7.88
129,249,8.188571428571429
129,250,8.695
129,252,6.279714285714285
129,253,2.995
129,254,11.546666666666667
129,255,5.584
129,256,6.035757575757576
129,257,13.3125
129,258,7.67359375
129,259,13.02
129,260,1.4318014705882351
129,261,10.46
129,262,7.340769230769231
129,263,7.39
130,1,38.74
130,2,7.12
130,3,14.072222222222223
130,4,13.8275
130,7,9.965540540540541
130,9,6.281481481481482
130,10,2.292289915966387
130,11,17.653333333333332
130,12,17.2
130,13,16.695
130,14,18.453
130,15,8.547
130,16,7.6264864864864865
130,17,12.112758620689654
130,18,15.202
130,19,6.26280701754386
130,20,14.486666666666666
130,21,16.78333333333333
130,22,18.509999999999998
130,24,14.455
130,25,13.487916666666665
130,26,12.7
130,27,13.82
130,28,1.354139344262295
130,29,15.3325
130,31,13.5
130,32,14.636666666666665
130,33,13.569375
130,34,12.32
130,35,8.41609756097561
130,36,8.44076923076923
130,37,8.817894736842105
130,38,5.07625
130,39,9.321777777777779
130,40,12.825
130,41,13.096
130,42,13.171951219512193
130,43,13.05
130,45,14.966666666666667
130,47,16.615
130,48,13.419444444444444
130,49,11.754999999999999
130,50,13.735
130,51,13.112307692307693
130,52,14.175
130,53,7.568717948717949
130,55,18.058666666666667
130,56,5.471625
130,57,5.11
130,60,14.315000000000001
130,61,9.074050632911392
130,62,9.396153846153847
130,63,5.9288
130,64,8.207777777777778
130,65,13.46
130,66,14.722
130,67,21.17
130,68,13.977272727272727
130,69,14.844545454545454
130,70,6.629117647058823
130,71,11.376666666666667
130,72,9.9146875
130,73,4.950769230769231
130,74,12.584200000000001
130,75,14.923333333333332
130,76,6.926565656565657
130,77,8.7
130,78,14.197142857142856
130,79,12.912857142857144
130,80,10.884358974358975
130,81,15.386000000000001
130,82,6.757130434782609
130,83,7.7890476190476186
130,85,12.687272727272727
130,86,9.840579710144928
130,87,15.639375000000001
130,88,15.477272727272727
130,89,13.84529411764706
130,90,12.9675
130,91,11.699310344827586
130,92,6.134600000000001
130,93,5.656818181818182
130,94,15.62
130,95,3.647163120567376
130,96,5.8075
130,97,12.993
130,98,4.980196078431373
130,100,12.811000000000002
130,101,7.25875
130,102,5.2299999999999995
130,106,14.723333333333334
130,107,12.586
130,108,15.956363636363637
130,112,11.164074074074074
130,113,13.534
130,114,14.482857142857142
130,116,14.468666666666667
130,117,11.058571428571428
130,119,15.285714285714286
130,120,19.07
130,121,2.7810869565217393
130,122,2.521320754716981
130,123,15.124117647058824
130,124,5.808918918918919
130,125,14.185999999999998
130,126,14.978750000000002
130,127,17.54875
130,128,18.04
130,129,8.108271604938272
130,131,2.608512396694215
130,132,5.196528925619835
130,133,17.47
130,134,2.644344262295082
130,135,2.9418478260869563
130,136,17.31
130,137,12.142285714285714
130,138,7.172134831460674
130,139,5.061101694915255
130,140,13.02
130,141,13.305909090909092
130,142,13.938823529411765
130,143,14.3825
130,144,14.089000000000002
130,145,10.619607843137254
130,146,10.9652
130,147,14.185555555555556
130,148,13.396842105263158
130,149,13.8525
130,150,13.593333333333334
130,151,15.075714285714286
130,152,14.51222222222222
130,153,18.7
130,155,12.223333333333334
130,157,7.858787878787878
130,158,13.683333333333332
130,159,13.628181818181817
130,160,7.004761904761905
130,161,12.939444444444444
130,162,12.730454545454545
130,163,13.166428571428572
130,164,12.639666666666667
130,165,14.822857142857142
130,166,13.961764705882352
130,167,14.441666666666668
130,168,13.129999999999999
130,169,15.01625
130,170,12.133055555555556
130,171,6.918484848484849
130,173,6.16575
130,174,15.333846153846155
130,175,6.534814814814815
130,177,7.983170731707317
130,178,17.130000000000003
130,179,10.192105263157895
130,180,3.946764705882353
130,181,14.01375
130,182,13.053999999999998
130,184,15.01
130,185,14.20625
130,186,12.78761904761905
130,188,11.065294117647058
130,189,12.31
130,191,3.939150579150579
130,192,5.345185185185185
130,193,11.4052
130,194,12.02
130,195,16.668333333333333
130,196,5.382765957446809
130,197,1.921176470588235
130,198,7.5302173913043475
130,200,18.722857142857144
130,201,10.3
130,202,11.7925
130,203,6.923950617283951
130,205,3.027921225382932
130,207,20.53
130,208,10.974285714285713
130,209,15.035
130,210,13.44181818181818
130,211,15.606
130,212,12.75875
130,213,12.111818181818181
130,215,1.3983160083160084
130,216,2.7147540983606557
130,217,12.736
130,218,3.383674418604651
130,219,4.901438848920863
130,220,16.325
130,222,8.022222222222222
130,223,9.0496
130,224,11.7
130,225,9.252291666666666
130,226,9.725079365079365
130,227,20.45
130,228,16.580666666666666
130,229,12.846666666666668
130,230,12.928490566037736
130,231,14.714400000000001
130,232,13.476666666666667
130,233,12.15125
130,234,13.078235294117647
130,235,15.578571428571427
130,236,13.861818181818181
130,237,12.631538461538462
130,238,15.609375
130,239,15.654736842105264
130,240,17.7
130,241,16.351428571428574
130,242,11.95857142857143
130,243,15.970714285714285
130,244,14.213750000000001
130,246,14.897142857142857
130,247,14.01125
130,248,13.38
130,249,14.594999999999999
130,250,11.64
130,252,8.068333333333333
130,253,7.03
130,254,16.942857142857143
130,255,11.409714285714285
130,256,11.938148148148148
130,258,3.4728695652173913
130,259,15.00375
130,260,9.25921052631579
130,261,16.934
130,262,13.633636363636363
130,263,13.66
131,7,10.731333333333334
131,9,2.401666666666667
131,10,3.645
131,13,17.866666666666667
131,14,22.295
131,15,7.63
131,16,5.292727272727273
131,17,10.148
131,18,16.1
131,19,2.822
131,20,14.2
131,22,13.5
131,25,13.986666666666666
131,26,19.44
131,28,1.8652380952380954
131,29,16.4
131,31,13.3
131,32,13.5
131,35,9.288
131,36,9.067499999999999
131,37,9.335
131,38,5.036666666666666
131,39,10.613333333333335
131,41,14.1
131,42,14.824285714285713
131,43,10.05
131,45,13.91
131,47,14.65
131,48,13.9525
131,49,11.75
131,50,14.283333333333333
131,51,12.543333333333335
131,53,8.927499999999998
131,54,16.3
131,55,16.9
131,56,6.990769230769231
131,61,10.846363636363636
131,62,12.096666666666666
131,63,7.711666666666667
131,64,6.578
131,65,15.692857142857141
131,66,13.1
131,67,19.3
131,68,14.813333333333333
131,69,14.835
131,70,7.235
131,71,12.314285714285715
131,72,9.0
131,73,5.55
131,74,13.663333333333332
131,75,14.076666666666666
131,76,8.734166666666667
131,77,8.478333333333333
131,80,10.7775
131,81,13.866666666666667
131,82,7.028846153846154
131,83,8.193333333333333
131,85,11.265
131,86,12.4175
131,87,17.099999999999998
131,88,16.795
131,89,14.64
131,90,16.7
131,91,12.0
131,92,7.13
131,93,4.691666666666666
131,94,16.84
131,95,5.051428571428572
131,97,12.4
131,98,2.0866666666666664
131,100,13.346666666666666
131,101,4.738333333333333
131,102,7.13
131,107,9.78
131,112,12.57
131,113,15.54
131,116,13.27
131,117,14.86
131,119,15.39
131,121,1.8968181818181817
131,122,1.4685714285714284
131,123,19.8
131,124,7.74
131,126,12.8
131,129,8.685
131,130,2.081896551724138
131,132,7.066666666666667
131,133,19.55
131,134,4.227
131,135,4.473333333333334
131,137,14.144285714285715
131,138,9.085
131,139,4.659999999999999
131,140,13.76875
131,141,13.890909090909092
131,142,14.876
131,143,17.33
131,145,13.39
131,147,16.6
131,150,18.15
131,151,8.35
131,152,17.07
131,153,17.545
131,154,16.94
131,155,16.9
131,157,10.556666666666667
131,159,14.575999999999999
131,160,6.6
131,161,13.075384615384614
131,162,12.80125
131,163,15.375
131,164,11.212857142857144
131,165,12.3
131,166,15.76
131,167,12.34
131,168,13.91
131,169,14.92
131,170,12.929166666666667
131,171,4.354
131,173,6.05
131,174,15.399999999999999
131,175,3.69125
131,177,9.018333333333333
131,179,11.257777777777779
131,180,6.503333333333333
131,181,7.75
131,182,12.2875
131,185,12.2
131,186,14.020000000000001
131,188,13.475999999999999
131,191,2.4641176470588237
131,192,5.583333333333333
131,193,12.476666666666667
131,194,13.485
131,195,15.7
131,196,6.734285714285714
131,197,4.196666666666666
131,198,7.396666666666667
131,200,6.7
131,201,17.24
131,202,12.6
131,203,9.053333333333333
131,205,2.8491666666666666
131,209,18.9
131,210,18.04
131,211,15.165
131,212,11.9
131,213,12.600000000000001
131,215,1.908235294117647
131,216,5.31
131,218,4.643
131,219,4.7
131,222,10.47
131,223,9.92923076923077
131,225,10.106666666666667
131,226,10.541666666666666
131,230,14.54875
131,231,15.55
131,232,11.425
131,233,12.485714285714286
131,234,12.835
131,235,15.328571428571427
131,236,14.215
131,237,12.305
131,238,13.5
131,239,14.745
131,241,16.9
131,244,16.378
131,246,13.325
131,247,15.39
131,248,1.9
131,250,12.459999999999999
131,252,8.423333333333334
131,256,11.0
131,258,6.123333333333334
131,260,10.2275
131,262,11.56
131,263,15.09
132,1,36.31346613545817
132,2,9.110000000000001
132,3,19.952300884955754
132,4,18.243558620689655
132,5,33.48
132,6,22.78727272727273
132,7,14.3203
132,8,13.828
132,9,12.525619469026548
132,10,3.840253246753247
132,11,18.276976744186047
132,12,23.44235294117647
132,13,23.572205618649136
132,14,20.972429022082018
132,15,15.157820512820512
132,16,14.018973684210527
132,17,13.352162341982702
132,18,21.774214876033056
132,19,10.539431818181818
132,20,21.680673076923078
132,21,17.054731707317075
132,22,18.28710843373494
132,23,27.582916666666666
132,24,19.4874343122102
132,25,18.424185130477596
132,26,20.16446619217082
132,27,15.04042857142857
132,28,6.003920792079208
132,29,15.138105263157893
132,30,10.170540540540541
132,31,21.48090909090909
132,32,20.718141592920354
132,33,20.541409066084107
132,34,17.473555555555553
132,35,9.412549019607843
132,36,10.870197916666665
132,37,11.381067961165048
132,38,7.499271794871794
132,39,9.415396927016646
132,40,23.389103521878337
132,41,18.32898635477583
132,42,18.308104639684107
132,43,18.263656565656564
132,44,36.58882352941176
132,45,18.599835051546393
132,46,21.713714285714286
132,47,21.168181818181818
132,48,18.000607121119902
132,49,14.589905973451327
132,50,18.89537313432836
132,51,20.121930693069306
132,52,22.58042179261863
132,53,12.034104046242776
132,54,23.986714285714285
132,55,15.820485074626866
132,56,9.25724745762712
132,57,9.814814814814815
132,58,18.35191489361702
132,59,23.2
132,60,19.429591836734694
132,61,11.26562433675274
132,62,12.30522491349481
132,63,7.281103999999999
132,64,12.316135371179039
132,65,18.35734576757532
132,66,19.257547846889953
132,67,20.040994764397905
132,68,17.96816919191919
132,69,19.63153846153846
132,70,11.240748407643311
132,71,12.12389400921659
132,72,10.578296622613802
132,73,11.323145161290322
132,74,17.528839848675915
132,75,18.448253241800153
132,76,7.250962962962963
132,77,8.408896321070236
132,78,20.589864864864865
132,79,18.06066905615293
132,80,15.179610894941634
132,81,20.795963302752295
132,82,10.492217514124293
132,83,12.208472906403943
132,84,33.93555555555555
132,85,13.52339222614841
132,86,8.91932258064516
132,87,21.13762232942798
132,88,21.6397293814433
132,89,15.818086124401914
132,90,17.967884057971013
132,91,12.311231281198003
132,92,10.571746641074856
132,93,8.121997677119628
132,94,22.063859649122804
132,95,8.139747248267428
132,96,8.690681818181817
132,97,16.48392857142857
132,98,10.678317757009346
132,100,17.294499514091353
132,101,11.542268041237113
132,102,9.017672955974843
132,106,21.328721227621486
132,107,17.39184673366834
132,108,15.246603773584907
132,109,29.331904761904763
132,111,22.114285714285717
132,112,15.715816861637759
132,113,18.24414327607876
132,114,18.62608695652174
132,115,24.004
132,116,19.438906942392908
132,117,11.174173553719008
132,118,25.790384615384614
132,119,20.508942307692305
132,120,20.03842105263158
132,121,8.454660194174759
132,122,8.064241071428572
132,123,15.690732860520095
132,124,5.674302134646962
132,125,20.016798365122614
132,126,19.695245901639346
132,127,21.966191709844562
132,128,22.767619047619046
132,129,12.41662598081953
132,130,5.539536489151874
132,131,8.983951310861423
132,133,20.039445910290237
132,134,6.500021645021645
132,135,7.372092696629214
132,136,21.854545454545455
132,137,16.977754442649434
132,138,11.337247386759582
132,139,6.059734299516908
132,140,18.79621621621622
132,141,18.169867269133015
132,142,18.96866060961313
132,143,19.776995475113125
132,144,18.24012443438914
132,145,15.482719621251974
132,146,15.343396226415095
132,147,20.008088235294117
132,148,17.975505293551493
132,149,14.184074074074074
132,150,13.939632653061224
132,151,20.02746641074856
132,152,19.104070175438597
132,153,23.983
132,154,11.319179104477612
132,155,11.933339824732231
132,156,28.528823529411767
132,157,11.482231861198738
132,158,19.762614420062697
132,159,19.42212962962963
132,160,10.330760869565218
132,161,17.491560097833684
132,162,17.06769871925188
132,163,17.90147981314648
132,164,17.091146418298862
132,165,15.272942206654992
132,166,19.196988416988415
132,167,19.96086538461538
132,168,18.34621818181818
132,169,21.544495412844036
132,170,16.7363560111836
132,171,12.381992481203008
132,172,26.434242424242427
132,173,10.578847926267281
132,174,22.07294871794872
132,175,12.526203389830508
132,176,27.312631578947364
132,177,9.295116640746501
132,178,17.133490566037736
132,179,14.395539452495973
132,180,5.771599264705882
132,181,18.923806995627732
132,182,18.383481481481482
132,183,17.61276923076923
132,184,17.46375
132,185,20.278809523809525
132,186,17.596375652173915
132,187,27.945
132,188,13.057854406130268
132,189,14.18351610692255
132,190,16.002988505747126
132,191,9.363518267929635
132,192,9.630849673202615
132,193,16.04494983277592
132,194,15.014054054054053
132,195,24.932769784172663
132,196,9.59702928870293
132,197,5.983324396782842
132,198,10.128976744186046
132,200,26.340111420612814
132,201,13.219333333333333
132,202,16.64549872122762
132,203,6.061975560081466
132,204,35.042500000000004
132,205,5.7193344857389805
132,206,25.995192307692307
132,207,11.770344827586205
132,208,17.493658536585365
132,209,20.616295081967213
132,210,13.461871794871795
132,211,18.94136210384356
132,212,18.70506329113924
132,213,18.213290322580644
132,214,23.890666666666668
132,215,4.733784421715185
132,216,4.275429553264605
132,217,16.4040395480226
132,218,4.236826241134752
132,219,4.167816593886463
132,220,24.384393530997308
132,221,23.684042553191492
132,222,7.760305084745762
132,223,13.217697907188352
132,224,17.79760649087221
132,225,10.857299578059072
132,226,13.993187889581478
132,227,23.561950207468882
132,228,23.649341637010675
132,229,17.28392230576441
132,230,17.71675394628563
132,231,20.539861635220127
132,232,18.32383128295255
132,233,16.888217729393467
132,234,17.526777777777777
132,235,21.752018348623853
132,236,19.056256902761103
132,237,18.138472463768117
132,238,20.180140767319898
132,239,20.528415584415583
132,240,22.83555555555556
132,241,23.42876712328767
132,242,18.104453125
132,243,21.252205188679245
132,244,20.66289655172414
132,245,25.311
132,246,18.369690992767914
132,247,19.86605882352941
132,248,19.29478260869565
132,249,19.012712571726656
132,250,17.606063829787235
132,251,25.9465625
132,252,13.005915492957747
132,253,9.71690909090909
132,254,21.450952380952383
132,255,16.27696811971373
132,256,16.525159171298636
132,257,22.779429530201345
132,258,6.919605077574048
132,259,22.535689655172416
132,260,13.11278164116829
132,261,22.76839797639123
132,262,18.83919070813039
132,263,18.864490384615383
133,1,13.3
133,3,25.6
133,4,9.34
133,7,14.073333333333332
133,11,4.056363636363636
133,12,4.9
133,13,6.05
133,14,5.491470588235295
133,17,4.726
133,18,18.25
133,21,3.5006666666666666
133,22,2.688181818181818
133,23,18.23
133,24,14.54
133,25,3.9427999999999996
133,26,1.693661971830986
133,27,8.7
133,29,4.469285714285714
133,33,4.559090909090909
133,34,4.93
133,35,4.745
133,36,8.004444444444445
133,37,8.495625
133,39,5.541428571428571
133,40,3.564
133,41,15.205833333333333
133,42,16.795
133,43,12.416666666666666
133,45,6.7125
133,47,17.85
133,48,10.002857142857142
133,49,3.9840000000000004
133,50,9.87
133,51,21.3
133,52,4.229
133,54,4.44
133,55,5.1292307692307695
133,56,15.08
133,61,3.7682608695652173
133,62,2.619333333333333
133,63,7.015000000000001
133,65,4.5
133,66,5.2075
133,67,2.695
133,68,8.91
133,69,17.725
133,70,13.895
133,71,2.487692307692307
133,72,3.4683333333333333
133,74,14.755
133,75,13.933571428571428
133,76,6.055454545454546
133,77,5.4350000000000005
133,79,7.92125
133,80,8.145
133,81,23.9
133,82,13.03
133,83,11.965
133,85,1.655
133,87,6.285555555555556
133,88,5.79
133,89,1.3246478873239436
133,90,9.623333333333333
133,91,3.4749999999999996
133,92,16.166666666666668
133,95,12.175
133,97,4.4879999999999995
133,98,21.1
133,100,9.520000000000001
133,106,3.0021428571428572
133,107,9.641666666666667
133,108,3.7716666666666665
133,112,10.079999999999998
133,113,7.7875
133,114,7.404999999999999
133,120,18.35
133,122,14.3
133,123,2.9048148148148147
133,124,13.1
133,125,6.984
133,129,13.604999999999999
133,130,14.399999999999999
133,131,12.9
133,132,18.334
133,135,16.96
133,137,9.703571428571427
133,138,15.726666666666667
133,139,20.1
133,140,10.692083333333334
133,141,9.895
133,142,11.334444444444445
133,143,10.49
133,144,7.2
133,145,10.909090909090908
133,146,11.3
133,148,8.045454545454545
133,149,3.343125
133,150,6.141
133,151,13.71
133,155,4.322307692307692
133,158,8.095
133,160,10.97
133,161,11.173636363636364
133,162,10.605833333333333
133,163,11.208
133,164,10.321428571428571
133,165,2.2792105263157896
133,166,13.649999999999999
133,167,20.76
133,168,12.6
133,170,10.22
133,173,16.706666666666667
133,175,20.8
133,177,4.976
133,178,1.8166666666666667
133,180,7.89
133,181,2.6753333333333336
133,182,7.5
133,183,21.17
133,186,9.12875
133,188,3.986521739130435
133,189,3.6449999999999996
133,190,1.9249999999999998
133,191,22.68
133,193,11.83
133,195,3.8683333333333336
133,196,13.65
133,197,14.5
133,198,8.07
133,200,22.15
133,202,11.4
133,206,10.9
133,209,6.273333333333333
133,210,4.552352941176471
133,211,7.99
133,215,17.0
133,216,11.145999999999999
133,217,7.1659999999999995
133,220,19.74
133,222,12.044
133,223,14.409999999999998
133,224,10.59
133,225,5.515000000000001
133,226,11.145999999999999
133,227,2.2283333333333335
133,228,2.5065384615384616
133,229,12.616666666666667
133,230,11.06
133,231,6.200769230769231
133,232,8.936
133,233,10.479000000000001
133,234,9.031666666666666
133,235,18.1
133,236,12.9
133,237,13.35
133,239,11.18
133,241,19.55
133,243,17.0
133,244,15.421428571428573
133,246,7.84875
133,248,18.08
133,249,7.9
133,254,19.85
133,255,8.36
133,256,8.231
133,257,1.4991666666666665
133,258,12.43
133,260,12.035
133,261,6.045555555555556
133,262,11.4
133,263,13.616666666666665
134,1,25.91
134,7,8.819375
134,9,5.082
134,10,3.623076923076923
134,13,15.25
134,14,18.96
134,15,9.280000000000001
134,16,7.62
134,17,8.316923076923077
134,18,15.51
134,19,6.314444444444444
134,21,16.8
134,22,16.875
134,25,9.65
134,26,16.6
134,28,1.1219469026548672
134,29,14.855
134,32,14.17
134,33,11.6125
134,35,23.663333333333338
134,36,5.696666666666666
134,37,7.358461538461539
134,38,7.1933333333333325
134,39,7.4175
134,41,12.7775
134,42,13.200000000000001
134,45,12.966666666666667
134,48,11.983333333333334
134,49,8.352500000000001
134,50,13.37
134,51,17.662857142857142
134,53,6.01
134,56,4.295625
134,57,4.8533333333333335
134,60,12.33
134,61,7.306428571428571
134,62,7.859999999999999
134,63,4.387272727272727
134,64,8.33
134,65,11.520000000000001
134,68,12.252
134,69,13.325
134,70,6.141666666666667
134,72,8.59
134,73,4.2
134,74,12.55
134,75,13.072999999999999
134,76,6.358666666666666
134,77,8.1
134,78,11.3
134,79,10.8
134,80,9.615
134,81,13.0
134,82,4.446774193548387
134,83,5.3020000000000005
134,85,8.74
134,86,9.0
134,88,13.755833333333333
134,89,9.422857142857143
134,90,12.646666666666667
134,91,11.05
134,92,4.578064516129031
134,93,2.945
134,95,1.64234693877551
134,96,2.004285714285714
134,97,10.3
134,98,4.633333333333334
134,100,11.616
134,101,7.824375
134,102,3.7283333333333335
134,107,11.15
134,112,10.34
134,113,12.585
134,116,13.515
134,117,11.224
134,121,2.576304347826087
134,122,4.79
134,124,5.403333333333333
134,125,12.16
134,127,16.33
134,129,6.4126666666666665
134,130,2.017457627118644
134,131,2.99695652173913
134,132,5.542348284960423
134,133,19.54
134,135,2.056530612244898
134,137,10.594
134,138,7.10375
134,139,7.71
134,140,12.856666666666667
134,141,11.493333333333334
134,142,11.568333333333333
134,143,13.3
134,144,11.916666666666666
134,145,9.327333333333334
134,146,9.879999999999999
134,147,14.7
134,148,11.74
134,149,13.035
134,150,14.285
134,153,17.093333333333334
134,155,13.9475
134,157,6.846666666666667
134,158,12.54
134,160,3.232142857142857
134,161,10.8225
134,162,9.37
134,163,12.238
134,164,13.0975
134,165,13.412
134,166,11.2
134,167,13.985
134,168,12.225
134,169,14.25
134,170,9.65
134,171,6.181666666666666
134,173,5.552
134,174,15.699999999999998
134,175,5.808571428571428
134,177,5.85
134,178,13.85
134,179,9.176470588235293
134,180,4.676
134,181,10.033333333333333
134,182,14.9
134,183,11.31
134,186,11.61
134,188,9.266666666666666
134,191,6.134
134,192,3.5518181818181818
134,193,10.63
134,196,4.5045
134,197,1.719746192893401
134,198,5.479473684210526
134,200,16.1
134,202,10.2
134,203,10.976666666666667
134,205,5.457692307692308
134,210,15.02
134,215,3.461
134,216,3.0826595744680847
134,217,9.6
134,218,6.048571428571428
134,219,6.13
134,220,18.08
134,222,6.2
134,223,8.449333333333334
134,225,5.9670000000000005
134,226,7.067777777777778
134,228,17.0875
134,229,10.834444444444445
134,230,12.416666666666666
134,231,14.0975
134,232,8.7075
134,233,12.05125
134,234,10.862
134,235,15.24
134,236,12.955
134,237,11.681666666666667
134,238,14.59
134,239,14.26
134,241,17.1
134,242,10.59
134,243,15.32
134,244,17.225
134,246,13.083333333333334
134,247,12.178571428571429
134,249,10.86
134,250,9.649999999999999
134,252,7.056
134,254,13.1
134,255,11.98
134,256,9.046666666666667
134,258,2.9709090909090907
134,260,8.065
134,261,16.883333333333333
134,262,12.0
134,263,11.817499999999999
135,4,8.7075
135,7,7.825833333333333
135,9,3.46
135,10,4.532
135,11,17.25
135,14,20.486666666666665
135,15,7.109999999999999
135,16,4.816000000000001
135,17,8.37
135,18,15.27
135,19,4.44
135,21,16.25
135,22,16.240000000000002
135,23,28.33
135,24,12.126666666666667
135,25,10.7525
135,26,14.233333333333333
135,28,1.366
135,29,14.479999999999999
135,33,11.3
135,34,11.65
135,35,7.390000000000001
135,36,7.303333333333334
135,37,8.1
135,39,9.662
135,41,12.145
135,42,11.577
135,45,12.6
135,47,13.0
135,48,12.3
135,49,9.831428571428571
135,50,12.5
135,51,13.485714285714286
135,53,5.74
135,55,16.15
135,56,3.2657142857142856
135,57,3.936
135,60,12.025
135,61,10.0
135,62,9.175
135,63,5.99
135,67,18.33
135,68,11.028461538461539
135,69,11.865
135,70,4.4750000000000005
135,71,8.05
135,72,8.45
135,73,2.94125
135,74,11.153333333333334
135,75,12.099285714285713
135,76,8.395714285714286
135,77,7.155
135,80,9.47
135,82,4.699090909090909
135,83,6.495
135,85,9.5
135,86,11.553333333333333
135,87,14.678
135,88,13.58
135,89,16.325
135,91,10.91
135,92,4.407857142857143
135,93,1.6920000000000002
135,95,1.9466101694915254
135,96,3.61
135,97,9.684285714285712
135,98,2.9416666666666664
135,100,10.2
135,101,7.793333333333333
135,102,5.375
135,107,10.166666666666666
135,112,9.886666666666665
135,113,22.89
135,114,12.83
135,116,11.325
135,117,12.735
135,119,13.873333333333335
135,121,1.484705882352941
135,122,14.77
135,123,16.25
135,124,6.705
135,125,9.53
135,126,13.245
135,127,14.99
135,129,6.03421052631579
135,130,2.17258064516129
135,131,3.0566666666666666
135,132,8.137500000000001
135,133,14.5
135,134,2.0083333333333333
135,136,16.15
135,137,10.32
135,138,4.9825
135,139,6.16
135,140,11.611999999999998
135,141,10.883333333333333
135,142,12.200000000000001
135,143,12.066666666666668
135,145,8.05625
135,146,9.141428571428571
135,148,9.9
135,151,13.192222222222222
135,153,15.94
135,155,13.0
135,157,6.252
135,158,11.55
135,160,4.085555555555555
135,161,9.833333333333334
135,162,10.24
135,163,10.483333333333333
135,164,11.626666666666665
135,165,15.1525
135,166,15.67
135,168,10.7
135,169,14.9
135,170,11.164285714285715
135,171,5.142
135,173,4.26
135,174,14.55
135,175,4.19
135,178,18.200000000000003
135,179,8.146666666666667
135,180,8.67
135,181,12.836666666666666
135,182,11.2725
135,183,15.0
135,186,10.440000000000001
135,188,9.4325
135,189,11.41
135,191,5.226666666666667
135,192,1.74
135,193,9.612
135,195,15.51
135,196,2.99875
135,197,2.7649999999999997
135,198,6.335555555555555
135,201,12.94
135,203,6.9
135,205,4.954444444444444
135,208,12.5
135,209,13.1
135,212,10.833333333333334
135,215,4.228571428571429
135,216,4.257333333333333
135,217,9.59
135,218,6.26
135,219,7.805
135,220,16.400000000000002
135,222,12.85
135,223,7.545999999999999
135,225,8.843333333333334
135,226,7.57625
135,227,14.175
135,230,10.666666666666666
135,231,11.862
135,232,11.815
135,233,10.626666666666667
135,234,10.15090909090909
135,235,14.015
135,236,12.295
135,237,13.3
135,239,15.172500000000001
135,241,15.746666666666668
135,243,15.90333333333333
135,244,13.616666666666667
135,246,12.226666666666667
135,247,11.733333333333334
135,248,11.536666666666667
135,249,13.21
135,252,6.6450000000000005
135,254,16.875
135,255,9.44625
135,256,9.7125
135,258,5.1066666666666665
135,260,8.013333333333334
135,262,13.27
135,263,12.19
136,3,4.598571428571428
136,4,12.166666666666666
136,7,9.468
136,13,13.44
136,14,19.616666666666664
136,15,8.9
136,16,12.99
136,17,15.1
136,18,2.4352941176470586
136,19,14.6
136,20,1.4727272727272727
136,24,6.25
136,25,15.739999999999998
136,26,21.3
136,31,2.7
136,32,3.4116666666666666
136,33,13.266
136,34,18.0
136,35,21.419999999999998
136,36,15.015
136,37,15.390714285714285
136,39,20.225
136,41,5.911470588235295
136,42,4.438529411764706
136,45,12.87
136,47,2.4558823529411766
136,48,9.91
136,49,16.3
136,50,10.456999999999999
136,51,5.859999999999999
136,55,23.0
136,56,12.866666666666667
136,58,7.13
136,59,2.1
136,60,3.69
136,63,19.71
136,65,14.7
136,66,14.2
136,68,10.793846153846154
136,69,3.744444444444445
136,72,20.7
136,74,5.86047619047619
136,75,7.2738297872340425
136,76,19.7965
136,77,21.55
136,78,2.8144444444444447
136,80,14.600000000000001
136,81,5.637
136,82,12.0625
136,83,10.7
136,86,24.34
136,87,14.2
136,88,14.3
136,89,20.494999999999997
136,90,11.68
136,91,23.05
136,92,12.45
136,94,1.3558333333333332
136,95,13.6
136,96,20.35
136,97,15.909090909090908
136,100,9.399999999999999
136,101,16.9
136,107,11.63076923076923
136,113,13.0
136,114,14.11
136,116,4.187647058823529
136,119,2.477777777777778
136,120,2.27
136,121,14.2
136,122,17.9
136,126,6.1
136,127,1.4185714285714286
136,129,10.05
136,130,14.3
136,131,14.8
136,133,15.2
136,135,13.5
136,137,10.842857142857142
136,138,10.809999999999999
136,139,23.224999999999998
136,140,8.773333333333333
136,141,9.120000000000001
136,142,9.63
136,143,9.340000000000002
136,144,15.1
136,145,14.3
136,146,9.9
136,147,6.015000000000001
136,151,8.10888888888889
136,152,5.239333333333334
136,153,1.03
136,155,24.0
136,157,11.8
136,158,11.43
136,159,5.1571428571428575
136,161,10.943333333333333
136,162,9.746666666666668
136,163,10.233333333333334
136,164,11.370000000000001
136,166,6.437142857142858
136,167,3.696666666666667
136,168,5.21
136,169,1.7107142857142856
136,170,11.549230769230768
136,174,2.729
136,177,19.55
136,179,8.2
136,181,11.54
136,182,4.91375
136,183,5.66
136,185,2.986666666666667
136,186,10.82125
136,188,20.3
136,189,17.6
136,193,13.364999999999998
136,195,15.3
136,198,17.1
136,200,5.78
136,202,10.645
136,203,20.4
136,205,19.072222222222223
136,208,7.435833333333334
136,212,5.385
136,213,6.505
136,215,17.6
136,216,18.3
136,219,19.8
136,220,1.9336363636363636
136,223,8.7
136,224,11.05
136,225,14.931999999999999
136,227,13.215
136,229,11.024999999999999
136,230,10.54
136,231,13.12
136,232,16.04
136,233,10.391428571428571
136,234,11.763636363636364
136,235,1.3619999999999999
136,236,7.392142857142857
136,237,8.42
136,238,7.444999999999999
136,239,8.8075
136,240,2.865
136,241,1.269
136,242,4.041428571428571
136,243,2.124
136,244,4.131428571428572
136,246,10.525
136,247,2.920769230769231
136,248,5.241666666666666
136,249,13.4525
136,250,6.022222222222222
136,252,9.7
136,254,4.82625
136,255,14.68
136,256,25.5
136,258,17.830000000000002
136,259,4.751428571428571
136,261,15.085
136,262,7.946666666666666
136,263,7.5275
137,1,16.950000000000003
137,3,14.135384615384615
137,4,1.7044253490870032
137,6,15.09
137,7,4.775610859728507
137,8,5.215
137,9,12.856666666666667
137,10,13.026923076923076
137,11,14.755714285714285
137,12,4.526
137,13,5.2907829977628635
137,14,11.67939393939394
137,15,15.2
137,16,13.093333333333334
137,17,5.96406779661017
137,18,11.55488888888889
137,19,15.41
137,20,10.448181818181817
137,21,13.553846153846154
137,22,13.02818181818182
137,23,18.77
137,24,5.479306930693069
137,25,5.772277227722772
137,26,11.186666666666666
137,27,25.05
137,28,11.043076923076923
137,29,17.607647058823527
137,31,11.804285714285713
137,32,12.045555555555556
137,33,5.567004048582996
137,34,5.895
137,35,9.624666666666666
137,36,6.589285714285714
137,37,6.765454545454546
137,38,15.6575
137,39,14.269545454545455
137,40,6.863166666666667
137,41,5.824303278688524
137,42,6.907932330827068
137,43,3.1646274509803924
137,45,3.242578125
137,46,15.3
137,47,10.048666666666666
137,48,2.0673074046372473
137,49,6.45423076923077
137,50,2.5519399538106238
137,51,13.524523809523808
137,52,6.065254237288136
137,53,10.3875
137,54,6.878181818181818
137,55,15.346666666666668
137,56,8.059310344827587
137,57,8.4
137,58,13.26
137,59,10.296666666666667
137,60,9.256
137,61,8.041206896551724
137,62,7.992820512820513
137,63,9.52
137,64,15.775
137,65,5.2071774193548395
137,66,5.293287671232877
137,67,11.379166666666668
137,68,1.616668802049968
137,69,8.143061224489795
137,70,9.922307692307694
137,71,10.56151515151515
137,72,10.320238095238095
137,73,12.76
137,74,5.170338164251207
137,75,4.155862068965518
137,76,11.588131868131867
137,77,10.227
137,78,11.909
137,79,1.3080073323269354
137,80,5.417218045112782
137,81,13.988499999999998
137,82,6.691276595744681
137,83,5.618333333333333
137,84,19.2
137,85,9.535263157894736
137,86,17.45
137,87,4.230697969543147
137,88,4.402857142857143
137,89,10.247260273972602
137,90,1.4124330708661417
137,91,11.258928571428571
137,92,9.91625
137,93,4.05
137,94,9.960909090909091
137,95,8.760555555555555
137,96,9.26
137,97,5.752207792207792
137,98,13.663999999999998
137,100,1.2854545454545454
137,101,16.036666666666665
137,102,8.954
137,106,7.486000000000001
137,107,0.8015498554913295
137,108,13.584999999999999
137,109,23.09
137,112,4.159202127659574
137,113,1.5673657612128868
137,114,1.902703488372093
137,115,17.39
137,116,7.837372262773723
137,117,19.195238095238096
137,118,19.0
137,119,7.723333333333334
137,120,9.835
137,121,9.912727272727272
137,122,12.850000000000001
137,123,11.852666666666666
137,124,14.988
137,125,2.7273202614379084
137,126,8.948636363636364
137,127,10.001038961038962
137,128,10.506
137,129,6.971125000000001
137,130,13.066538461538462
137,131,13.200909090909091
137,132,16.290891719745222
137,133,10.199655172413793
137,134,10.75
137,135,10.952727272727273
137,136,11.075
137,138,9.37978672985782
137,139,16.64142857142857
137,140,2.164974182444062
137,141,2.0724885215794306
137,142,3.037875
137,143,3.404248366013072
137,144,2.2269203329369796
137,145,2.7399137931034483
137,146,3.8213725490196078
137,147,7.82125
137,148,2.132553931802366
137,149,12.2925
137,150,16.138571428571428
137,151,5.218529411764706
137,152,7.510185185185185
137,153,11.02
137,155,13.183333333333332
137,157,5.814615384615385
137,158,2.3895411089866156
137,159,7.1175471698113215
137,160,6.908333333333334
137,161,1.4389897959183673
137,162,1.0714856860809476
137,163,2.079132420091324
137,164,0.8561139311900734
137,165,11.3765
137,166,6.388757396449704
137,167,7.909655172413793
137,168,6.175333333333333
137,169,9.753
137,170,0.7226611833377554
137,171,12.766
137,172,18.7
137,173,8.412142857142857
137,174,13.478
137,175,15.465
137,176,18.9
137,177,9.02108108108108
137,178,11.488461538461538
137,179,5.142676056338028
137,180,12.366666666666665
137,181,7.889924242424243
137,182,11.177380952380952
137,183,13.23
137,185,12.178666666666667
137,186,1.0924254606365158
137,188,8.548018018018018
137,189,7.063260869565218
137,190,7.771052631578947
137,191,16.038333333333334
137,192,10.3
137,193,4.341111111111111
137,194,6.739999999999999
137,195,7.336428571428571
137,196,7.1724
137,197,10.8528
137,198,7.08060606060606
137,200,12.53
137,201,7.1
137,202,4.509152542372882
137,203,16.636666666666667
137,205,15.07470588235294
137,206,18.63
137,207,5.6
137,208,12.55375
137,209,3.936184210526316
137,210,16.895384615384618
137,211,2.3606271777003482
137,212,9.324000000000002
137,213,9.812888888888889
137,215,11.829642857142858
137,216,12.525172413793104
137,217,5.230744680851064
137,218,15.76142857142857
137,219,15.871176470588235
137,220,12.0852
137,221,14.25
137,222,13.334375
137,223,6.9393939393939394
137,224,1.044239332096475
137,225,6.858823529411764
137,226,4.313525641025641
137,227,10.648666666666665
137,228,9.539761904761905
137,229,1.3343908450704225
137,230,1.7608279742765272
137,231,4.00570385818561
137,232,2.6000287907869484
137,233,0.8181647664582568
137,234,1.0372661870503597
137,235,9.484285714285713
137,236,3.1118355945730247
137,237,2.086360718870347
137,238,4.646498371335505
137,239,3.9158931297709922
137,240,13.8925
137,241,11.424444444444443
137,242,11.371111111111112
137,243,9.640799999999999
137,244,8.904452554744527
137,246,1.9226969292389853
137,247,7.180555555555555
137,248,9.705833333333333
137,249,2.0455639571518587
137,250,10.565
137,251,18.46
137,252,11.39
137,254,14.0905
137,255,5.097033898305085
137,256,4.7855357142857144
137,257,9.329310344827586
137,258,9.860833333333334
137,259,14.350833333333334
137,260,5.5723529411764705
137,261,4.804734848484848
137,262,3.005274914089347
137,263,3.0436121919584953
138,1,28.357092198581558
138,3,11.930340909090908
138,4,10.171396396396398
138,6,21.781666666666666
138,7,3.532540753232153
138,8,3.544285714285714
138,9,7.824186046511628
138,10,10.017324561403507
138,11,20.617272727272727
138,12,13.576666666666666
138,13,14.294544740973313
138,14,17.187606177606177
138,15,7.713225806451613
138,16,9.547186311787073
138,17,9.419133089133089
138,18,12.501746031746032
138,19,12.176615384615385
138,20,11.864464285714286
138,21,20.188148148148148
138,22,19.058863636363636
138,23,26.481818181818184
138,24,8.776866197183098
138,25,10.645345303867403
138,26,16.41201342281879
138,27,22.734
138,28,7.154510869565217
138,29,22.34294117647059
138,31,11.572727272727272
138,32,11.735853658536586
138,33,10.63221471978393
138,34,8.678965517241378
138,35,12.783636363636363
138,36,8.376442307692308
138,37,8.759398826979472
138,38,14.118285714285713
138,39,15.672999999999998
138,40,11.893784786641929
138,41,7.47578184110971
138,42,7.504826530612245
138,43,9.580635897435899
138,44,34.67
138,45,10.929059233449477
138,46,14.040000000000001
138,47,10.414615384615384
138,48,10.450377008652657
138,49,9.424962894248608
138,50,11.613173828125
138,51,12.691099999999999
138,52,11.24664268585132
138,53,5.194494382022472
138,54,11.592671232876713
138,55,23.073333333333334
138,56,4.591596638655462
138,57,4.269285714285714
138,58,10.348372093023256
138,59,8.899999999999999
138,60,8.992647058823529
138,61,11.160998980632009
138,62,12.063210227272727
138,63,11.066818181818181
138,64,11.646075949367088
138,65,10.119451812555262
138,66,10.353054545454546
138,67,16.846136363636365
138,68,10.088755760368663
138,69,8.216331360946745
138,70,1.3268227848101266
138,71,14.467402597402598
138,72,13.896999999999998
138,73,6.236190476190477
138,74,6.564335154826958
138,75,7.802965074839629
138,76,12.872258064516128
138,77,12.204594594594594
138,78,10.319374999999999
138,79,10.14861741038771
138,80,7.113556985294117
138,81,13.525806451612903
138,82,4.126289752650177
138,83,3.9257435897435897
138,84,32.792
138,85,14.048510638297872
138,86,17.060697674418606
138,87,12.766859574468084
138,88,13.439086479902558
138,89,15.109886363636365
138,90,10.081748511904763
138,91,17.212
138,92,4.337765118317265
138,93,5.073714285714285
138,94,11.254000000000001
138,95,5.6356012913640035
138,96,9.157619047619047
138,97,9.846151162790699
138,98,7.8218579234972685
138,100,9.500348696179502
138,101,13.318584905660376
138,102,9.360550458715595
138,106,11.83623417721519
138,107,9.506600831600831
138,108,22.7725
138,109,26.982499999999998
138,111,14.86
138,112,7.134798278644433
138,113,10.325952262555942
138,114,10.633970117395945
138,115,21.0925
138,116,8.467978395061728
138,117,18.75263157894737
138,118,24.756666666666664
138,119,8.746164383561645
138,120,9.145454545454545
138,121,7.0784020618556704
138,122,10.004642857142857
138,123,20.647800000000004
138,124,12.60421052631579
138,125,11.672943396226415
138,126,8.076046511627906
138,127,10.851812080536913
138,128,10.900769230769232
138,129,2.394569190600522
138,130,7.937679738562091
138,131,8.662227979274611
138,132,12.253499713138266
138,133,15.378838383838385
138,134,6.965072463768116
138,135,6.344901315789474
138,136,11.153461538461539
138,137,8.991542416452441
138,139,15.013818181818182
138,140,8.885008084074373
138,141,9.01795029527559
138,142,10.368355335533552
138,143,11.08758731864589
138,144,10.421463195691203
138,145,6.698635514018691
138,146,4.881488616462347
138,147,7.686206896551725
138,148,10.083548759376804
138,149,19.83086956521739
138,150,21.810499999999998
138,151,9.207469793887704
138,152,8.216605504587156
138,153,11.7945
138,154,19.57
138,155,19.567777777777778
138,156,26.69
138,157,5.541184834123223
138,158,11.469201244813277
138,159,7.392650602409639
138,160,6.3530147058823525
138,161,9.707910317262053
138,162,9.32641993957704
138,163,10.081616766467066
138,164,9.14254828073481
138,165,17.509514563106798
138,166,8.334715821812596
138,167,8.405079365079365
138,168,6.791222707423581
138,169,10.405517241379311
138,170,8.821437623762376
138,171,5.598452380952381
138,172,26.583333333333332
138,173,2.596
138,174,13.059272727272727
138,175,10.213925925925926
138,176,25.805
138,177,12.094912280701754
138,178,16.59162162162162
138,179,3.6091746905089406
138,180,11.5505
138,181,11.947827676240209
138,182,10.248474576271185
138,183,10.635238095238096
138,184,12.59
138,185,11.424615384615384
138,186,9.696562242374279
138,187,28.994999999999997
138,188,12.527368421052632
138,189,10.626690734055355
138,190,12.429361702127661
138,191,11.611818181818181
138,192,5.474938271604938
138,193,5.086583629893238
138,194,7.109090909090909
138,195,12.64030303030303
138,196,5.522132701421802
138,197,8.419930555555556
138,198,7.96356
138,200,14.51175572519084
138,201,19.56266666666667
138,202,5.796981132075471
138,203,14.8972
138,204,33.07
138,205,10.868016528925619
138,206,24.20846153846154
138,207,2.3466666666666667
138,208,10.145301204819276
138,209,12.5653450608931
138,210,21.260238095238094
138,211,10.987456049638057
138,212,9.068809523809524
138,213,9.60056338028169
138,214,22.63181818181818
138,215,9.39556818181818
138,216,9.767047619047618
138,217,8.21826254826255
138,218,12.439807692307692
138,219,13.054406779661017
138,220,12.71773851590106
138,221,22.23
138,222,13.8
138,223,2.882776412776413
138,224,9.93017654476671
138,225,10.060864
138,226,5.106191051995163
138,227,15.281627906976745
138,228,14.189159663865546
138,229,9.265787139689579
138,230,10.069049093655588
138,231,12.234570565386276
138,232,10.225113636363636
138,233,9.008837068443368
138,234,9.668112105877773
138,235,10.25840579710145
138,236,8.499675865901093
138,237,9.296158378505774
138,238,9.446747920848866
138,239,10.115345766974015
138,240,13.6
138,241,12.11654761904762
138,242,10.3859375
138,243,10.320626506024098
138,244,9.61875173370319
138,245,22.130000000000003
138,246,10.720838756326826
138,247,8.36931623931624
138,248,9.44275
138,249,10.92590020229265
138,250,9.919322033898306
138,251,23.634999999999998
138,252,6.222653631284916
138,253,4.89
138,254,13.330632911392403
138,255,7.512792792792792
138,256,7.972973384030418
138,257,14.249131832797426
138,258,9.954415584415585
138,259,14.118571428571428
138,260,3.5720754716981133
138,261,13.741645480225987
138,262,8.150616296296297
138,263,8.23127726675427
139,7,15.076666666666666
139,10,3.2334782608695654
139,14,17.880000000000003
139,16,11.59
139,17,11.35
139,18,16.9
139,19,5.218333333333333
139,20,17.3
139,21,16.2
139,25,14.020000000000001
139,28,4.701666666666667
139,29,14.986666666666666
139,32,19.1
139,33,17.02
139,35,10.01375
139,36,7.733333333333334
139,37,11.16
139,38,3.046666666666667
139,39,11.03076923076923
139,41,17.5275
139,42,18.322
139,47,17.8
139,48,18.333333333333332
139,49,13.26
139,51,17.4
139,52,14.350000000000001
139,53,13.45
139,55,17.18
139,56,9.135
139,57,10.18
139,60,16.4
139,61,11.17388888888889
139,62,13.3575
139,63,7.96
139,64,7.15
139,65,14.066666666666668
139,68,17.6125
139,69,19.146666666666665
139,71,12.331
139,72,11.074285714285713
139,73,9.44
139,74,19.154285714285713
139,75,17.35
139,76,8.067894736842105
139,77,9.144
139,81,14.9
139,82,11.685
139,83,11.57
139,85,13.474
139,86,6.284285714285715
139,88,9.8
139,89,13.0275
139,90,15.5
139,91,12.201304347826087
139,92,12.98
139,95,8.872
139,97,12.799999999999999
139,98,5.746666666666666
139,100,16.2
139,101,8.035
139,102,10.83
139,107,16.571428571428573
139,112,17.5
139,116,20.3
139,117,7.36
139,121,6.051428571428572
139,122,3.073333333333333
139,124,5.97
139,125,22.73
139,128,22.05
139,130,4.817692307692308
139,131,3.76
139,132,6.546666666666667
139,133,16.96
139,134,6.25
139,135,7.1499999999999995
139,136,21.0
139,137,16.4925
139,140,18.220000000000002
139,141,17.35
139,142,18.2
139,145,16.853333333333335
139,147,17.3
139,149,12.8
139,150,13.649999999999999
139,151,23.25
139,153,20.2
139,155,13.004999999999999
139,157,11.43
139,161,14.381818181818181
139,162,17.42
139,163,18.166666666666668
139,164,16.419999999999998
139,165,13.7
139,166,17.6
139,168,18.5475
139,169,18.42
139,170,16.89125
139,171,10.07
139,173,12.586666666666668
139,174,20.05
139,175,6.37
139,177,9.450000000000001
139,179,15.54
139,180,6.233333333333333
139,181,14.2
139,182,14.25
139,184,21.39
139,186,21.39
139,188,11.864375
139,189,21.8
139,191,3.4675
139,192,11.4
139,193,18.08
139,195,21.1
139,196,8.6
139,197,6.1259999999999994
139,198,11.770000000000001
139,200,22.295
139,202,15.316666666666665
139,203,1.494375
139,205,1.860625
139,209,17.0
139,213,15.057575757575757
139,215,3.161538461538462
139,216,5.347142857142857
139,218,1.903
139,219,2.2120833333333336
139,222,9.0725
139,223,14.858333333333334
139,225,11.29625
139,226,14.26
139,227,19.9
139,228,19.200000000000003
139,230,17.895
139,231,24.5225
139,233,16.8
139,234,15.333333333333334
139,236,20.799999999999997
139,237,20.81
139,238,20.5
139,239,18.6
139,240,29.2
139,244,19.0
139,246,18.765
139,249,20.631999999999998
139,250,15.2
139,252,11.985
139,254,17.5
139,256,14.3
139,258,8.102
139,259,18.4
139,260,19.7
139,262,9.2
139,263,17.9
140,1,19.182833333333335
140,3,11.94076923076923
140,4,3.795058275058275
140,6,17.946666666666665
140,7,3.8664831804281343
140,8,5.82
140,9,14.441818181818183
140,10,14.20375
140,11,14.648
140,12,6.59375
140,13,7.313288409703504
140,14,13.818775510204082
140,15,15.391111111111112
140,16,13.666666666666666
140,17,8.180405405405406
140,18,9.689
140,19,18.25625
140,20,8.8704
140,21,15.222857142857142
140,22,14.782272727272726
140,24,3.485115511551155
140,25,7.921029411764706
140,26,12.884444444444444
140,27,21.0
140,28,12.116875
140,29,17.69161290322581
140,31,10.365714285714287
140,32,9.161538461538461
140,33,7.406159169550174
140,34,7.634444444444444
140,35,11.4705
140,36,8.648775510204082
140,37,8.219245283018868
140,38,16.54
140,39,16.470588235294116
140,40,8.534166666666666
140,41,3.5724093264248706
140,42,4.507588235294118
140,43,1.6553298835705044
140,45,5.749963636363637
140,46,10.64
140,47,7.047058823529412
140,48,2.6288849682427666
140,49,8.649420289855072
140,50,2.742667910447761
140,51,12.286271186440677
140,52,8.009803921568627
140,53,13.129999999999999
140,54,8.889090909090909
140,55,17.60625
140,56,8.4725
140,58,10.71
140,60,7.306666666666666
140,61,9.915647058823529
140,62,9.661724137931035
140,63,12.223
140,64,13.5
140,65,7.522826086956522
140,66,7.24029702970297
140,67,13.785
140,68,3.6827104722792603
140,69,5.4460759493670885
140,70,8.694761904761904
140,71,11.792142857142858
140,72,11.838947368421053
140,73,11.015
140,74,2.909168490153173
140,75,1.9669702402294729
140,76,13.54754716981132
140,77,12.65542857142857
140,78,7.745
140,79,3.956304198210599
140,80,6.860666666666666
140,81,12.921944444444444
140,82,6.497428571428571
140,83,5.601176470588236
140,85,12.328571428571427
140,86,21.728571428571428
140,87,6.190626631853786
140,88,6.351538461538461
140,89,12.175416666666667
140,90,3.8210126582278483
140,91,13.721904761904764
140,92,10.52108108108108
140,93,8.32
140,94,8.571111111111112
140,95,9.422155172413794
140,96,10.533333333333333
140,97,8.648214285714285
140,98,13.21
140,100,2.872460414129111
140,101,17.35
140,102,8.628235294117648
140,106,9.504666666666667
140,107,3.1400907990314773
140,108,17.24
140,111,2.3
140,112,4.528060344827586
140,113,4.0149485714285715
140,114,4.9279362670713205
140,115,16.35
140,116,5.673707317073171
140,117,16.928571428571427
140,119,6.636206896551724
140,120,6.7379999999999995
140,121,12.62923076923077
140,122,12.8
140,123,15.642608695652175
140,124,12.074285714285713
140,125,6.16042194092827
140,126,6.466666666666666
140,127,8.098181818181818
140,128,9.772
140,129,5.709558823529412
140,130,13.929545454545455
140,131,14.003333333333334
140,132,18.539552495697073
140,133,12.025757575757577
140,134,12.638235294117647
140,135,11.485576923076923
140,136,8.224736842105264
140,137,2.59244019138756
140,138,9.096443691786622
140,139,16.850833333333334
140,141,0.6882843917257341
140,142,1.9233001422475107
140,143,2.287716727716728
140,144,5.276270491803279
140,145,2.9564415584415586
140,146,3.019430894308943
140,147,5.632222222222222
140,148,4.880490909090909
140,149,13.983333333333333
140,150,15.584
140,151,3.172130653266332
140,152,5.1682
140,153,9.291666666666666
140,155,16.068421052631578
140,157,5.837307692307693
140,158,6.1429210526315785
140,159,5.025666666666667
140,160,7.636111111111112
140,161,1.8462221304706854
140,162,1.6428939501779358
140,163,1.6254993885038729
140,164,2.795074074074074
140,165,13.480625
140,166,4.017956318252731
140,167,7.77695652173913
140,168,4.018582677165354
140,169,7.628235294117648
140,170,2.313272524199553
140,171,12.576666666666668
140,173,7.423636363636363
140,174,11.204166666666666
140,175,14.6775
140,176,21.944
140,177,10.218181818181819
140,178,13.983
140,179,4.370277777777778
140,180,11.698571428571428
140,181,9.71782122905028
140,182,9.21
140,183,11.058571428571428
140,184,10.5
140,185,9.668571428571429
140,186,3.1714711729622267
140,187,21.825000000000003
140,188,10.631041666666667
140,189,9.030000000000001
140,190,11.104285714285712
140,191,15.108666666666666
140,192,11.807272727272727
140,193,3.244428571428571
140,194,4.467083333333333
140,195,9.662142857142857
140,196,8.402750000000001
140,197,11.135128205128204
140,198,7.809666666666667
140,200,12.032027027027027
140,201,21.504545454545454
140,202,3.942953020134228
140,203,19.933333333333334
140,205,15.3672
140,206,18.599999999999998
140,207,4.03
140,208,10.01
140,209,6.001907090464548
140,210,17.156315789473684
140,211,5.360206422018349
140,212,7.6031249999999995
140,213,8.325833333333334
140,214,18.48
140,215,13.984782608695651
140,216,13.844761904761905
140,217,6.847899999999999
140,218,15.595172413793103
140,219,18.44111111111111
140,220,10.206206896551725
140,221,23.13
140,222,15.933333333333334
140,223,5.426216216216216
140,224,2.9578496240601506
140,225,8.613181818181818
140,226,3.5884415584415583
140,227,11.914285714285715
140,228,11.123
140,229,1.0972493534154877
140,230,2.351034965034965
140,231,7.0026086956521745
140,232,4.50840366972477
140,233,1.8129081947011707
140,234,3.4287398627573302
140,235,6.695161290322581
140,236,1.2977478217984546
140,237,0.8979716364993469
140,238,2.6509744064138148
140,239,2.298942934782609
140,240,11.522916666666667
140,241,9.59681818181818
140,242,10.378823529411765
140,243,7.849914163090129
140,244,7.078836206896551
140,246,3.960927573062262
140,247,5.572222222222222
140,248,7.924285714285714
140,249,4.778610038610038
140,250,8.95125
140,251,11.995
140,252,13.58125
140,254,12.065490196078432
140,255,6.670344827586207
140,256,6.803173076923077
140,257,10.925
140,258,10.073846153846155
140,259,12.861379310344828
140,260,4.514434782608696
140,261,6.854461538461538
140,262,0.8969055659787367
140,263,1.0740601145038169
141,1,18.934252873563217
141,2,14.6
141,3,11.57875
141,4,3.9824852071005914
141,7,3.5787956989247314
141,8,3.9
141,9,12.135
141,10,13.668000000000001
141,11,15.190000000000001
141,12,6.881818181818182
141,13,7.511776859504132
141,14,13.727272727272727
141,15,15.116666666666667
141,16,15.552499999999998
141,17,7.819142857142857
141,18,9.641
141,19,15.38
141,20,9.3375
141,21,15.821428571428571
141,22,14.67
141,23,19.7
141,24,3.241340579710145
141,25,8.09
141,26,13.564285714285715
141,28,8.572857142857142
141,29,18.77
141,31,10.092857142857143
141,32,9.90875
141,33,7.639794520547945
141,34,7.9712499999999995
141,35,12.315
141,36,7.223636363636363
141,37,7.1816666666666675
141,38,16.936
141,39,16.036666666666665
141,40,8.6284375
141,41,3.2896013864818023
141,42,4.358594594594595
141,43,1.3373791821561338
141,45,5.875868544600939
141,46,13.653333333333334
141,47,6.36
141,48,2.3107430516165626
141,49,8.565609756097562
141,50,2.512921511627907
141,51,12.422857142857143
141,52,8.446382978723404
141,53,10.969999999999999
141,54,8.87
141,55,16.564
141,56,8.519
141,60,7.716666666666666
141,61,9.498823529411764
141,62,9.876153846153844
141,63,12.226
141,64,16.41
141,65,7.441780821917808
141,66,8.267384615384616
141,67,14.085384615384616
141,68,3.3218985074626866
141,69,5.60475
141,70,8.015416666666667
141,71,12.297142857142857
141,72,11.132666666666667
141,73,12.015
141,74,2.690612730517549
141,75,1.7854493124400386
141,76,11.775294117647059
141,77,14.05
141,78,8.24
141,79,3.5725049603174606
141,80,5.76046875
141,81,12.433333333333332
141,82,5.653636363636363
141,83,6.232666666666668
141,85,12.9175
141,87,6.369762711864406
141,88,6.598254364089776
141,89,12.466153846153846
141,90,3.4161990950226246
141,91,13.907333333333334
141,92,9.969090909090909
141,93,8.18
141,94,8.982727272727272
141,95,8.751428571428571
141,97,8.105409836065574
141,98,12.86
141,100,2.5054916317991633
141,101,18.1825
141,102,8.026
141,106,10.134
141,107,2.728844074844075
141,108,16.166666666666668
141,112,4.097589285714286
141,113,3.6227562642369024
141,114,4.4152582781456955
141,115,19.89
141,116,5.933679245283019
141,117,19.956666666666667
141,118,20.42
141,119,5.686111111111112
141,120,6.98
141,121,12.154615384615385
141,122,13.1
141,123,15.043333333333335
141,124,14.173333333333332
141,125,5.739923371647509
141,126,6.3025
141,127,8.374032258064515
141,128,8.416666666666666
141,129,5.206019417475728
141,130,11.260625
141,131,13.407499999999999
141,132,17.757148288973383
141,133,13.07625
141,134,11.70125
141,135,11.264166666666666
141,136,8.266666666666667
141,137,2.2040907372400755
141,138,8.941164972634871
141,139,18.44333333333333
141,140,0.703565945568737
141,142,1.6619226166733145
141,143,2.0213150684931507
141,144,4.886033834586466
141,145,2.56264631043257
141,146,2.5838
141,147,5.309166666666667
141,148,4.670842266462481
141,149,15.84
141,150,19.86
141,151,2.9600665926748055
141,152,4.7621374045801526
141,155,18.92909090909091
141,157,5.73
141,158,4.930133928571428
141,159,4.429677419354839
141,160,6.972647058823529
141,161,1.4626497052435619
141,162,1.274707429322814
141,163,1.288088103086605
141,164,2.3536139169472503
141,165,12.600769230769231
141,166,3.7111631663974154
141,167,5.672
141,168,3.989009009009009
141,169,8.022
141,170,1.898410071942446
141,171,13.98
141,172,21.03
141,173,7.124375
141,174,11.4025
141,177,10.2875
141,178,14.263333333333334
141,179,3.8556551724137935
141,180,10.985
141,181,9.765142857142857
141,182,9.301
141,183,11.51
141,184,11.56
141,185,10.264
141,186,2.815909090909091
141,188,10.915
141,189,8.955
141,190,10.682500000000001
141,191,14.812000000000001
141,192,10.266666666666667
141,193,2.8831818181818183
141,194,4.551944444444445
141,195,9.389999999999999
141,196,7.3256
141,197,11.743333333333334
141,198,6.78
141,200,11.765428571428572
141,201,29.55
141,202,3.7067088607594934
141,203,17.8
141,205,14.4
141,207,8.7
141,208,10.671818181818182
141,209,6.128483412322274
141,210,17.51923076923077
141,211,5.0385596707818925
141,212,7.78
141,213,7.919411764705882
141,214,19.015
141,215,12.3975
141,216,14.182222222222222
141,217,7.046486486486487
141,218,15.040000000000001
141,219,20.5
141,220,9.94125
141,221,18.863333333333333
141,222,13.5
141,223,4.953333333333333
141,224,3.1027766599597584
141,225,8.4
141,226,3.1168727272727272
141,227,12.745000000000001
141,228,11.222903225806453
141,229,0.9574846625766872
141,230,1.9299300046663557
141,231,6.916479400749064
141,232,4.7695710455764075
141,233,1.438690858980248
141,234,2.9786908358509567
141,235,7.883125
141,236,1.0624639378621625
141,237,0.7237787876453824
141,238,2.3635412541254124
141,239,1.9888819095477388
141,240,11.143333333333333
141,241,9.862222222222222
141,242,10.312222222222223
141,243,7.605491329479769
141,244,6.874342105263159
141,245,17.9
141,246,3.570094736842105
141,247,5.303076923076923
141,248,8.40857142857143
141,249,4.338324439701173
141,250,8.583
141,252,10.74
141,254,12.109534883720931
141,255,5.606111111111111
141,256,6.550900900900901
141,257,11.598823529411765
141,258,9.708
141,259,12.342500000000001
141,260,4.1728125
141,261,6.917142857142856
141,262,1.0541975674873925
141,263,0.9866800420368778
142,1,18.156690307328606
142,3,13.797142857142857
142,4,4.812409240924093
142,6,15.42
142,7,4.523658536585366
142,8,5.48
142,9,16.479999999999997
142,10,14.643076923076924
142,11,14.993333333333334
142,12,6.39686274509804
142,13,5.26549537648613
142,14,14.194528301886791
142,15,15.572
142,16,15.566666666666668
142,17,9.41811320754717
142,18,12.38888888888889
142,19,22.55
142,20,11.803103448275863
142,21,13.426666666666668
142,22,13.6925
142,24,2.340528511821975
142,25,8.640487804878049
142,26,12.484615384615383
142,28,12.182380952380951
142,29,18.462222222222223
142,31,11.377272727272727
142,32,11.96875
142,33,8.105668789808917
142,34,8.786
142,35,12.099
142,36,8.183703703703705
142,37,8.38811320754717
142,38,22.038333333333338
142,39,16.814
142,40,9.067045454545454
142,41,3.1105822498586773
142,42,4.422
142,43,1.4135485550637854
142,45,5.618068181818182
142,46,18.064999999999998
142,47,9.1825
142,48,1.0149188961449336
142,49,9.282261904761905
142,50,1.081301775147929
142,51,14.862
142,52,8.868235294117646
142,53,12.280000000000001
142,54,9.143333333333333
142,55,17.482142857142858
142,56,8.667777777777777
142,58,12.18
142,59,8.9
142,60,12.23857142857143
142,61,10.384878048780488
142,62,11.252777777777778
142,63,12.79
142,64,21.82
142,65,7.972560975609756
142,66,7.914144144144144
142,67,11.946666666666667
142,68,1.9094626451724737
142,69,7.386829268292683
142,70,8.941304347826087
142,71,12.287142857142857
142,72,13.143846153846154
142,73,12.3
142,74,3.896192714453584
142,75,2.812109411219286
142,76,14.155999999999999
142,77,10.77
142,78,9.283888888888889
142,79,4.180661861074705
142,80,6.72095238095238
142,81,10.28
142,82,7.069428571428571
142,83,6.616666666666666
142,85,12.837272727272728
142,86,22.366666666666664
142,87,6.401405295315683
142,88,6.503413793103448
142,89,12.466133333333334
142,90,2.541610696517413
142,91,13.423333333333334
142,92,11.505882352941176
142,93,9.848333333333333
142,94,9.05
142,95,9.817925925925927
142,97,8.69721649484536
142,98,15.151666666666666
142,100,1.5662039144287665
142,101,19.43285714285714
142,102,9.3375
142,106,9.521739130434783
142,107,3.194777241009125
142,108,15.908333333333331
142,111,12.91
142,112,5.126219512195122
142,113,3.476643598615917
142,114,3.8402721893491125
142,115,21.36
142,116,4.907526737967914
142,117,26.74
142,118,19.336666666666666
142,119,8.139411764705883
142,120,7.2130769230769225
142,121,14.77
142,122,15.05
142,123,14.363333333333335
142,124,15.842500000000001
142,125,4.151889596602972
142,126,10.89
142,127,8.295381679389312
142,128,8.574651162790698
142,129,6.351171875
142,130,14.290000000000001
142,131,14.37142857142857
142,132,19.06966725043783
142,133,11.112
142,134,12.335333333333333
142,135,13.185454545454546
142,136,8.667692307692308
142,137,3.0389910714285713
142,138,11.045956572769954
142,139,19.322499999999998
142,140,2.0046031746031745
142,141,1.714218942189422
142,143,0.7342143549951503
142,144,4.570650887573965
142,145,3.644808362369338
142,146,3.4898571428571428
142,147,10.073333333333332
142,148,5.312270676691729
142,149,16.215
142,151,2.0628597203428054
142,152,3.937708333333333
142,153,9.682727272727272
142,155,17.445
142,157,7.780454545454545
142,158,3.314841827768014
142,159,6.945555555555555
142,160,8.662727272727272
142,161,1.3785874912157414
142,162,1.594272208638957
142,163,0.8407049110922947
142,164,2.1196430976430976
142,165,13.492857142857144
142,166,2.8451342607570362
142,167,8.388461538461538
142,168,6.913877551020407
142,169,7.33375
142,170,2.2420779569892475
142,171,13.741428571428571
142,172,19.96
142,173,9.010000000000002
142,174,13.27904761904762
142,175,14.7
142,177,10.10888888888889
142,178,13.425714285714287
142,179,5.13745283018868
142,180,11.3
142,181,10.07809885931559
142,182,11.563529411764707
142,183,13.7425
142,184,14.0
142,185,13.209999999999999
142,186,1.9327566281441197
142,187,23.975
142,188,11.449782608695653
142,189,9.719032258064518
142,190,10.826666666666666
142,191,16.1325
142,192,10.49
142,193,4.08906976744186
142,194,7.580526315789474
142,195,9.351666666666667
142,196,8.60153846153846
142,197,12.066923076923077
142,198,8.200000000000001
142,200,10.599081632653062
142,201,27.47666666666667
142,202,4.7021518987341775
142,205,15.7625
142,208,14.88
142,209,6.191079545454546
142,210,16.939285714285713
142,211,4.341
142,212,9.83
142,213,10.435384615384615
142,215,20.55
142,216,15.349375
142,217,7.895882352941176
142,218,19.395
142,219,16.358333333333334
142,220,9.522363636363636
142,221,19.25
142,222,16.16
142,223,6.080098039215686
142,224,3.81978436657682
142,225,9.134473684210526
142,226,4.241966292134832
142,227,11.77
142,228,10.834782608695651
142,229,1.782789661319073
142,230,1.0552896995708154
142,231,4.861335403726708
142,232,5.634011627906976
142,233,2.2319999999999998
142,234,2.7885599721059973
142,235,8.302857142857144
142,236,2.0890116415344946
142,237,1.3316941540273892
142,238,1.4846115381744907
142,239,0.9787664971719133
142,240,10.045
142,241,10.665384615384616
142,242,12.23625
142,243,7.459483568075117
142,244,6.143215785054576
142,246,2.0818741668888294
142,247,6.9295348837209305
142,248,10.67
142,249,3.2181649101053935
142,250,10.8675
142,252,15.107500000000002
142,254,13.683043478260869
142,255,6.528300653594772
142,256,7.541278195488722
142,257,11.347906976744186
142,258,11.1
142,259,14.613333333333332
142,260,5.438148148148148
142,261,5.759447674418604
142,262,2.642450388265746
142,263,2.4172879776328053
143,1,17.338676470588236
143,3,14.153333333333334
143,4,5.06027027027027
143,7,5.185192307692308
143,8,7.9
143,10,17.998
143,11,17.8
143,12,5.556923076923076
143,13,4.8632341269841275
143,14,12.381111111111112
143,16,17.99
143,17,8.965384615384615
143,18,11.771
143,20,9.921428571428573
143,21,16.281666666666666
143,22,11.959999999999999
143,24,2.2101518026565463
143,25,8.100454545454546
143,26,11.771818181818183
143,28,11.3
143,29,18.95
143,31,11.3275
143,32,11.384375
143,33,8.02
143,34,8.076666666666666
143,35,13.768
143,36,8.966666666666667
143,37,8.712666666666667
143,38,18.482727272727274
143,39,18.175
143,40,9.302941176470588
143,41,3.2507105719237437
143,42,4.8218840579710145
143,43,1.7005893719806762
143,45,5.317974683544304
143,46,15.9
143,47,8.196666666666667
143,48,1.1990171858216971
143,49,8.678666666666667
143,50,1.0264418125643666
143,51,15.088
143,52,8.66421052631579
143,53,14.12
143,54,7.97
143,55,20.19666666666667
143,56,13.7425
143,58,14.600000000000001
143,59,8.8
143,60,9.49125
143,61,10.296800000000001
143,62,11.35
143,63,11.763333333333334
143,64,18.6
143,65,7.69
143,66,7.579444444444444
143,67,12.37
143,68,2.1762913907284767
143,69,6.959375
143,70,7.407500000000001
143,71,9.928333333333333
143,72,12.632857142857144
143,74,4.182246153846154
143,75,2.98989816700611
143,76,12.671428571428573
143,77,13.98
143,78,10.557272727272727
143,79,4.61695652173913
143,80,7.3694999999999995
143,81,13.068333333333333
143,82,7.706875
143,83,6.762499999999999
143,85,13.532499999999999
143,86,23.555555555555557
143,87,5.994365079365079
143,88,5.924344827586206
143,89,12.765384615384615
143,90,2.910830769230769
143,91,13.818000000000001
143,92,13.934285714285712
143,93,11.536
143,94,8.870000000000001
143,95,10.736400000000001
143,97,8.700625
143,98,18.75
143,100,1.9615076923076924
143,101,20.1
143,102,7.49125
143,106,9.153333333333334
143,107,3.7146734693877552
143,108,10.1
143,109,22.0
143,112,5.313214285714286
143,113,3.865836909871245
143,114,4.214941176470588
143,115,18.93
143,116,4.845479452054795
143,117,19.16
143,119,7.66
143,120,7.0875
143,121,11.895
143,122,18.76
143,123,15.6
143,124,17.6
143,125,4.1632417582417585
143,126,11.592307692307692
143,127,7.835373134328359
143,128,8.213666666666667
143,129,7.567931034482759
143,130,13.68
143,131,10.7
143,132,20.315306666666665
143,133,10.91
143,134,14.818000000000001
143,135,13.562000000000001
143,136,8.889
143,137,3.605754716981132
143,138,11.579550321199143
143,139,11.333333333333334
143,140,2.3453285151116954
143,141,2.0796930422919506
143,142,0.6753777335984096
143,144,4.949727272727273
143,145,3.7810810810810813
143,146,3.585
143,147,9.841666666666667
143,148,5.473072916666666
143,149,14.3
143,151,1.848348623853211
143,152,4.020033222591362
143,153,8.7
143,155,15.38
143,157,6.766666666666667
143,158,3.334099099099099
143,159,7.572727272727273
143,160,7.8
143,161,1.7934373878722643
143,162,1.9822787738577212
143,163,1.1358228540185895
143,164,2.5693844367015095
143,165,11.700000000000001
143,166,2.819324894514768
143,167,8.790666666666668
143,168,7.0652
143,169,8.032222222222224
143,170,2.653166666666667
143,171,21.21
143,173,10.0375
143,174,11.878333333333332
143,177,20.740000000000002
143,179,5.9845
143,181,9.627727272727272
143,182,10.571538461538463
143,183,12.453999999999999
143,185,12.53
143,186,2.332893023255814
143,188,11.6475
143,189,9.655333333333335
143,190,8.85
143,191,14.8975
143,192,12.9
143,193,4.887272727272727
143,194,7.498888888888889
143,195,10.072
143,196,9.207272727272727
143,197,13.181000000000001
143,198,11.525714285714287
143,200,9.894255319148936
143,202,5.109
143,203,25.0
143,205,19.0875
143,208,12.296666666666667
143,209,5.943404255319148
143,210,19.744999999999997
143,211,4.464436860068259
143,212,10.432222222222222
143,213,12.168000000000001
143,215,13.75
143,216,14.295
143,217,8.049999999999999
143,218,19.45
143,219,17.89
143,220,9.011964285714287
143,223,7.063809523809524
143,224,4.239506172839506
143,225,9.093333333333334
143,226,5.125882352941177
143,227,11.766666666666666
143,228,10.6425
143,229,2.159370165745856
143,230,1.4144516871165644
143,231,4.651754916792738
143,232,5.946125
143,233,2.720364806866953
143,234,3.2244615384615387
143,235,8.443333333333333
143,236,2.289145070002979
143,237,1.7074238733252132
143,238,1.3430408653846153
143,239,0.8542429483767962
143,240,11.52
143,241,10.014285714285714
143,242,12.521818181818183
143,243,7.021171171171171
143,244,5.632379642365887
143,246,1.9402715466351828
143,247,7.100714285714285
143,248,10.411818181818182
143,249,3.5747560975609756
143,250,11.253333333333332
143,251,20.08
143,254,13.450714285714286
143,255,6.658709677419355
143,256,7.423333333333334
143,257,10.828333333333333
143,258,10.78
143,259,12.5425
143,260,5.601111111111111
143,261,5.391692307692307
143,262,2.7611842105263156
143,263,2.566549019607843
144,1,13.962289156626504
144,3,17.6
144,4,1.2891720930232557
144,5,24.0
144,7,8.43609195402299
144,9,13.1
144,10,15.11
144,11,11.793333333333335
144,12,1.816734693877551
144,13,1.7475658492279744
144,14,9.351944444444445
144,15,16.34
144,16,14.16
144,17,4.286486486486487
144,18,14.24
144,19,17.763333333333332
144,20,15.64
144,21,11.023
144,22,10.415833333333333
144,24,7.113488372093023
144,25,3.005909090909091
144,26,8.475
144,28,13.905000000000001
144,29,13.665714285714285
144,31,15.178333333333333
144,33,2.7236069651741297
144,34,2.9791304347826086
144,35,7.0475
144,36,5.0892682926829265
144,37,4.688029197080292
144,38,19.455
144,39,9.0
144,40,3.76811320754717
144,41,8.117628205128204
144,42,9.412478632478633
144,43,4.353839779005525
144,44,26.19
144,45,0.8432774674115455
144,47,12.809999999999999
144,48,3.7000448717948715
144,49,3.51974358974359
144,50,3.918821292775666
144,51,15.4
144,52,3.2969791666666666
144,53,13.366666666666667
144,54,3.7532258064516126
144,55,15.213333333333333
144,56,9.385
144,57,10.6
144,58,20.28
144,60,14.103333333333333
144,61,4.871192660550459
144,62,5.259
144,63,10.138
144,64,16.24
144,65,2.332153846153846
144,66,2.4729260450160773
144,67,8.606666666666667
144,68,2.451765849863866
144,69,10.465
144,70,9.87
144,71,7.452857142857143
144,72,7.013333333333333
144,73,13.13
144,74,8.001900826446281
144,75,6.713577981651376
144,76,8.785
144,77,10.76
144,78,12.520000000000001
144,79,0.9949181034482759
144,80,3.5626875
144,82,7.3549999999999995
144,83,7.343846153846154
144,85,6.378333333333334
144,86,21.7
144,87,1.4676741071428572
144,88,1.9076714285714285
144,89,7.541470588235295
144,90,1.9048466566113624
144,91,7.011111111111111
144,92,12.014666666666667
144,93,1.46
144,94,12.68
144,95,10.153478260869566
144,97,2.928440860215054
144,98,12.3
144,100,2.7329174664107483
144,102,7.795454545454546
144,106,4.735862068965518
144,107,1.4305988909426988
144,108,14.366666666666667
144,111,4.76
144,112,4.450392156862745
144,113,1.0157758620689654
144,114,0.7480833333333333
144,116,9.94
144,119,10.3
144,120,11.54
144,121,12.76
144,123,10.61875
144,124,12.2
144,125,0.8899705593719333
144,126,12.105
144,127,12.830645161290322
144,128,12.73
144,129,8.025333333333332
144,130,13.236666666666666
144,132,17.589065420560747
144,133,8.081333333333333
144,134,11.82
144,135,12.223333333333334
144,136,12.206
144,137,1.9797632058287797
144,138,10.714431818181819
144,139,18.700000000000003
144,140,4.67414976599064
144,141,4.348215297450425
144,142,4.605907384230288
144,143,4.793844492440605
144,145,5.234842105263158
144,146,6.158214285714286
144,147,9.780000000000001
144,148,0.7364015296367113
144,149,11.067
144,150,13.61
144,151,6.7719075144508665
144,152,8.55951219512195
144,155,11.505714285714287
144,157,6.621052631578947
144,158,1.5969463087248323
144,159,14.038
144,160,7.612222222222223
144,161,3.062790697674419
144,162,2.960656934306569
144,163,3.793769784172662
144,164,2.2394871794871793
144,165,8.97181818181818
144,166,7.729906103286385
144,167,12.45
144,168,9.466818181818182
144,169,13.39
144,170,2.280928941524796
144,171,12.065
144,173,10.5025
144,174,16.703333333333333
144,176,16.66
144,177,6.367272727272726
144,178,9.558571428571428
144,179,8.977692307692308
144,181,4.198378378378378
144,182,16.11
144,183,15.41
144,185,14.433333333333332
144,186,2.401505617977528
144,188,5.397777777777778
144,189,3.7473255813953488
144,190,4.817857142857143
144,193,6.171875
144,194,9.35
144,195,5.179411764705883
144,196,8.79076923076923
144,197,11.585
144,198,6.739743589743591
144,200,15.792857142857143
144,201,22.63
144,202,6.638333333333333
144,203,17.2
144,206,16.08
144,208,17.4525
144,209,1.2780417335473515
144,210,14.067142857142857
144,211,0.6448069022185703
144,212,12.26
144,213,12.16
144,214,13.68
144,216,13.13
144,217,3.1552830188679244
144,219,16.72
144,220,13.997826086956522
144,222,16.200000000000003
144,223,9.273333333333333
144,224,1.7142244897959185
144,225,4.955733333333334
144,226,6.085128205128205
144,227,7.887368421052632
144,228,7.038205128205129
144,229,3.373359223300971
144,230,3.3908849902534115
144,231,0.9856960926193922
144,232,1.148054375531011
144,233,2.781412380122058
144,234,1.646818014027316
144,235,12.579999999999998
144,236,5.120487804878048
144,237,3.966754385964913
144,238,6.300405405405406
144,239,5.516751117734724
144,241,15.236666666666666
144,242,15.299999999999999
144,243,11.884366197183098
144,244,10.674158415841584
144,245,14.7
144,246,2.898411689961881
144,247,9.917142857142858
144,248,13.003333333333336
144,249,1.2713191855463148
144,252,6.2
144,254,20.11
144,255,3.297145669291339
144,256,2.734512195121951
144,257,6.5254166666666675
144,258,10.545
144,259,17.2425
144,260,7.376190476190477
144,261,1.4861263507896925
144,262,5.546935779816514
144,263,5.372824207492795
145,1,14.224285714285713
145,3,13.32875
145,4,4.889310344827586
145,6,27.11
145,7,2.203264781491003
145,8,2.49
145,9,10.524285714285714
145,10,12.462666666666667
145,11,13.8675
145,13,8.192142857142857
145,14,13.085416666666667
145,15,12.593333333333334
145,16,12.03
145,17,5.061851851851851
145,18,12.481818181818182
145,19,14.453333333333333
145,20,14.629999999999999
145,21,14.275714285714287
145,22,13.875454545454545
145,24,5.587777777777777
145,25,6.773333333333333
145,26,12.694545454545453
145,28,9.470799999999999
145,29,17.553
145,31,11.465
145,32,12.488
145,33,6.955416666666667
145,34,5.248571428571429
145,35,10.136206896551723
145,36,5.166231884057971
145,37,4.606071428571428
145,38,15.825
145,39,12.960555555555555
145,40,8.405
145,41,6.5536111111111115
145,42,7.271944444444445
145,43,3.4203571428571427
145,45,6.2748275862068965
145,46,16.8
145,47,11.690000000000001
145,48,3.704018691588785
145,49,5.367708333333333
145,50,4.009285714285714
145,51,13.78875
145,52,7.073333333333333
145,53,9.873333333333333
145,54,7.975
145,55,18.446
145,56,6.230238095238096
145,57,8.690000000000001
145,59,11.16
145,60,11.2
145,61,6.406417910447762
145,62,6.974666666666667
145,63,11.123076923076923
145,64,13.386000000000001
145,65,6.549019607843137
145,66,6.668928571428571
145,67,12.492
145,68,3.9524242424242426
145,69,7.635000000000001
145,70,6.342619047619047
145,71,9.103333333333333
145,72,9.863846153846152
145,73,9.241538461538461
145,74,5.865555555555555
145,75,4.57923076923077
145,76,11.165161290322581
145,77,10.984324324324325
145,78,11.1
145,79,4.298863636363636
145,80,3.261264367816092
145,81,17.2
145,82,4.931694915254237
145,83,3.664375
145,85,9.945333333333334
145,86,20.88
145,87,6.722727272727273
145,88,6.9515
145,89,9.958076923076923
145,90,3.883571428571428
145,91,13.866666666666667
145,92,8.61113537117904
145,93,7.252857142857144
145,94,12.636
145,95,6.854716981132076
145,96,8.458333333333334
145,97,6.0272093023255815
145,98,11.18
145,100,3.120166666666667
145,101,15.065
145,102,6.130000000000001
145,106,9.340000000000002
145,107,3.5079761904761906
145,108,15.34
145,112,1.7194618834080717
145,113,3.8901724137931035
145,114,4.756511627906977
145,116,9.934666666666667
145,117,16.94
145,119,7.745
145,121,9.615454545454545
145,122,13.023333333333333
145,123,15.570000000000002
145,124,11.134444444444446
145,125,5.541875
145,126,10.978
145,127,10.629130434782608
145,129,4.677019867549669
145,130,10.31516129032258
145,131,11.673333333333334
145,132,14.028541329011347
145,133,11.141428571428571
145,134,8.5824
145,135,8.765416666666667
145,136,11.1075
145,137,2.9057534246575343
145,138,6.537019438444924
145,139,14.83
145,140,2.6890476190476194
145,141,2.6370297029702967
145,142,3.7244615384615387
145,143,3.9764102564102566
145,144,5.550975609756097
145,146,1.186909090909091
145,147,8.208
145,148,5.434948453608248
145,149,12.3
145,151,5.414444444444444
145,152,7.69375
145,155,11.9
145,157,3.9253333333333336
145,158,4.835555555555556
145,159,8.167142857142856
145,160,5.014482758620689
145,161,2.9175925925925927
145,162,2.641904761904762
145,163,3.214065934065934
145,164,2.997672955974843
145,165,12.65
145,166,6.148548387096774
145,167,9.612857142857143
145,168,7.596000000000001
145,169,10.460769230769232
145,170,2.5105833333333334
145,171,9.783170731707317
145,173,6.545
145,174,13.323333333333332
145,175,12.095384615384615
145,177,7.732857142857143
145,179,2.3576969696969696
145,180,10.005714285714287
145,181,7.600877192982456
145,182,12.337777777777779
145,183,14.003333333333332
145,185,11.932500000000001
145,186,3.432765957446809
145,188,8.080217391304348
145,189,6.606
145,190,8.5
145,191,13.75
145,192,8.093684210526316
145,193,1.4750724637681158
145,194,5.23
145,195,8.742
145,196,5.9540625
145,197,9.874516129032259
145,198,4.648529411764706
145,200,14.2025
145,201,21.13
145,202,2.1334146341463414
145,203,18.278
145,204,30.01
145,205,13.714285714285714
145,207,4.49
145,208,11.71625
145,209,7.017272727272727
145,210,15.626
145,211,5.424516129032258
145,212,9.695714285714287
145,213,10.549333333333333
145,215,13.705
145,216,11.107843137254902
145,217,4.341666666666667
145,218,13.6275
145,219,13.664285714285715
145,220,11.66
145,221,15.0
145,222,10.74
145,223,3.8784431137724553
145,224,3.986774193548387
145,225,4.7813559322033905
145,226,1.5579401993355482
145,227,11.884166666666667
145,228,10.983333333333334
145,229,2.517323943661972
145,230,3.1479268292682927
145,231,6.494
145,232,5.708064516129032
145,233,2.6972093023255814
145,234,3.504731182795699
145,235,11.214
145,236,3.6626785714285712
145,237,2.9171232876712327
145,238,5.158292682926829
145,239,4.261707317073171
145,240,14.69
145,241,11.655
145,242,12.334
145,243,10.578181818181818
145,244,9.644888888888888
145,246,4.115405405405406
145,247,8.756666666666666
145,248,9.988333333333333
145,249,4.498095238095238
145,250,10.258571428571429
145,252,11.31
145,254,15.2475
145,255,2.696290322580645
145,256,3.35
145,257,9.6875
145,258,7.9075
145,259,14.508
145,260,3.0395495495495495
145,261,7.7444444444444445
145,262,3.7544444444444443
145,263,3.725875
146,1,19.91
146,3,12.284
146,4,5.235
146,7,1.306067415730337
146,8,1.8
146,9,10.846
146,10,12.745999999999999
146,11,17.67
146,12,7.6933333333333325
146,13,8.507
146,14,13.783999999999999
146,15,9.945
146,16,11.944615384615386
146,17,6.063529411764706
146,18,11.037142857142857
146,19,13.262857142857143
146,20,10.633333333333333
146,21,17.7
146,22,13.71
146,24,5.058333333333334
146,25,7.7457142857142856
146,28,10.48611111111111
146,31,11.089999999999998
146,32,10.326
146,33,8.21125
146,34,5.17
146,35,13.675
146,36,4.976
146,37,5.4430555555555555
146,38,14.1
146,39,18.37666666666667
146,40,8.2
146,41,5.944444444444445
146,42,6.691538461538461
146,43,2.9556
146,45,7.01235294117647
146,47,10.71
146,48,3.5989473684210527
146,49,5.840909090909091
146,50,3.8473684210526313
146,51,12.69
146,53,7.344285714285713
146,54,9.935
146,56,7.1213043478260865
146,58,10.1
146,60,7.734999999999999
146,61,7.34
146,62,8.315000000000001
146,63,11.345
146,64,14.123333333333335
146,65,6.7989999999999995
146,66,7.021428571428571
146,67,13.463333333333333
146,68,4.767555555555555
146,69,6.956666666666667
146,70,4.461666666666667
146,71,8.3675
146,72,9.523333333333333
146,73,8.99
146,74,5.481481481481482
146,75,4.43375
146,76,11.62625
146,77,13.899999999999999
146,78,8.635
146,79,4.940333333333333
146,80,3.7632432432432434
146,81,13.54
146,82,3.8865277777777774
146,83,3.320555555555556
146,85,11.592
146,86,20.2075
146,87,7.544117647058823
146,88,7.680625
146,89,10.09125
146,90,4.5632142857142854
146,91,9.799999999999999
146,92,7.2976086956521735
146,93,7.126
146,95,7.350232558139535
146,96,11.43
146,97,7.077272727272727
146,98,9.626666666666667
146,100,3.630857142857143
146,102,6.25
146,106,6.6
146,107,3.876
146,112,2.5664814814814814
146,113,4.749090909090909
146,114,5.171489361702128
146,116,7.324545454545455
146,117,22.69
146,119,7.234
146,121,9.613636363636363
146,122,13.525
146,123,15.455
146,124,12.33
146,125,6.395
146,126,7.268888888888889
146,127,9.803999999999998
146,129,3.0607339449541286
146,130,11.56090909090909
146,131,11.543333333333333
146,132,14.87378048780488
146,133,13.32
146,134,8.945
146,135,9.688571428571427
146,136,10.87
146,137,3.54609375
146,138,4.899371980676328
146,139,15.3
146,140,2.285192307692308
146,141,2.0689189189189188
146,142,3.0284615384615385
146,143,3.43875
146,144,6.024193548387097
146,145,1.4430399999999999
146,147,8.67090909090909
146,148,6.1706666666666665
146,149,15.033333333333333
146,151,5.185714285714285
146,152,7.8933333333333335
146,153,10.46
146,157,4.00375
146,158,5.91
146,159,6.3875
146,160,5.090714285714285
146,161,2.7385
146,162,2.3887837837837838
146,163,2.407295081967213
146,164,3.438219178082192
146,166,6.3518181818181825
146,167,6.948
146,168,6.116875
146,169,9.366666666666667
146,170,3.1670833333333333
146,171,7.937333333333333
146,173,5.37
146,174,11.969999999999999
146,175,11.843333333333334
146,177,10.108333333333333
146,179,1.636193181818182
146,180,9.719999999999999
146,181,8.28
146,182,11.746666666666668
146,183,11.08
146,185,11.8775
146,186,4.095161290322581
146,188,8.545
146,189,7.5200000000000005
146,190,7.57
146,191,13.935714285714285
146,192,8.054444444444446
146,193,1.060794701986755
146,194,4.415
146,195,9.65
146,196,5.8273913043478265
146,197,9.634545454545455
146,198,4.977
146,201,25.28
146,202,1.6633333333333333
146,203,16.84
146,205,13.603333333333333
146,207,2.79
146,208,11.07
146,209,7.56
146,210,21.09
146,211,5.872727272727272
146,212,8.046666666666667
146,213,9.05111111111111
146,215,11.866363636363637
146,216,13.219090909090909
146,217,5.04
146,218,13.540000000000001
146,219,15.52
146,220,10.546666666666667
146,222,16.0
146,223,2.3890217391304347
146,224,4.163333333333333
146,225,5.582727272727272
146,226,1.5892198581560284
146,227,11.84
146,228,10.902727272727274
146,229,1.8928688524590165
146,230,3.1891935483870966
146,231,7.909130434782608
146,232,6.071
146,233,2.72
146,234,4.076216216216216
146,235,9.076666666666666
146,236,3.0310810810810813
146,237,2.2409482758620687
146,238,4.726666666666667
146,239,4.1644
146,241,11.033333333333333
146,242,9.781428571428572
146,243,8.2475
146,244,8.541500000000001
146,246,4.8111428571428565
146,247,7.555714285714286
146,248,8.325
146,249,5.328
146,250,10.251538461538463
146,251,20.67
146,252,9.081666666666667
146,254,12.751999999999999
146,255,3.339803921568627
146,256,4.137
146,257,10.64
146,258,10.365555555555554
146,260,2.3295384615384616
146,261,8.19111111111111
146,262,3.0476923076923077
146,263,3.1847368421052633
147,3,6.055
147,7,6.1725
147,9,12.35
147,13,13.35
147,14,20.59
147,17,11.879999999999999
147,18,4.673333333333333
147,19,13.96
147,20,3.24625
147,22,21.21
147,24,5.876666666666666
147,25,11.1
147,26,10.600000000000001
147,31,4.91
147,32,5.031818181818182
147,35,17.103333333333335
147,36,14.916666666666666
147,37,10.925
147,39,21.3
147,41,3.8672222222222223
147,42,3.1613333333333333
147,43,8.4
147,45,29.2
147,47,2.1725
147,48,10.15125
147,49,13.228571428571428
147,50,12.17
147,51,7.479000000000001
147,56,9.87
147,58,5.07
147,59,0.74
147,60,1.3900000000000001
147,61,14.9
147,62,14.13
147,63,20.9
147,65,13.08
147,68,10.287692307692309
147,69,1.9490909090909092
147,70,7.55
147,72,14.9
147,74,3.593703703703704
147,75,4.265333333333333
147,76,16.97125
147,77,16.4
147,78,2.371176470588235
147,79,10.0
147,80,10.4
147,81,7.225
147,82,9.6
147,85,19.75
147,86,17.4
147,87,10.4
147,88,12.2
147,89,19.8525
147,90,12.600000000000001
147,91,15.2
147,93,9.58
147,94,2.335
147,97,13.5
147,100,8.435
147,101,15.44
147,102,15.98
147,107,8.7
147,112,9.1
147,113,9.38
147,116,3.6980555555555554
147,117,19.900000000000002
147,119,3.0625
147,120,5.76
147,122,13.8
147,125,9.6
147,126,1.194
147,127,7.0120000000000005
147,128,6.886666666666667
147,129,7.14
147,130,14.483333333333333
147,134,11.0
147,135,13.8
147,136,5.36
147,137,8.473
147,138,0.44
147,139,13.833333333333334
147,140,6.033529411764706
147,141,5.43
147,142,7.1925
147,143,9.725
147,145,8.5225
147,146,6.195
147,148,9.4
147,151,6.654999999999999
147,152,3.9333333333333336
147,155,17.9
147,158,14.38
147,159,1.187037037037037
147,161,8.192
147,162,6.5825
147,163,6.4
147,164,7.9
147,166,3.9716666666666662
147,167,1.058
147,168,1.6713793103448276
147,169,2.7088888888888887
147,170,7.406000000000001
147,171,8.2
147,174,5.946470588235294
147,177,16.26153846153846
147,179,4.93
147,181,12.142857142857142
147,182,3.4778571428571428
147,183,5.3839999999999995
147,185,5.0928571428571425
147,186,8.73
147,188,18.853333333333335
147,190,13.8
147,191,13.533333333333333
147,192,9.6
147,193,6.9
147,194,3.99
147,196,13.01
147,197,13.35
147,198,16.66
147,200,10.71
147,205,14.3
147,208,5.037777777777778
147,210,3.4
147,212,2.3633333333333333
147,213,3.101304347826087
147,215,14.3
147,217,12.475
147,218,19.25
147,220,7.214285714285714
147,222,18.666666666666668
147,224,8.19
147,225,15.4875
147,226,9.200000000000001
147,227,17.8
147,229,7.295
147,230,7.3
147,231,10.816666666666668
147,232,10.20375
147,233,7.12
147,234,6.949999999999999
147,235,4.560714285714286
147,236,5.138333333333334
147,237,6.605
147,238,6.34
147,239,8.256666666666666
147,240,8.08
147,241,5.366666666666667
147,242,4.810666666666666
147,243,6.092666666666667
147,244,4.58875
147,246,8.6
147,247,2.3138095238095238
147,248,2.4425
147,250,3.7590909090909093
147,254,6.447500000000001
147,256,11.5175
147,258,15.266666666666666
147,259,7.5200000000000005
147,260,6.12
147,261,13.365
147,262,4.806666666666667
147,263,5.3149999999999995
148,1,14.563561643835618
148,3,17.282999999999998
148,4,0.9784935701163503
148,6,12.47
148,7,8.009329268292683
148,9,13.71
148,10,11.255
148,11,11.565000000000001
148,12,2.7046666666666668
148,13,2.844685039370079
148,14,10.05725
148,15,13.435
148,16,14.77
148,17,3.8005860805860805
148,18,15.80375
148,19,16.35375
148,20,14.931999999999999
148,21,12.075
148,22,11.841764705882353
148,24,7.6452409638554215
148,25,3.27254752851711
148,26,8.958571428571428
148,28,12.318
148,29,13.52
148,31,15.95
148,32,14.023333333333333
148,33,3.254153005464481
148,34,3.319736842105263
148,35,6.565
148,36,4.742366071428571
148,37,3.9850359712230214
148,39,13.053
148,40,4.4895689655172415
148,41,8.357705479452054
148,42,9.042754098360655
148,43,5.179705882352941
148,45,0.8591620879120879
148,47,12.1275
148,48,4.010166666666667
148,49,3.767370242214533
148,50,4.2529076923076925
148,51,15.984
148,52,3.857529411764706
148,53,13.932500000000001
148,54,4.640810810810811
148,55,12.772499999999999
148,56,8.501875
148,57,8.54
148,59,10.4
148,60,7.880000000000001
148,61,4.937219730941704
148,62,5.129047619047619
148,63,9.263333333333334
148,64,16.422
148,65,2.7306481481481484
148,66,2.6480075187969927
148,67,10.036666666666667
148,68,2.798359899328859
148,69,10.423846153846153
148,70,9.446666666666667
148,71,7.492727272727273
148,72,7.024285714285715
148,73,11.870000000000001
148,74,7.415704467353951
148,75,6.591866359447004
148,76,9.796666666666667
148,77,6.938
148,78,13.040833333333333
148,79,0.8585691292451312
148,80,3.174272211720227
148,81,17.362857142857145
148,82,7.2904
148,83,6.545000000000001
148,85,6.567317073170732
148,86,17.9
148,87,1.8912906178489703
148,88,2.5197482517482515
148,89,7.951186440677966
148,90,2.2079850347407803
148,91,11.314166666666667
148,92,11.514615384615384
148,93,10.03
148,94,13.07
148,95,9.813611111111111
148,96,16.96
148,97,3.129862542955326
148,98,13.183333333333332
148,100,3.127021276595745
148,101,9.275
148,102,7.742
148,106,4.538717948717949
148,107,1.4377586206896553
148,108,13.665000000000001
148,109,21.62
148,111,7.57
148,112,3.8795431472081217
148,113,1.2982731137088204
148,114,0.9784202898550725
148,116,10.331808510638297
148,118,20.146
148,119,11.463333333333333
148,120,11.1725
148,121,11.834166666666667
148,122,18.4
148,123,12.9475
148,125,1.2838888888888889
148,126,12.270000000000001
148,127,12.400394736842104
148,128,13.325
148,129,7.751363636363637
148,130,13.319285714285714
148,131,14.125
148,132,17.338884057971015
148,133,8.148620689655173
148,134,11.720833333333333
148,135,11.658181818181818
148,136,14.223333333333334
148,137,1.9024602385685885
148,138,10.15861047835991
148,139,5.5
148,140,4.340870561282932
148,141,4.2250459418070445
148,142,5.0777537212449255
148,143,5.3338752783964365
148,144,0.7006034968979132
148,145,5.3832369942196525
148,146,6.1092537313432835
148,147,10.845454545454546
148,149,11.2525
148,150,15.786666666666667
148,151,7.332916666666667
148,152,9.615934065934065
148,153,14.524999999999999
148,155,16.465
148,156,17.7
148,157,5.882439024390244
148,158,1.9568628912071535
148,159,9.397142857142857
148,160,7.3469999999999995
148,161,3.408677811550152
148,162,3.0897650793650793
148,163,4.117752403846153
148,164,2.4662849462365593
148,165,8.85
148,166,8.320373134328358
148,167,11.247777777777777
148,168,8.753571428571428
148,169,11.846666666666666
148,170,2.3467245901639346
148,171,12.874285714285715
148,172,15.82
148,173,10.364444444444445
148,174,17.29
148,175,14.475
148,177,5.765714285714286
148,178,1.75
148,179,8.72038961038961
148,180,13.323333333333332
148,181,4.412990654205608
148,182,13.985
148,183,16.847142857142856
148,184,15.54
148,185,14.991999999999999
148,186,2.6701704545454543
148,187,17.49
148,188,5.620842105263158
148,189,3.941590909090909
148,190,5.01047619047619
148,191,16.036666666666665
148,192,10.0
148,193,5.8125
148,194,9.47
148,195,5.554473684210526
148,196,8.52
148,197,12.5475
148,198,6.405600000000001
148,200,15.37
148,201,21.37
148,202,6.776000000000001
148,203,16.9
148,204,24.72
148,205,17.4625
148,207,8.0
148,208,15.254999999999999
148,209,1.6260911602209944
148,210,17.262777777777778
148,211,1.0081140350877194
148,212,10.909999999999998
148,213,12.3925
148,214,15.1
148,215,14.1
148,216,13.292499999999999
148,217,2.4865573770491802
148,218,13.976666666666667
148,219,15.4
148,220,14.368333333333334
148,221,14.555
148,222,11.35
148,223,8.898351648351648
148,224,1.399789029535865
148,225,4.0854693877551025
148,226,5.923679245283019
148,227,8.5375
148,228,7.141470588235294
148,229,3.3406760772659734
148,230,3.7183311170212767
148,231,1.4336216415163785
148,232,0.8680687637161668
148,233,2.671394495412844
148,234,1.9286615245009076
148,235,11.771428571428572
148,236,5.504750499001997
148,237,4.34835
148,238,6.812230769230769
148,239,5.986488549618321
148,240,16.465
148,241,13.876
148,242,13.629999999999999
148,243,11.966451612903226
148,244,11.316938775510204
148,245,15.75
148,246,3.3260746951219513
148,247,9.77
148,248,12.63
148,249,1.6024682170542637
148,250,13.2025
148,251,17.18
148,252,13.063333333333333
148,254,17.816
148,255,2.9050526315789478
148,256,2.246739543726236
148,257,7.965777777777777
148,258,11.127142857142857
148,259,17.166666666666668
148,260,6.617000000000001
148,261,2.4701223581757508
148,262,5.3354945054945055
148,263,5.377011294526499
149,10,12.875
149,11,4.388333333333333
149,13,9.055
149,14,8.535454545454545
149,17,7.325
149,20,23.3
149,21,2.088235294117647
149,22,3.1978125
149,25,6.435
149,26,3.743529411764706
149,27,8.43
149,28,13.65
149,29,2.663333333333333
149,33,7.825
149,35,4.828571428571428
149,37,6.315
149,39,3.7972727272727274
149,41,16.59
149,45,26.1
149,47,18.9
149,48,12.825
149,49,6.283333333333334
149,50,13.35
149,52,12.676666666666668
149,55,3.563
149,56,14.7
149,61,5.3075
149,62,4.8925
149,63,10.95
149,65,6.8
149,67,5.343333333333334
149,68,12.958333333333334
149,69,4.2
149,71,3.0060000000000002
149,72,3.9499999999999997
149,74,22.5
149,75,19.599999999999998
149,76,7.315
149,78,23.7
149,79,10.99
149,80,9.093333333333334
149,85,2.4210000000000003
149,86,12.228571428571428
149,87,8.79
149,88,10.634
149,89,2.7906666666666666
149,90,11.0
149,91,2.058181818181818
149,92,18.65
149,95,13.036666666666667
149,97,6.4375
149,100,14.666666666666666
149,102,9.8
149,106,5.3
149,107,10.796000000000001
149,108,2.445
149,112,16.4
149,116,17.1
149,117,10.35
149,123,1.272857142857143
149,125,11.6
149,127,24.1
149,128,21.8
149,129,13.5
149,130,14.066666666666668
149,132,14.19
149,133,3.2533333333333334
149,137,11.3
149,140,15.629999999999999
149,141,14.14
149,142,13.9
149,143,14.05
149,144,8.69
149,145,15.046666666666667
149,150,2.1285714285714286
149,155,2.624651162790698
149,158,13.48
149,159,25.3
149,160,14.95
149,161,12.9
149,162,9.933333333333334
149,163,15.850000000000001
149,164,10.9
149,165,1.4645
149,166,19.16
149,170,12.186499999999999
149,173,16.47
149,177,5.720000000000001
149,178,1.51
149,181,5.76875
149,182,26.0
149,186,11.0
149,188,4.111818181818181
149,189,5.23
149,194,19.64
149,195,6.85
149,196,9.2
149,197,14.0
149,198,12.02
149,201,7.45
149,203,17.1
149,205,14.21
149,210,1.676326530612245
149,215,14.54
149,216,11.41
149,219,12.8
149,220,22.8
149,222,5.914285714285714
149,223,19.1
149,225,10.414285714285713
149,227,5.953999999999999
149,228,8.287142857142857
149,229,14.129999999999999
149,231,8.45
149,232,10.700000000000001
149,233,12.284736842105263
149,236,18.723333333333333
149,237,16.8
149,238,15.026666666666666
149,239,15.073333333333332
149,243,22.25
149,244,19.333333333333332
149,249,11.5
149,254,23.675
149,255,9.05
149,256,7.51
149,257,4.89
149,258,14.02
149,259,24.6
150,9,22.6
150,10,13.27
150,11,3.77
150,13,15.21
150,14,7.260625
150,15,24.7
150,17,10.18
150,21,3.2891666666666666
150,22,4.454545454545454
150,26,7.544999999999999
150,29,1.6300000000000001
150,33,8.3
150,34,15.53
150,35,8.79
150,37,10.224285714285713
150,39,6.2775
150,40,12.8
150,42,19.51875
150,45,14.92
150,48,14.8
150,49,9.1
150,50,15.9
150,55,2.737931034482759
150,61,8.053076923076922
150,63,11.65
150,65,10.763333333333334
150,67,7.29
150,68,15.95
150,71,6.461428571428572
150,72,7.616
150,75,18.900000000000002
150,76,7.472727272727273
150,77,6.075
150,79,14.0
150,82,16.1
150,83,13.919999999999998
150,85,5.233333333333333
150,86,11.34
150,87,13.5
150,88,13.9
150,89,4.683
150,91,5.244285714285715
150,92,5.7
150,95,13.895
150,97,12.893333333333333
150,98,17.6
150,100,14.0
150,102,12.366666666666667
150,106,11.9
150,107,12.75
150,108,2.59
150,112,18.16
150,114,17.82
150,117,9.5
150,121,15.8
150,123,2.0366666666666666
150,124,8.64
150,129,16.7
150,130,15.062000000000001
150,131,19.580000000000002
150,132,12.725000000000001
150,133,6.9079999999999995
150,137,10.700000000000001
150,139,13.7
150,140,16.86
150,141,14.4
150,145,16.6
150,148,14.3
150,149,1.904
150,151,19.700000000000003
150,154,0.98
150,155,4.251666666666667
150,160,15.18
150,161,30.045
150,162,18.0
150,164,18.1
150,165,3.0837499999999998
150,168,14.3
150,169,23.4
150,170,15.375
150,175,19.400000000000002
150,177,7.366666666666667
150,178,3.254
150,180,9.22
150,181,7.2
150,186,13.8
150,188,5.803636363636364
150,189,6.9
150,190,5.7
150,191,19.19
150,195,7.8
150,197,12.11
150,201,10.65
150,209,14.0
150,210,1.4813793103448276
150,212,27.4
150,216,10.3925
150,217,13.9
150,218,12.333333333333334
150,219,11.986666666666666
150,220,24.0
150,222,15.133333333333333
150,226,20.47
150,227,9.9
150,228,9.293
150,229,18.75
150,230,18.0
150,231,11.0
150,232,11.55
150,233,13.0
150,235,25.32
150,236,19.08
150,237,16.633333333333333
150,246,16.7
150,254,11.5
150,257,5.9
150,258,10.0
150,263,19.625
151,1,20.680925925925926
151,3,11.74
151,4,7.045098039215686
151,7,6.124193548387097
151,10,19.21
151,12,7.765000000000001
151,13,7.1266
151,14,16.173333333333336
151,15,14.18
151,16,12.18
151,17,11.35
151,18,9.260909090909092
151,19,11.05
151,20,9.164285714285715
151,21,16.25
151,24,0.6929785407725322
151,25,10.51
151,26,14.3325
151,28,14.94
151,29,17.7
151,31,10.276666666666666
151,32,11.806666666666667
151,33,9.652
151,34,7.87
151,35,16.2
151,36,11.45
151,37,10.542222222222222
151,40,8.42
151,41,1.3363910556422258
151,42,2.4775252525252527
151,43,1.6487860576923077
151,44,37.17
151,45,7.799512195121951
151,46,6.0
151,47,6.484444444444445
151,48,3.2193703703703704
151,49,10.213333333333333
151,50,3.1690679611650485
151,51,12.477142857142857
151,52,11.911666666666667
151,53,16.52
151,54,11.11
151,55,18.206666666666667
151,56,11.33
151,58,9.6
151,60,8.718
151,61,12.429230769230768
151,62,13.79
151,63,16.2325
151,65,9.5825
151,66,7.918571428571428
151,67,15.12
151,68,4.387212903225807
151,69,5.561538461538461
151,70,11.0025
151,71,13.2
151,72,15.75
151,74,2.1911820159535895
151,75,1.5693111111111113
151,76,16.93166666666667
151,77,16.166666666666668
151,78,6.9275
151,79,6.678398058252427
151,80,10.411666666666667
151,81,12.415
151,82,8.47695652173913
151,83,8.476666666666667
151,85,12.925
151,86,21.6
151,87,8.377848101265823
151,88,8.423529411764704
151,89,14.223076923076924
151,90,5.2987356321839085
151,91,16.4
151,92,10.486666666666666
151,94,7.2871428571428565
151,95,12.16925925925926
151,97,11.528333333333334
151,100,3.960615384615385
151,101,20.205
151,102,14.043333333333335
151,106,11.13375
151,107,5.727818181818182
151,112,7.2315
151,113,5.976280487804878
151,114,6.611052631578947
151,116,2.6222352941176474
151,117,22.69333333333333
151,119,4.418125
151,120,4.5216666666666665
151,121,15.1
151,122,16.21
151,124,20.2775
151,125,6.469710144927537
151,126,7.217499999999999
151,127,6.5145
151,128,6.863793103448276
151,129,9.062777777777777
151,130,14.70875
151,131,15.5975
151,132,19.615337243401758
151,133,13.87
151,134,13.095
151,135,12.079545454545455
151,136,6.9025
151,137,5.5773755656108595
151,138,9.237247706422018
151,139,19.05
151,140,3.2049891067538123
151,141,2.883926829268293
151,142,1.9077996474735603
151,143,1.8948035417819589
151,144,7.269230769230769
151,145,5.388125
151,146,5.92
151,147,6.968000000000001
151,148,7.7263779527559056
151,152,1.8459310344827589
151,153,7.74125
151,154,26.83
151,158,5.593552631578947
151,159,4.024375
151,160,8.82
151,161,3.507109634551495
151,162,3.638242074927954
151,163,2.788594276094276
151,164,4.487566666666667
151,166,0.9956581920903955
151,167,6.8950000000000005
151,168,4.234038461538462
151,169,6.7505263157894735
151,170,4.528617511520737
151,171,11.19
151,174,11.111
151,175,16.7
151,177,16.1
151,179,6.1883333333333335
151,181,11.623809523809523
151,182,8.686666666666667
151,183,11.594999999999999
151,184,11.0
151,185,11.820000000000002
151,186,4.5505555555555555
151,188,13.700000000000001
151,189,11.127142857142857
151,191,17.849999999999998
151,193,6.045
151,194,7.216666666666666
151,195,10.803333333333333
151,196,11.375
151,197,15.84
151,198,12.3975
151,200,8.948214285714286
151,202,7.4990000000000006
151,205,15.3
151,208,12.08111111111111
151,209,8.33222222222222
151,210,16.983333333333334
151,211,6.886117647058824
151,212,8.72
151,213,8.27
151,214,22.94
151,216,15.784285714285716
151,217,10.193333333333333
151,220,7.7048000000000005
151,223,7.316875
151,224,6.161304347826087
151,225,12.466
151,226,6.029
151,227,14.67
151,228,12.37125
151,229,3.892727272727273
151,230,3.201499330655957
151,231,7.037096774193549
151,232,7.6470666666666665
151,233,4.650775862068966
151,234,5.45819209039548
151,235,6.7094736842105265
151,236,1.757524386141944
151,237,2.7112048192771083
151,238,0.7180696735106026
151,239,1.18765625
151,240,9.254999999999999
151,241,7.8713043478260865
151,242,9.888181818181819
151,243,5.816506666666667
151,244,4.262805164319249
151,246,4.3097643593519885
151,247,4.4479310344827585
151,248,8.68
151,249,6.001461988304094
151,250,8.214444444444446
151,252,13.68
151,254,11.2124
151,255,7.81
151,256,9.751176470588236
151,257,13.92
151,258,14.274999999999999
151,259,12.478
151,260,7.3175
151,261,7.982947368421053
151,262,2.4214123376623373
151,263,2.0414350180505414
152,1,23.515
152,3,10.64
152,4,9.195714285714287
152,7,5.6475
152,10,18.13
152,11,18.05
152,12,8.7
152,13,8.419655172413792
152,14,15.95
152,17,11.45
152,18,10.825555555555557
152,19,15.475
152,20,5.888
152,21,21.6
152,22,15.783333333333333
152,24,1.3791836734693879
152,25,11.672857142857142
152,28,12.833333333333334
152,31,6.9
152,32,8.325714285714286
152,33,13.156666666666666
152,35,17.0
152,36,11.39
152,37,10.585
152,38,21.10222222222222
152,39,23.575
152,40,11.35
152,41,1.2349999999999999
152,42,1.3729427792915532
152,43,3.0095454545454547
152,45,9.447857142857144
152,47,5.9
152,48,5.177671957671958
152,49,12.63
152,50,4.758714285714286
152,51,11.0335
152,52,10.72
152,55,21.68
152,56,9.649999999999999
152,60,6.668571428571428
152,61,13.411249999999999
152,62,14.3
152,63,17.368000000000002
152,65,5.82
152,66,12.05
152,67,16.46
152,68,6.006306818181818
152,69,3.332
152,71,18.8
152,72,15.05
152,74,1.8004851752021565
152,75,2.8145299145299147
152,76,16.908571428571427
152,77,19.9
152,78,5.58
152,79,8.3175
152,80,12.2
152,81,11.083333333333334
152,82,8.3
152,83,9.92
152,85,15.245000000000001
152,86,25.0
152,87,9.860416666666667
152,88,9.514999999999999
152,89,10.700000000000001
152,90,6.931538461538461
152,91,16.5
152,92,11.09
152,94,4.964285714285714
152,95,12.28
152,97,11.77
152,100,5.936296296296296
152,107,7.667090909090909
152,112,9.32
152,113,7.613809523809524
152,114,7.884137931034482
152,116,1.0886122448979592
152,117,18.5
152,119,3.76
152,120,2.3
152,121,13.580000000000002
152,122,15.76
152,123,21.655
152,125,7.7188888888888885
152,126,6.233333333333333
152,127,4.499304347826087
152,128,5.1450000000000005
152,129,9.395
152,130,14.089999999999998
152,132,17.926206896551726
152,134,11.91
152,135,11.7
152,136,5.4
152,137,7.231086956521739
152,138,8.657179487179487
152,140,5.089736842105263
152,141,4.776547619047619
152,142,4.105085714285714
152,143,4.1490967741935485
152,144,8.655
152,145,6.8420000000000005
152,146,6.68
152,147,6.7675
152,148,9.289393939393939
152,151,1.7198576512455515
152,153,5.766666666666667
152,155,18.35
152,157,8.726666666666667
152,158,6.777692307692307
152,159,2.9022222222222225
152,161,5.53090909090909
152,162,6.164878048780488
152,163,5.1874226804123715
152,164,6.549298245614035
152,165,18.1
152,166,0.8887878787878788
152,167,4.336666666666667
152,168,2.6882758620689655
152,169,4.883333333333333
152,170,6.621666666666666
152,171,11.9
152,173,8.4
152,174,9.333076923076923
152,175,16.0
152,179,5.890000000000001
152,181,12.077
152,182,7.54
152,185,8.893333333333333
152,186,6.263617021276596
152,188,15.4
152,189,12.344999999999999
152,191,19.86
152,192,16.6
152,193,7.234999999999999
152,194,3.6999999999999997
152,198,11.333333333333334
152,200,7.566666666666666
152,201,27.0
152,202,7.234999999999999
152,203,21.15
152,205,17.470000000000002
152,208,9.14125
152,209,9.26
152,211,7.744285714285714
152,212,6.6625
152,213,7.261875
152,215,16.25
152,216,15.09
152,219,15.399999999999999
152,220,5.807727272727273
152,222,19.366666666666667
152,223,5.59
152,224,8.5075
152,225,12.877500000000001
152,226,8.63
152,227,15.1
152,228,13.87
152,229,5.834222222222222
152,230,5.317196261682244
152,231,8.296944444444444
152,232,9.545172413793104
152,233,6.5756
152,234,7.064642857142856
152,235,4.822857142857143
152,236,3.486689189189189
152,237,4.680459770114942
152,238,2.3410248447204967
152,239,3.0957992565055763
152,240,7.42
152,241,6.848260869565217
152,242,9.013333333333334
152,243,3.6647208121827415
152,244,2.1806140350877192
152,246,5.6112751677852355
152,247,3.3506666666666667
152,248,6.6775
152,249,7.335454545454545
152,250,7.744545454545454
152,251,32.92
152,254,9.208
152,255,11.61
152,256,11.143333333333333
152,257,13.455
152,259,9.114444444444445
152,260,8.805
152,261,9.071428571428571
152,262,4.152045454545455
152,263,3.7905434782608696
153,3,4.53
153,18,1.7883333333333333
153,24,6.75
153,25,5.7
153,26,23.0
153,31,3.68
153,32,5.213333333333334
153,35,21.1
153,36,21.22
153,41,5.62375
153,42,7.09
153,48,10.452
153,57,15.05
153,60,5.6325
153,61,16.833333333333332
153,62,18.3
153,65,16.303333333333335
153,68,10.925
153,69,4.475
153,70,11.4
153,74,5.72625
153,75,6.85125
153,76,26.55
153,78,4.486666666666666
153,79,12.2
153,80,14.3
153,81,4.675
153,82,15.239999999999998
153,87,14.3125
153,88,14.4
153,91,26.5
153,92,12.83
153,93,18.5
153,94,2.058
153,95,11.033333333333333
153,100,10.035
153,107,13.3
153,116,4.5953333333333335
153,119,4.503333333333333
153,121,7.08
153,125,14.1
153,126,8.995
153,127,1.0075
153,128,0.69
153,130,16.0
153,132,22.7
153,136,1.008
153,137,11.628
153,138,13.01
153,140,11.743333333333334
153,141,8.5
153,142,10.493333333333332
153,143,9.0
153,146,8.8
153,147,10.97
153,148,14.2
153,151,7.292
153,152,5.883333333333333
153,158,11.88
153,159,5.25
153,161,10.6
153,163,9.775
153,166,5.909999999999999
153,167,9.04
153,168,5.956666666666667
153,169,3.7266666666666666
153,170,10.766666666666666
153,174,3.563333333333333
153,182,6.380000000000001
153,184,9.0
153,186,11.102500000000001
153,190,16.3
153,192,15.94
153,200,3.1759999999999997
153,202,11.5
153,208,8.1
153,212,7.42
153,213,6.5
153,215,17.166666666666668
153,216,20.07
153,220,1.075
153,226,13.04
153,229,9.73
153,230,10.0125
153,231,15.235
153,234,11.952000000000002
153,235,1.832
153,236,7.640000000000001
153,237,10.16
153,238,7.32
153,239,8.4675
153,241,1.5142857142857142
153,242,4.4
153,243,2.4666666666666663
153,244,5.1596
153,246,10.3
153,247,4.785
153,248,6.76
153,249,12.0
153,250,11.55
153,254,4.29
153,259,3.7699999999999996
153,262,8.24
153,263,8.79
154,1,25.02
154,6,11.37
154,7,21.83
154,10,10.55
154,11,5.66
154,13,15.575
154,21,4.85
154,26,5.8
154,27,4.22
154,38,14.46
154,39,4.98
154,52,11.475000000000001
154,55,5.7925
154,61,7.17
154,66,17.41
154,71,4.6066666666666665
154,76,7.140000000000001
154,79,19.46
154,86,9.75
154,89,3.3699999999999997
154,91,1.895
154,123,3.942
154,124,8.4
154,132,9.502
154,139,15.99
154,142,14.0
154,149,3.3125
154,150,8.5
154,155,1.6775
154,165,3.8920000000000003
154,181,15.526666666666666
154,191,17.57
154,196,12.96
154,201,4.8425
154,210,2.2416666666666667
154,216,8.43
154,219,8.28
154,231,17.12
154,249,19.65
154,258,9.866666666666667
154,262,26.72
155,4,14.4
155,9,13.4
155,10,10.371111111111112
155,11,7.33
155,13,9.98
155,14,10.152068965517243
155,16,18.049999999999997
155,17,6.10125
155,21,4.00695652173913
155,22,6.0995
155,24,17.55
155,25,6.502307692307692
155,26,5.691666666666666
155,27,6.003333333333334
155,29,6.101025641025641
155,33,7.1
155,34,7.29
155,35,4.327179487179487
155,36,6.88
155,37,8.854285714285714
155,39,2.97
155,41,20.1
155,42,19.75
155,45,10.2
155,48,12.766666666666666
155,49,6.525
155,50,14.4
155,51,13.0
155,52,8.4
155,54,15.7
155,55,6.9775
155,57,13.033333333333333
155,61,5.089032258064516
155,62,4.3870588235294115
155,63,9.495999999999999
155,65,7.13
155,66,7.35
155,67,6.6866666666666665
155,68,14.613333333333335
155,69,25.8
155,71,2.7239999999999998
155,72,2.859032258064516
155,74,20.201999999999998
155,75,17.179523809523808
155,76,5.582539682539682
155,77,7.079999999999999
155,78,21.725
155,79,11.587692307692306
155,80,8.84
155,81,26.8
155,82,13.64
155,85,2.8376470588235296
155,86,10.844444444444445
155,87,9.559999999999999
155,89,3.164509803921569
155,90,14.633333333333333
155,91,1.3758227848101265
155,92,16.64
155,93,12.7
155,94,17.4
155,95,15.8
155,97,6.785555555555556
155,100,13.261000000000001
155,102,15.016666666666666
155,107,11.133333333333333
155,108,5.721875
155,113,12.2
155,117,9.126428571428571
155,119,30.015
155,120,18.5
155,121,13.296666666666667
155,123,3.2304651162790696
155,124,8.165
155,125,6.699999999999999
155,126,20.4
155,128,23.0
155,129,19.96
155,130,12.804285714285713
155,132,10.131428571428572
155,133,4.3375
155,134,9.713333333333333
155,136,21.9
155,137,13.624285714285715
155,138,17.775
155,139,11.8
155,140,16.1255
155,141,16.096
155,142,15.700000000000001
155,143,15.5
155,144,12.35
155,145,10.59
155,146,2.51
155,148,10.9
155,149,1.95
155,150,4.045
155,153,26.02
155,154,3.2
155,157,14.8
155,158,11.8
155,160,12.290000000000001
155,161,13.6
155,162,16.925
155,163,13.87
155,164,12.915
155,165,2.6295454545454544
155,167,12.850000000000001
155,168,20.6
155,169,31.2
155,170,11.767272727272728
155,174,26.7
155,177,4.345
155,178,4.225
155,179,16.0
155,180,8.68
155,181,6.866153846153845
155,182,21.0
155,186,12.7
155,188,4.694186046511628
155,189,5.781428571428571
155,190,5.4
155,191,16.085
155,195,6.342499999999999
155,196,10.5
155,197,11.0
155,198,7.2700000000000005
155,201,6.574545454545454
155,202,18.33
155,203,14.516666666666666
155,205,11.421666666666667
155,209,17.35
155,210,3.137090909090909
155,215,11.0
155,216,9.46125
155,218,10.969999999999999
155,219,11.558
155,220,24.2
155,222,3.808181818181818
155,225,6.298
155,227,14.0475
155,228,11.52875
155,229,10.84
155,230,14.930000000000001
155,231,11.277142857142858
155,232,8.6
155,233,10.9125
155,234,12.966666666666667
155,235,21.15
155,236,15.583333333333334
155,237,13.8
155,241,24.6
155,243,28.3
155,244,21.542857142857144
155,246,20.0
155,249,11.615
155,252,14.5
155,254,24.7
155,256,6.6
155,257,5.051666666666667
155,259,14.6
155,260,13.9
155,261,16.6
155,262,15.8
155,263,4.5
156,17,18.45
156,22,11.32
156,48,23.69
156,123,14.32
156,155,19.47
156,158,13.52
156,206,5.2
156,214,6.851999999999999
156,227,10.89
156,228,11.75
156,238,25.26
157,4,5.558333333333334
157,7,5.1006451612903225
157,9,7.54
157,10,10.376666666666667
157,11,14.768
157,13,9.2975
157,14,13.22625
157,15,10.875714285714285
157,16,9.965
157,17,3.483404255319149
157,18,14.693333333333333
157,19,12.64
157,20,14.205
157,21,15.850000000000001
157,22,15.261666666666665
157,24,10.988888888888889
157,25,6.2754166666666675
157,26,12.474
157,28,6.138
157,30,16.69
157,31,14.9
157,33,6.519444444444444
157,34,4.8975
157,35,5.725
157,36,1.5864893617021276
157,37,2.243333333333333
157,38,12.6
157,39,9.76
157,40,7.02375
157,41,10.984666666666667
157,42,9.567142857142857
157,43,7.755
157,45,5.956363636363636
157,47,10.399999999999999
157,48,7.116197183098592
157,49,4.59025
157,50,7.695161290322581
157,52,7.4475
157,53,7.203333333333333
157,54,7.093333333333334
157,55,18.7
157,56,3.508
157,60,9.895
157,61,4.636610169491526
157,62,5.327333333333333
157,63,3.9577777777777783
157,64,9.884
157,65,6.482857142857144
157,66,5.989285714285714
157,67,11.786666666666667
157,68,7.1405128205128205
157,69,12.01
157,70,5.788
157,71,7.41
157,72,6.505714285714285
157,73,7.07
157,74,8.73076923076923
157,75,8.954210526315789
157,76,5.640909090909091
157,77,4.914285714285714
157,78,11.1
157,79,5.844202898550725
157,80,2.0593478260869564
157,82,2.2125609756097564
157,83,1.8046153846153847
157,85,6.161111111111111
157,86,14.48
157,87,7.498387096774193
157,88,8.09
157,89,10.714285714285714
157,90,7.030833333333334
157,91,11.333333333333334
157,92,6.23
157,93,4.465
157,95,4.452121212121213
157,96,3.58
157,97,5.346666666666667
157,98,6.4325
157,100,6.235625
157,101,11.395
157,102,2.603529411764706
157,106,7.732222222222223
157,107,6.396666666666667
157,108,17.62
157,111,9.5
157,112,3.1366666666666663
157,113,6.324166666666667
157,114,6.08
157,116,12.109230769230768
157,117,18.4
157,119,10.700000000000001
157,120,11.6
157,121,8.31125
157,122,11.02
157,123,14.106
157,124,8.07
157,125,6.582000000000001
157,126,9.75
157,127,14.255
157,128,14.76
157,129,3.845833333333333
157,130,7.680833333333333
157,131,7.7299999999999995
157,132,10.878026315789475
157,133,10.75125
157,134,7.322500000000001
157,135,7.19
157,136,13.095
157,137,5.9944827586206895
157,138,6.233333333333333
157,139,16.0
157,140,6.589583333333334
157,141,6.003448275862069
157,142,7.496296296296297
157,143,6.6410526315789475
157,144,5.7305
157,145,3.895238095238095
157,146,4.416071428571429
157,148,5.597209302325582
157,149,10.055
157,150,18.27
157,151,11.18
157,152,10.825
157,155,9.0
157,158,7.646666666666666
157,159,9.34
157,160,1.8883333333333334
157,161,5.81
157,162,5.592307692307693
157,163,6.965882352941176
157,164,5.891666666666667
157,165,12.9125
157,166,9.592857142857143
157,167,20.490000000000002
157,168,8.305
157,170,5.582000000000001
157,171,8.024285714285714
157,173,4.0452941176470585
157,175,9.736666666666666
157,176,21.58
157,177,3.4716666666666662
157,178,13.3
157,179,6.066428571428572
157,180,5.64
157,181,7.739318181818183
157,182,11.969999999999999
157,185,14.04
157,186,6.62969696969697
157,188,6.2856
157,189,6.147
157,190,9.36
157,191,10.0775
157,192,4.996
157,193,4.663333333333333
157,195,8.465
157,196,2.4294736842105267
157,197,6.084666666666666
157,198,1.831756756756757
157,201,19.99
157,202,6.6933333333333325
157,203,14.383333333333335
157,208,11.82
157,209,7.896666666666667
157,210,17.535
157,211,6.377272727272728
157,213,9.1
157,214,15.37
157,215,8.985
157,216,8.958235294117646
157,217,2.7533333333333334
157,218,10.89
157,219,10.263333333333334
157,222,6.9
157,223,5.768055555555556
157,224,5.8975
157,225,2.8452380952380953
157,226,2.935348837209302
157,227,11.711666666666666
157,228,9.993157894736843
157,229,6.2817647058823525
157,230,6.322068965517241
157,231,7.204137931034483
157,232,5.312758620689655
157,233,5.92
157,234,6.713809523809524
157,235,10.455
157,236,7.54
157,237,5.523333333333333
157,238,9.710588235294118
157,239,8.169473684210526
157,242,16.88
157,243,13.222
157,244,11.937272727272727
157,246,7.020714285714286
157,247,9.316666666666668
157,248,13.254999999999999
157,249,6.765789473684211
157,252,7.797777777777777
157,255,3.035061728395062
157,256,3.1063888888888886
157,257,9.793636363636365
157,258,4.516666666666667
157,259,13.9
157,260,1.8176190476190477
157,261,8.155
157,262,7.1850000000000005
157,263,6.821052631578947
158,1,15.622329317269076
158,4,2.177129186602871
158,6,13.24
158,7,7.3432692307692315
158,10,15.72875
158,11,13.305
158,12,2.5078301886792453
158,13,2.0499234972677596
158,14,9.59125
158,17,6.371025641025641
158,18,14.444285714285714
158,20,13.075999999999999
158,21,10.476666666666667
158,22,10.656666666666666
158,23,20.13
158,24,5.689590163934426
158,25,4.914040404040404
158,26,8.6
158,28,12.475000000000001
158,29,15.6
158,31,14.843333333333334
158,33,4.376806282722513
158,34,4.642666666666667
158,35,10.344999999999999
158,36,7.964285714285714
158,37,6.198
158,39,20.1
158,40,5.328378378378378
158,41,6.653837837837838
158,42,8.129298245614034
158,43,4.389936102236422
158,44,27.37
158,45,2.265705329153605
158,47,11.83
158,48,2.331003086419753
158,49,5.305921052631579
158,50,2.3855529685681027
158,52,5.182121212121212
158,54,5.385416666666667
158,55,15.299999999999999
158,56,9.394
158,58,16.1
158,61,6.893142857142857
158,62,6.999
158,63,10.82
158,65,4.174038461538462
158,66,4.2861688311688315
158,67,9.99
158,68,1.2037893081761006
158,69,10.663333333333334
158,70,11.443333333333333
158,71,9.49125
158,72,9.1825
158,74,7.466024096385541
158,75,6.19
158,76,11.466666666666667
158,77,11.85
158,78,12.2775
158,79,1.6368619528619528
158,80,6.165
158,82,8.571666666666667
158,83,8.6475
158,84,23.2
158,85,8.773333333333333
158,86,22.1
158,87,2.906438455935907
158,88,2.9076070038910506
158,89,8.4703125
158,90,0.9681464811783961
158,91,12.48
158,92,14.585
158,93,12.185
158,95,11.368666666666666
158,97,4.846315789473684
158,100,1.8880614657210402
158,101,18.47
158,106,5.898000000000001
158,107,1.7080670926517572
158,112,6.31622641509434
158,113,1.0549354144241119
158,114,1.169862142099682
158,116,8.3011
158,119,9.9875
158,120,9.43
158,121,14.11
158,123,11.4075
158,124,26.6
158,125,1.1050259515570935
158,126,13.74
158,127,10.950810810810811
158,128,11.086666666666668
158,129,9.508571428571429
158,130,14.09
158,131,13.89
158,132,22.277935606060606
158,133,8.026363636363637
158,134,12.65
158,135,18.03
158,137,2.2745197044334975
158,138,13.19828418230563
158,140,4.879447236180904
158,141,4.489752604166667
158,142,3.394332977588047
158,143,3.2652562225475843
158,144,1.6723298969072167
158,145,5.198888888888889
158,146,5.833749999999999
158,147,9.605
158,148,2.0528743235117255
158,149,11.04
158,150,16.965
158,151,5.269463414634147
158,152,6.953695652173913
158,155,11.855
158,156,18.364166666666666
158,157,9.233333333333333
158,160,9.92
158,161,2.780358744394619
158,162,2.995770423991727
158,163,3.147263325377884
158,164,1.8864599638771824
158,165,10.173
158,166,6.129386792452831
158,167,10.966666666666667
158,168,9.585454545454546
158,169,11.16
158,170,2.3338683127572017
158,171,14.684999999999999
158,172,19.7
158,173,10.5
158,174,14.839999999999998
158,175,17.1
158,177,8.446666666666667
158,178,9.763333333333334
158,179,7.0430769230769235
158,180,19.43
158,181,6.099374999999999
158,182,12.0
158,183,10.606666666666667
158,186,1.3970116487455198
158,188,8.082121212121212
158,189,5.467894736842105
158,190,5.764
158,193,7.165454545454546
158,194,9.72
158,195,5.380416666666666
158,196,10.482
158,197,13.3
158,198,8.596
158,200,12.821666666666667
158,201,20.63
158,202,7.024285714285715
158,206,16.6
158,208,12.755
158,209,2.625889212827988
158,210,18.56
158,211,1.3809386098427194
158,213,8.82
158,214,14.58
158,216,18.505
158,217,4.586470588235294
158,218,18.56
158,220,12.157692307692308
158,221,13.2
158,223,9.03590909090909
158,224,2.0282978723404255
158,225,7.021538461538461
158,226,6.696666666666666
158,227,7.602727272727273
158,228,7.274230769230769
158,229,3.727683615819209
158,230,2.5160381593714924
158,231,1.6560212270256278
158,232,2.8748054919908466
158,233,2.9865962732919256
158,234,1.343155375552283
158,235,11.745
158,236,5.314566160520607
158,237,4.070922413793104
158,238,4.834610051993068
158,239,4.131613259668509
158,240,16.35
158,241,15.326666666666668
158,242,19.2
158,243,9.893125000000001
158,244,8.948382352941177
158,246,1.4184780388151175
158,247,10.803333333333335
158,248,2.14
158,249,0.7077434944237918
158,250,13.7325
158,252,16.24
158,254,15.350000000000001
158,255,5.244964028776978
158,256,4.327121212121212
158,257,7.558636363636364
158,258,12.93
158,259,16.263333333333332
158,260,8.636666666666667
158,261,2.4227097661623107
158,262,5.838898550724638
158,263,5.571480075901328
159,3,6.904999999999999
159,4,9.796666666666667
159,7,5.1975
159,10,16.2
159,12,15.1
159,14,17.5
159,17,12.0875
159,18,4.674137931034483
159,20,3.316521739130435
159,21,20.54
159,22,18.2
159,24,3.878
159,25,12.95
159,28,11.643333333333333
159,29,25.97
159,31,3.35
159,32,6.365833333333334
159,33,10.66
159,35,15.093333333333334
159,36,12.34
159,37,12.681818181818182
159,39,18.485714285714288
159,41,3.393835616438356
159,42,1.8727388535031846
159,43,4.456666666666667
159,45,9.72
159,47,1.935
159,48,9.282
159,49,11.842857142857143
159,50,8.955714285714285
159,51,8.402000000000001
159,53,8.89
159,54,12.3
159,55,20.827272727272728
159,56,10.876666666666667
159,60,2.1848484848484846
159,61,14.01125
159,62,13.3
159,63,15.775
159,64,14.41
159,65,11.198571428571428
159,66,7.82
159,68,9.325454545454546
159,69,1.1649999999999998
159,70,7.95
159,71,17.7075
159,72,16.8375
159,73,9.88
159,74,2.291904761904762
159,75,3.3054666666666668
159,76,16.84090909090909
159,77,15.062000000000001
159,78,2.6839393939393936
159,79,8.235
159,80,10.065
159,81,9.1525
159,82,9.284285714285714
159,85,18.036666666666665
159,86,22.235555555555557
159,87,10.291666666666666
159,88,11.254285714285714
159,89,16.91111111111111
159,90,8.197142857142858
159,91,21.49
159,92,8.4
159,93,8.1
159,94,3.4806666666666666
159,95,9.747777777777777
159,97,8.13
159,100,8.079375
159,106,13.5
159,107,8.547894736842105
159,112,9.32
159,113,8.913333333333332
159,114,8.79
159,116,2.27
159,117,20.004444444444445
159,119,2.0955
159,120,2.6
159,121,13.1
159,122,17.86
159,123,16.7
159,124,15.6
159,125,10.447999999999999
159,126,2.006046511627907
159,127,5.030285714285714
159,128,5.9
159,129,6.874
159,130,13.515
159,131,14.45
159,132,18.459999999999997
159,134,16.3
159,136,5.36
159,137,7.975128205128205
159,138,9.55
159,139,19.1
159,140,5.885384615384615
159,141,5.34
159,142,6.713125
159,143,7.21076923076923
159,144,9.88
159,145,7.682142857142857
159,146,6.859999999999999
159,147,1.2057894736842105
159,148,12.154
159,149,17.2
159,151,3.95
159,152,2.699047619047619
159,153,5.376666666666666
159,157,8.4
159,158,9.3
159,161,6.870833333333334
159,162,6.732222222222223
159,163,7.07
159,164,7.668333333333333
159,165,15.7
159,166,3.5742105263157895
159,167,1.3354761904761905
159,168,1.112560975609756
159,169,2.6906666666666665
159,170,7.611578947368422
159,173,9.37
159,174,6.870645161290323
159,177,16.553333333333335
159,179,4.446666666666666
159,181,13.290000000000001
159,182,4.903888888888889
159,183,6.39
159,185,5.93
159,186,8.68
159,188,13.700000000000001
159,189,14.806666666666667
159,191,16.133333333333333
159,193,5.82
159,194,2.6
159,195,19.3
159,196,9.966666666666667
159,197,12.425
159,198,11.466
159,200,7.390000000000001
159,201,22.5
159,202,11.8
159,203,18.45
159,205,15.625
159,208,5.845625
159,209,10.55090909090909
159,210,22.136363636363637
159,212,3.6404545454545456
159,213,4.24
159,215,13.904285714285715
159,216,19.2
159,217,11.445
159,218,17.666666666666668
159,220,5.702857142857143
159,223,6.04
159,224,9.775
159,225,11.675
159,226,7.656000000000001
159,227,15.9
159,228,16.05
159,229,7.233333333333333
159,230,7.814705882352941
159,231,12.495714285714286
159,232,9.12
159,233,7.0
159,234,8.151
159,235,3.7993181818181814
159,236,3.9894736842105263
159,237,7.720909090909092
159,238,5.051428571428572
159,239,5.22
159,240,7.025
159,241,5.302608695652173
159,242,6.763214285714286
159,243,4.611666666666667
159,244,3.2822000000000005
159,246,8.858181818181817
159,247,1.7167213114754099
159,248,3.1439285714285714
159,249,9.952000000000002
159,250,5.27
159,254,7.776666666666666
159,256,10.6975
159,258,14.8
159,259,8.913333333333334
159,260,6.09
159,261,10.945
159,262,5.2700000000000005
159,263,3.8819047619047615
160,4,8.08
160,7,5.325333333333333
160,9,6.34
160,10,8.1
160,13,11.229999999999999
160,14,13.0
160,15,7.5
160,16,9.145
160,17,4.493333333333333
160,18,15.64
160,19,10.65
160,25,10.23125
160,26,14.59
160,28,4.439
160,29,12.8
160,30,9.13
160,33,7.55
160,35,5.303636363636364
160,36,2.704615384615385
160,37,3.807142857142857
160,38,11.18
160,39,6.608750000000001
160,40,8.7775
160,41,12.059999999999999
160,42,11.959999999999999
160,43,9.245000000000001
160,45,8.52
160,48,7.779999999999999
160,49,7.75
160,51,15.1
160,53,7.175714285714285
160,56,2.556923076923077
160,60,9.969999999999999
160,61,4.545
160,63,3.492
160,64,10.996666666666668
160,65,8.0
160,66,10.09
160,67,14.766666666666666
160,68,9.055
160,69,11.2
160,70,5.254
160,72,5.1
160,74,9.8
160,75,9.155555555555557
160,76,4.289166666666667
160,77,4.800000000000001
160,78,12.39
160,79,8.233333333333333
160,80,4.376666666666666
160,81,14.09
160,82,1.9440449438202247
160,83,2.2729411764705882
160,85,7.1
160,86,12.6
160,87,10.55
160,88,11.05
160,89,11.3775
160,90,6.8
160,91,8.7025
160,92,5.609230769230769
160,93,3.95
160,95,2.256511627906977
160,96,4.16
160,97,7.260000000000001
160,98,6.3425
160,100,8.26
160,101,10.0
160,102,1.829736842105263
160,106,9.49
160,107,6.994545454545454
160,112,5.105625
160,113,7.0425
160,114,8.86
160,116,11.87
160,117,17.106666666666666
160,121,5.0875
160,124,5.54
160,125,11.5
160,126,11.613333333333335
160,127,11.3
160,129,3.3973529411764707
160,130,6.191333333333334
160,131,7.105
160,132,9.611136363636364
160,133,9.73
160,134,2.88
160,135,5.614285714285714
160,136,15.93
160,137,7.070714285714286
160,138,5.994999999999999
160,139,14.12
160,140,6.513125
160,141,6.541666666666667
160,142,10.02
160,144,7.863333333333334
160,145,6.326428571428571
160,146,5.565714285714286
160,148,7.385
160,149,11.9
160,151,10.415
160,155,12.46
160,157,2.28
160,159,10.3
160,161,6.956666666666667
160,162,7.273333333333333
160,163,7.41
160,164,10.1175
160,166,9.0
160,168,8.93
160,170,7.1433333333333335
160,171,7.334999999999999
160,173,3.6566666666666663
160,175,9.496666666666668
160,177,5.353333333333334
160,179,7.7575
160,180,4.336
160,181,9.71
160,182,16.23
160,185,11.17
160,186,7.359999999999999
160,188,8.71
160,189,7.34
160,191,8.6425
160,192,5.465
160,195,9.4
160,196,1.741
160,197,3.9366666666666665
160,198,1.9928947368421053
160,202,5.84
160,205,11.085
160,209,10.030000000000001
160,210,13.62
160,211,8.48
160,213,8.100000000000001
160,215,6.303333333333334
160,216,6.11
160,217,6.52
160,218,9.295
160,222,6.105
160,223,5.776666666666667
160,224,7.65
160,225,3.745
160,226,4.1171875
160,228,11.725
160,229,7.456666666666667
160,230,7.498333333333334
160,231,9.9875
160,232,8.2625
160,233,8.57
160,234,7.78
160,235,14.84
160,236,10.013333333333334
160,237,6.977142857142858
160,238,9.94
160,239,8.785
160,241,15.29
160,242,12.69
160,243,12.01
160,244,11.49
160,249,8.455
160,250,10.57
160,252,7.995
160,255,5.295
160,256,5.872
160,257,9.1
160,258,3.0643589743589743
160,260,3.12
160,261,8.7
160,262,7.99
160,263,8.2975
161,1,18.75664615384615
161,3,13.450000000000001
161,4,3.1860243902439023
161,6,16.41
161,7,4.096678832116789
161,8,4.696666666666666
161,9,14.308000000000002
161,10,15.380294117647058
161,11,15.21
161,12,5.882136752136752
161,13,5.699606512890095
161,14,13.350470588235293
161,15,15.180000000000001
161,16,15.265
161,17,7.703225806451613
161,18,11.222666666666667
161,20,11.968125
161,21,15.150416666666667
161,22,13.887222222222222
161,23,25.92
161,24,3.7246563192904656
161,25,7.328380952380953
161,26,11.876428571428571
161,27,27.9
161,28,11.176521739130434
161,29,19.037222222222223
161,30,27.05
161,31,11.61076923076923
161,32,11.044166666666667
161,33,6.9017403314917125
161,34,7.0773913043478265
161,35,13.156666666666666
161,36,7.7156666666666665
161,37,7.485428571428572
161,38,20.071666666666665
161,39,16.000454545454545
161,40,8.296158192090395
161,41,3.9659584980237157
161,42,5.125431034482759
161,43,1.5391404886561955
161,44,28.93
161,45,4.321846153846154
161,46,16.01
161,47,9.667857142857143
161,48,1.0581777777777777
161,49,8.067720930232557
161,50,1.35615022172949
161,51,13.809565217391304
161,52,7.5468817204301075
161,53,13.228
161,54,7.998
161,55,17.265
161,56,8.187857142857142
161,57,10.2
161,58,12.31
161,60,7.925000000000001
161,61,9.331374045801528
161,62,9.497941176470588
161,63,8.733333333333333
161,64,14.732222222222223
161,65,6.6888148148148145
161,66,6.646222760290557
161,67,13.722608695652173
161,68,1.7582667561821639
161,69,6.888867924528302
161,70,9.225074626865672
161,71,11.535
161,72,13.760625000000001
161,73,13.293333333333335
161,74,3.983604193971166
161,75,2.764326211996713
161,76,12.442916666666667
161,77,13.87
161,78,10.890526315789472
161,79,2.6613842345773038
161,80,6.109407894736842
161,81,14.675
161,82,7.638958333333334
161,83,5.5445161290322575
161,84,39.54
161,85,11.892105263157895
161,86,19.9
161,87,5.462740989103102
161,88,5.843433261955745
161,89,11.880422535211267
161,90,1.802542813787123
161,91,12.222307692307691
161,92,11.575116279069768
161,93,9.629999999999999
161,94,10.055
161,95,9.09911111111111
161,96,9.62
161,97,7.399007936507936
161,98,12.203333333333333
161,100,0.972757341077767
161,101,19.564999999999998
161,102,9.557222222222222
161,106,8.830487804878048
161,107,1.7247993989481594
161,108,17.913
161,109,22.94
161,111,9.9
161,112,4.368851132686084
161,113,2.08925431711146
161,114,2.584295612009238
161,115,16.865
161,116,6.566357142857143
161,117,23.31
161,118,19.713333333333335
161,119,7.793571428571428
161,120,8.47
161,121,11.4985
161,122,16.72
161,123,16.22157894736842
161,124,12.834285714285715
161,125,3.145064319566689
161,126,8.08125
161,127,9.64408
161,128,10.331666666666667
161,129,6.068690476190476
161,130,12.33
161,131,13.87421052631579
161,132,16.950771909460244
161,133,11.68
161,134,11.140769230769232
161,135,10.886315789473684
161,136,9.692
161,137,1.5211568047337278
161,138,10.432626247354097
161,139,18.042666666666666
161,140,1.7561632528278814
161,141,1.4551595301951354
161,142,1.4425501663809621
161,143,1.8282158047906873
161,144,3.0563224107665303
161,145,3.085235294117647
161,146,3.0435416666666666
161,147,7.274444444444445
161,148,3.5826948318293685
161,149,16.521818181818183
161,150,19.88
161,151,3.4485960784313727
161,152,5.307019867549669
161,155,17.7
161,156,23.59
161,157,6.203333333333333
161,158,2.821231130493123
161,159,6.966470588235294
161,160,7.659411764705882
161,162,0.6730673226929077
161,163,0.7686538461538462
161,164,0.9566651144741948
161,165,12.744102564102564
161,166,4.368972677595629
161,167,7.6075
161,168,5.7496
161,169,9.987692307692308
161,170,0.9469173718741085
161,171,12.361666666666666
161,172,20.134999999999998
161,173,8.805833333333334
161,174,13.700000000000001
161,175,14.991666666666667
161,176,22.705
161,177,9.771666666666667
161,178,13.09
161,179,4.454098360655737
161,180,11.668571428571429
161,181,8.959444444444445
161,182,10.630740740740741
161,183,13.163
161,185,11.947
161,186,1.2585901150030727
161,188,10.305285714285715
161,189,8.428828125
161,190,9.225769230769231
161,191,13.703571428571427
161,192,8.5
161,193,3.3393749999999995
161,194,6.623125
161,195,9.400294117647059
161,196,8.194150943396227
161,197,11.573333333333332
161,198,7.007499999999999
161,200,12.0265
161,201,24.675555555555558
161,202,3.9776470588235298
161,203,19.6025
161,204,28.33
161,205,14.676363636363636
161,206,22.1875
161,207,5.24
161,208,11.982692307692307
161,209,5.195805084745763
161,210,16.889411764705883
161,211,2.980372786579683
161,212,22.308
161,213,9.430000000000001
161,214,18.58
161,215,16.220000000000002
161,216,15.899666666666667
161,217,6.481981981981982
161,218,15.584285714285713
161,219,18.26
161,220,11.06404255319149
161,221,18.1375
161,222,12.966666666666667
161,223,5.684343891402715
161,224,2.2946495119787045
161,225,8.450740740740741
161,226,3.701067961165048
161,227,12.189499999999999
161,228,10.262307692307692
161,229,0.8890452029520295
161,230,0.7155092002186191
161,231,4.138864097363083
161,232,4.037403474903475
161,233,0.9575714536209012
161,234,1.4344007844276585
161,235,8.343333333333334
161,236,1.9024465570400821
161,237,1.0529283371183447
161,238,2.8152957625295763
161,239,2.261047441364606
161,240,12.5375
161,241,11.466666666666667
161,242,12.135416666666666
161,243,8.807073170731707
161,244,7.619797468354431
161,245,19.3
161,246,1.9457064669451247
161,247,7.328409090909091
161,248,10.134
161,249,2.4950282795110383
161,250,11.057777777777778
161,251,19.9
161,252,13.503333333333334
161,254,12.59074074074074
161,255,5.831944444444445
161,256,6.1631868131868135
161,257,10.697142857142856
161,258,10.509090909090908
161,259,13.947
161,260,4.904415584415585
161,261,5.831765480895916
161,262,2.4833843763870393
161,263,2.258135593220339
162,1,18.34870769230769
162,3,13.254
162,4,2.800344827586207
162,7,3.676787234042553
162,8,4.12
162,9,12.871666666666668
162,10,13.611739130434783
162,11,14.120000000000001
162,12,5.69109375
162,13,6.025650452488688
162,14,13.008674698795181
162,15,14.185
162,16,15.434285714285716
162,17,7.628842105263158
162,18,12.677000000000001
162,19,12.57
162,20,11.361666666666666
162,21,14.233333333333333
162,22,14.463928571428571
162,23,19.6
162,24,4.008272058823529
162,25,7.023784722222222
162,26,11.395999999999999
162,28,11.422727272727274
162,29,17.94
162,31,11.716153846153846
162,32,11.213333333333333
162,33,6.6615397923875435
162,34,6.915217391304348
162,35,11.557142857142859
162,36,7.1274999999999995
162,37,7.28125
162,38,17.791666666666668
162,39,14.179999999999998
162,40,7.968541666666667
162,41,4.205246800731262
162,42,5.541404494382022
162,43,1.7252872606161533
162,44,29.625
162,45,4.439881516587678
162,46,9.17
162,47,9.35
162,48,1.259797531816429
162,49,8.068970588235295
162,50,1.6044221808014911
162,51,13.955625
162,52,7.28260162601626
162,53,13.247499999999999
162,54,7.735555555555556
162,55,18.38230769230769
162,56,7.765454545454546
162,57,9.91
162,60,8.725714285714286
162,61,8.895357142857144
162,62,9.56
162,63,12.594
162,65,6.43584
162,66,6.4775
162,67,13.595833333333333
162,68,1.8813126252505008
162,69,7.301612903225807
162,70,8.747027027027027
162,71,12.88
162,72,10.71625
162,73,11.64
162,74,3.7787272727272727
162,75,2.7309408099688475
162,76,12.760000000000002
162,77,15.017499999999998
162,78,9.685454545454546
162,79,2.4010856507230254
162,80,5.999428571428571
162,81,14.492857142857144
162,82,6.4985
162,83,5.448333333333333
162,84,29.005
162,85,11.07611111111111
162,86,20.6625
162,87,5.2339942693409744
162,88,5.415683665927569
162,89,11.483382352941177
162,90,1.9207445834604822
162,91,13.284285714285716
162,92,11.981764705882354
162,93,10.81
162,94,10.247499999999999
162,95,9.042014388489209
162,97,7.111609195402299
162,98,11.628125
162,100,1.07883014354067
162,101,17.79
162,102,8.121176470588235
162,106,8.63325
162,107,1.4539014539579969
162,108,18.2
162,111,10.52
162,112,4.084432029795159
162,113,2.1900730411686586
162,114,2.5811306413301662
162,116,6.943658536585366
162,117,22.375
162,118,22.47923076923077
162,119,7.32
162,120,8.290000000000001
162,121,11.40846153846154
162,122,13.8725
162,123,14.544444444444444
162,124,13.511666666666665
162,125,3.294004044489383
162,126,7.611818181818182
162,127,9.582096774193548
162,128,10.573333333333332
162,129,5.909999999999999
162,130,11.860588235294117
162,131,13.067058823529413
162,132,16.570285714285717
162,133,11.231250000000001
162,134,11.02888888888889
162,135,10.6925
162,136,9.512
162,137,1.1782783147911726
162,138,10.011364631476527
162,139,22.630000000000003
162,140,1.5364835307902616
162,141,1.2064759543877044
162,142,1.7324686492296666
162,143,2.120224144710971
162,144,3.00181718061674
162,145,2.8217123287671235
162,146,2.7586854460093897
162,147,6.948571428571428
162,148,3.3681483611270844
162,149,14.854444444444445
162,150,18.6525
162,151,3.6885339168490154
162,152,5.765050505050505
162,153,10.893333333333333
162,155,15.18
162,157,5.633611111111112
162,158,2.9142266949152544
162,159,7.093571428571429
162,160,7.108076923076923
162,161,0.6778014967488653
162,163,0.9704540506919608
162,164,1.1161444855206408
162,165,13.982499999999998
162,166,4.673715277777777
162,167,7.345833333333334
162,168,5.437605633802817
162,169,8.234545454545454
162,170,0.8523313016978669
162,171,12.488
162,172,20.1
162,173,8.45923076923077
162,174,12.778333333333334
162,175,13.778
162,176,21.634999999999998
162,177,9.802608695652173
162,178,12.3475
162,179,4.041052631578947
162,180,12.0
162,181,8.810160427807487
162,182,10.269
162,183,11.906666666666666
162,184,14.59
162,185,12.1
162,186,1.4067718812877263
162,188,10.287380952380952
162,189,8.063168316831684
162,190,8.964444444444446
162,191,15.719999999999999
162,192,9.5525
162,193,3.1867708333333336
162,194,6.42875
162,195,9.0372
162,196,7.117
162,197,10.58
162,198,6.738596491228071
162,200,12.653888888888888
162,201,27.062
162,202,3.938
162,203,21.8
162,204,28.75
162,205,14.66
162,206,18.76
162,207,0.26
162,208,11.24625
162,209,5.117459349593496
162,210,17.388571428571428
162,211,2.9900836320191155
162,212,9.471428571428572
162,213,8.342
162,214,17.93
162,215,13.470769230769232
162,216,12.56421052631579
162,217,6.445526315789474
162,218,15.486
162,219,18.3675
162,220,10.803448275862069
162,222,20.3
162,223,5.2534946236559135
162,224,1.9563870967741934
162,225,7.582549019607843
162,226,3.4630407523510973
162,227,11.74875
162,228,10.419791666666667
162,229,0.7761682376463868
162,230,0.9074496229447397
162,231,4.5295207764634515
162,232,3.6645454545454546
162,233,0.80920830316196
162,234,1.5707167013527576
162,235,9.127272727272727
162,236,1.7800503369326948
162,237,1.0132831140500376
162,238,3.08899964015833
162,239,2.5724576860653836
162,240,12.57
162,241,10.788461538461538
162,242,11.269047619047619
162,243,8.990478468899521
162,244,8.029634551495016
162,245,18.73
162,246,2.0565095693779902
162,247,7.3164
162,248,8.145999999999999
162,249,2.644629991622452
162,250,10.631
162,251,20.633333333333333
162,252,13.045833333333334
162,253,12.24
162,254,13.232666666666667
162,255,5.588950276243094
162,256,5.897702702702703
162,257,10.62125
162,258,11.13875
162,259,13.762857142857143
162,260,4.275875
162,261,5.776739583333334
162,262,2.2017808219178083
162,263,1.9475888157894736
163,1,19.15545966228893
163,3,15.43
163,4,3.8520075757575754
163,6,17.060000000000002
163,7,3.886863157894737
163,8,4.52
163,9,12.26
163,10,16.235454545454544
163,11,15.3725
163,12,6.064630872483222
163,13,5.636436303080766
163,14,13.795531914893617
163,15,13.466
163,16,15.26375
163,17,8.247941176470588
163,18,12.94
163,20,11.0475
163,21,17.06888888888889
163,22,15.79375
163,23,24.305
163,24,3.154981203007519
163,25,8.140608695652174
163,26,11.665833333333333
163,28,12.24
163,29,23.71
163,31,13.418571428571429
163,32,13.76
163,33,7.495979729729729
163,34,8.305
163,35,13.864
163,36,7.4173913043478255
163,37,7.480526315789473
163,38,17.54
163,39,11.7
163,40,8.865168539325843
163,41,3.618872093023256
163,42,4.895458167330677
163,43,1.5011972837741245
163,45,5.118164251207729
163,46,16.735
163,47,8.940000000000001
163,48,1.049934233913971
163,49,8.247222222222222
163,50,1.0674166941603431
163,51,13.96888888888889
163,52,8.364590163934427
163,53,12.4975
163,54,8.927826086956522
163,55,16.319
163,56,9.248571428571427
163,57,10.4
163,58,12.963333333333333
163,60,10.704444444444444
163,61,9.733506493506495
163,62,9.438333333333333
163,63,10.806666666666667
163,64,12.553333333333333
163,65,7.459157894736842
163,66,7.34093567251462
163,67,11.0975
163,68,1.9393664479850048
163,69,7.965714285714286
163,70,9.577741935483871
163,71,12.862
163,72,12.504000000000001
163,73,12.32
163,74,3.831220930232558
163,75,2.618143884892086
163,76,16.12333333333333
163,77,10.933333333333332
163,78,9.955
163,79,3.3114934409687184
163,80,5.870945945945945
163,81,15.63
163,82,6.151666666666666
163,83,5.836875
163,85,11.084
163,86,23.4
163,87,6.1262616822429905
163,88,6.379985486211902
163,89,12.307027027027027
163,90,2.060028355387524
163,91,15.133333333333333
163,92,11.566904761904762
163,93,10.9875
163,94,8.855
163,95,9.368202247191011
163,97,8.175443037974684
163,98,14.78
163,100,1.160696103896104
163,101,16.2
163,102,9.222
163,106,9.51
163,107,2.27054674457429
163,108,12.133333333333333
163,112,4.326930379746836
163,113,2.615899470899471
163,114,3.094512285927029
163,115,17.1
163,116,6.013313253012049
163,117,20.450000000000003
163,118,24.6
163,119,7.474000000000001
163,120,6.0575
163,121,11.190000000000001
163,122,17.01
163,123,15.13
163,124,13.703333333333333
163,125,3.662319277108434
163,126,8.661818181818182
163,127,9.14152
163,128,9.323846153846153
163,129,5.887203389830509
163,130,14.094285714285714
163,131,13.557142857142855
163,132,17.06147058823529
163,133,11.9
163,134,8.942857142857143
163,135,10.455555555555556
163,136,9.536
163,137,2.107305171158048
163,138,10.656704658077304
163,139,14.76
163,140,1.5832630995286943
163,141,1.2889628077527502
163,142,0.9142668806603232
163,143,1.1872152373803715
163,144,3.6710865191146884
163,145,2.9270559610705598
163,146,2.9604444444444447
163,147,7.438571428571429
163,148,4.277634615384615
163,149,14.195
163,150,20.369999999999997
163,151,2.892304177545692
163,152,4.776969696969697
163,153,9.6
163,155,15.25
163,157,6.032608695652174
163,158,3.1593030124040165
163,159,6.3875
163,160,7.261764705882353
163,161,0.7657397012653411
163,162,0.8981312617975897
163,164,1.3906756245268737
163,165,13.657727272727273
163,166,3.790875706214689
163,167,8.568000000000001
163,168,5.768888888888889
163,169,8.775
163,170,1.3771688741721855
163,171,11.064545454545454
163,172,22.21
163,173,7.105714285714285
163,174,13.484444444444444
163,175,13.4
163,177,12.2725
163,178,14.307999999999998
163,179,4.269793103448276
163,180,8.113333333333333
163,181,9.56438596491228
163,182,10.782
163,183,13.072999999999999
163,185,12.421111111111111
163,186,1.445228426395939
163,188,11.093548387096773
163,189,9.132745098039216
163,190,9.52375
163,191,16.458
163,192,10.47
163,193,3.15375
163,194,6.2275
163,195,9.395714285714286
163,196,7.370434782608695
163,197,11.613636363636363
163,198,7.099615384615385
163,200,11.373333333333333
163,201,27.56
163,202,3.9403703703703705
163,203,18.225
163,204,30.57
163,205,15.5
163,206,20.116666666666667
163,207,6.4
163,208,12.596923076923076
163,209,5.885657894736842
163,210,20.063
163,211,3.568644859813084
163,212,9.844
163,213,9.707142857142857
163,214,17.48
163,215,13.665
163,216,13.816785714285714
163,217,6.899310344827587
163,219,15.972
163,220,10.270666666666667
163,221,18.9
163,223,5.488155339805825
163,224,2.9982841823056297
163,225,8.158846153846154
163,226,3.8127419354838707
163,227,12.622857142857143
163,228,10.722307692307691
163,229,0.956483277261033
163,230,0.7988533627342889
163,231,4.622185251798561
163,232,4.735439429928741
163,233,1.403359133126935
163,234,1.973741134751773
163,235,8.21923076923077
163,236,1.7271160323341193
163,237,0.9741727484160718
163,238,2.2587603126356925
163,239,1.6480682421667552
163,240,12.4
163,241,11.162857142857144
163,242,12.152142857142858
163,243,8.216958904109589
163,244,7.031962025316456
163,246,2.1108155953635404
163,247,7.9084
163,248,9.158181818181818
163,249,2.7999843075715964
163,250,11.315000000000001
163,252,12.16
163,254,13.09909090909091
163,255,5.636525821596244
163,256,6.522569444444445
163,257,11.33027027027027
163,258,9.705
163,259,13.275
163,260,4.4739560439560435
163,261,6.102072463768116
163,262,2.2981832543443916
163,263,2.1124123879380603
164,1,17.56860606060606
164,3,14.01375
164,4,2.371263157894737
164,6,17.253333333333334
164,7,5.175114006514658
164,8,8.93
164,9,13.346666666666666
164,10,14.650625
164,11,14.992222222222223
164,12,4.799506172839506
164,13,4.51224376731302
164,14,13.16027027027027
164,15,15.315
164,16,14.787
164,17,7.000490196078431
164,18,12.140526315789472
164,19,15.625
164,20,12.75
164,21,14.82625
164,22,13.718
164,23,19.613333333333333
164,24,4.802314049586777
164,25,6.31861111111111
164,26,10.835714285714285
164,28,11.756470588235295
164,29,17.76076923076923
164,31,12.123333333333333
164,32,12.282857142857143
164,33,5.963594306049822
164,34,6.100357142857143
164,35,9.332857142857142
164,36,6.989016393442623
164,37,7.044310344827586
164,38,15.99
164,39,12.346363636363636
164,40,7.234285714285715
164,41,5.235106837606838
164,42,6.425130208333333
164,43,2.1949931412894377
164,45,3.2150206611570247
164,46,17.13
164,47,8.25
164,48,1.3655296452493177
164,49,6.960225563909774
164,50,1.8074637260591992
164,51,14.2875
164,52,6.706354166666667
164,53,13.275
164,54,7.0922857142857145
164,55,16.16090909090909
164,56,8.21409090909091
164,57,8.935
164,59,12.21
164,60,9.774
164,61,8.023706896551724
164,62,9.178333333333335
164,63,11.658333333333333
164,64,16.4475
164,65,5.440875
164,66,5.7179752066115705
164,67,12.954347826086956
164,68,1.154492080253432
164,69,8.076785714285714
164,70,9.400322580645161
164,71,11.9525
164,72,10.684285714285716
164,73,12.335
164,74,5.045887850467289
164,75,3.803619702176403
164,76,12.748636363636365
164,77,16.89
164,78,11.200000000000001
164,79,1.820898400752587
164,80,5.970608695652174
164,81,15.18125
164,82,7.138936170212765
164,83,6.024
164,84,30.51
164,85,10.694615384615386
164,86,20.387391304347826
164,87,4.497167325428195
164,88,5.011699779249448
164,89,11.059016393442624
164,90,1.0461768754301446
164,91,12.183333333333334
164,92,11.368863636363637
164,93,10.08875
164,94,10.629999999999999
164,95,8.983230769230769
164,96,10.19
164,97,6.095373134328358
164,98,11.852857142857143
164,100,0.7549239222316145
164,101,16.705
164,102,8.047142857142857
164,106,7.719117647058823
164,107,1.0070675803402647
164,108,15.823333333333332
164,109,23.95
164,112,4.165621468926554
164,113,1.267340206185567
164,114,1.7218955282944202
164,116,7.594921465968586
164,117,19.575
164,118,19.71
164,119,8.462857142857143
164,120,8.88
164,121,11.7625
164,122,16.128333333333334
164,123,14.844999999999999
164,124,14.5475
164,125,2.2695434298440977
164,126,10.19375
164,127,10.209767441860464
164,128,10.86
164,129,7.3319148936170215
164,130,12.2825
164,131,11.416
164,132,16.560487920416865
164,133,10.135263157894736
164,134,10.505
164,135,10.413636363636364
164,136,10.973076923076924
164,137,0.8941045796308954
164,138,9.953513735137351
164,139,17.274
164,140,2.6033153928955866
164,141,2.3417247448081664
164,142,2.2323489395758305
164,143,2.612031586503948
164,144,2.233535045711798
164,145,3.3872427983539097
164,146,3.8163636363636364
164,147,9.686666666666667
164,148,2.661419543023821
164,149,13.4375
164,150,21.16
164,151,4.425690021231422
164,152,6.534239130434782
164,153,11.105
164,155,16.171818181818182
164,156,22.15
164,157,5.552222222222222
164,158,1.88766757493188
164,159,7.0928571428571425
164,160,6.993962264150944
164,161,0.9474051483510804
164,162,1.1139500520291363
164,163,1.3918063829787233
164,165,12.078571428571427
164,166,5.43812854442344
164,167,8.14
164,168,6.815531914893617
164,169,10.031818181818181
164,170,0.6481795101553166
164,171,12.340344827586208
164,172,19.23
164,173,9.256
164,174,13.851111111111111
164,175,15.234
164,176,22.1075
164,177,10.279166666666667
164,178,12.508333333333333
164,179,5.322300884955752
164,180,10.97
164,181,7.693276595744681
164,182,11.822727272727274
164,183,13.029
164,185,11.718
164,186,0.6768020154119739
164,187,18.28
164,188,9.091346153846153
164,189,7.170444444444445
164,190,7.283333333333334
164,191,16.84
164,192,10.245
164,193,3.8713333333333333
164,194,7.018571428571429
164,195,8.272641509433962
164,196,8.200312499999999
164,197,12.815454545454545
164,198,7.177317073170731
164,200,13.08952380952381
164,201,18.75
164,202,4.701739130434783
164,203,4.53
164,205,15.360000000000003
164,206,19.47
164,207,10.225
164,208,12.665
164,209,4.12294
164,210,18.479166666666668
164,211,2.134102431453699
164,212,10.16375
164,213,11.06090909090909
164,214,16.939999999999998
164,215,13.8
164,216,14.405882352941177
164,217,5.714736842105263
164,218,16.3
164,220,11.215277777777779
164,222,20.54
164,223,6.82584699453552
164,224,1.5430883919062832
164,225,7.340533333333333
164,226,4.257355769230769
164,227,10.321
164,228,9.73972972972973
164,229,1.6073992874760208
164,230,1.0628593061674008
164,231,2.943682588597843
164,232,3.2595369211514393
164,233,1.044934362934363
164,234,0.7875545599075011
164,235,9.595217391304347
164,236,2.823800200803213
164,237,1.8839386239249414
164,238,3.825781370284834
164,239,3.1251273712737127
164,240,14.3825
164,241,12.065555555555555
164,242,12.995
164,243,9.64221590909091
164,244,8.590029761904763
164,245,19.23
164,246,1.3629083665338644
164,247,8.3084
164,248,10.891666666666666
164,249,1.6473917931422148
164,250,13.112857142857141
164,251,18.18
164,252,13.9625
164,253,10.280000000000001
164,254,13.859166666666667
164,255,5.623296296296296
164,256,5.293723076923077
164,257,9.746857142857143
164,258,9.918181818181818
164,259,14.362222222222222
164,260,5.854285714285715
164,261,4.627307692307692
164,262,3.42145305514158
164,263,3.237397521448999
165,4,11.44
165,7,18.965
165,10,11.84
165,11,3.242
165,13,7.788333333333334
165,14,5.5553333333333335
165,17,6.168888888888889
165,21,2.453333333333333
165,22,2.435581395348837
165,25,5.5525
165,26,2.4160526315789475
165,29,3.1254999999999997
165,33,5.836923076923076
165,34,7.26
165,35,4.536428571428571
165,36,7.640000000000001
165,37,7.755
165,38,17.428888888888892
165,39,4.091351351351351
165,41,16.285
165,42,17.5
165,47,18.4
165,48,11.338
165,49,5.1775
165,50,12.25
165,51,22.85
165,54,4.77
165,55,3.9577777777777774
165,56,14.079999999999998
165,60,18.1
165,61,4.3725000000000005
165,62,3.6820833333333334
165,63,9.120000000000001
165,65,6.095
165,67,3.0866666666666664
165,68,10.326666666666666
165,69,18.8
165,71,2.672571428571428
165,72,3.4825714285714287
165,73,13.5
165,74,17.25
165,75,14.65
165,76,5.543333333333333
165,77,5.4325
165,78,19.3
165,79,9.895000000000001
165,80,7.883333333333333
165,81,23.9
165,82,12.336666666666666
165,83,14.62
165,85,2.18
165,86,14.344444444444443
165,87,7.715
165,88,8.6
165,89,2.526060606060606
165,90,10.377272727272727
165,91,1.7216666666666667
165,93,11.7
165,95,12.5
165,96,7.7
165,97,5.212307692307693
165,100,10.809999999999999
165,106,4.3
165,107,10.1
165,108,2.913529411764706
165,113,10.35
165,114,8.399999999999999
165,116,17.759999999999998
165,117,9.475
165,119,20.68
165,120,21.78
165,121,11.6
165,123,1.9804347826086957
165,124,8.44
165,125,10.0
165,129,14.3
165,130,14.399999999999999
165,132,14.36
165,133,2.142692307692308
165,134,14.633333333333333
165,135,15.282
165,136,21.55
165,137,11.5725
165,140,12.368108108108109
165,141,10.493333333333334
165,142,12.51875
165,143,11.616666666666667
165,144,7.0
165,147,6.0
165,148,8.8475
165,149,1.5127083333333333
165,150,3.643125
165,151,14.5
165,154,1.6
165,155,2.4353846153846157
165,159,15.4
165,160,8.7
165,161,11.450555555555555
165,162,12.059999999999999
165,163,11.8
165,164,11.075
165,166,17.299999999999997
165,167,19.11
165,169,19.3
165,170,10.826774193548387
165,176,14.63
165,177,5.582222222222223
165,178,1.1841379310344828
165,180,8.67
165,181,4.4309375
165,182,21.3
165,185,19.5
165,186,10.0
165,188,3.113125
165,189,4.050000000000001
165,190,3.533333333333333
165,192,15.9
165,195,5.03
165,196,12.1
165,197,10.3
165,198,7.6499999999999995
165,202,13.55
165,203,14.9
165,205,14.275
165,208,14.833333333333334
165,209,8.666
165,210,2.462
165,211,8.965
165,212,18.7
165,213,27.7
165,215,15.68
165,216,9.394444444444444
165,217,7.5
165,218,12.15
165,220,21.5
165,222,7.2272727272727275
165,223,13.114285714285714
165,224,9.85
165,225,6.491428571428571
165,226,9.55
165,227,4.742857142857143
165,228,5.520833333333333
165,229,12.3
165,230,11.761666666666665
165,231,9.0
165,232,7.859999999999999
165,233,9.1025
165,234,10.18
165,235,24.46
165,236,15.6
165,237,14.772
165,238,13.9
165,239,13.3
165,241,21.1
165,243,19.8675
165,244,18.02857142857143
165,246,11.272499999999999
165,249,8.965
165,255,9.046666666666667
165,256,9.0
165,257,3.184
165,260,14.36
165,261,8.128
165,262,10.633333333333333
165,263,12.95
166,1,22.339333333333332
166,3,9.958181818181817
166,4,7.47046875
166,7,5.995454545454545
166,10,18.6
166,12,8.924666666666667
166,13,8.065232558139535
166,14,15.71875
166,16,14.788333333333334
166,17,11.51
166,18,8.34681818181818
166,20,8.112222222222222
166,21,19.236363636363635
166,22,23.4
166,24,0.7521899441340782
166,25,11.62625
166,26,14.97
166,28,14.455
166,31,10.22888888888889
166,32,9.3675
166,33,10.444642857142856
166,34,12.11
166,35,17.7
166,36,12.41
166,37,12.253636363636362
166,38,18.7075
166,39,14.475
166,40,11.485714285714286
166,41,1.13296833064949
166,42,1.7628372093023255
166,43,2.2811350574712645
166,45,8.681951219512195
166,47,5.85
166,48,4.288131736526946
166,49,12.441666666666668
166,50,4.150681318681318
166,51,11.060333333333334
166,52,10.081666666666667
166,53,12.270000000000001
166,55,16.48888888888889
166,56,10.495000000000001
166,60,7.38
166,61,12.740588235294117
166,62,13.408235294117647
166,65,10.4175
166,66,9.9675
166,67,13.776666666666666
166,68,5.509423328964613
166,69,3.8602631578947366
166,70,7.555
166,71,15.514444444444443
166,72,15.76
166,74,1.772820668693009
166,75,1.9684219703574544
166,76,16.00952380952381
166,77,16.625
166,78,7.043529411764705
166,79,7.617695035460993
166,80,10.125
166,81,11.545833333333334
166,82,8.840833333333334
166,85,15.040000000000001
166,86,21.226666666666667
166,87,9.2135
166,88,9.322156862745098
166,89,14.829600000000001
166,90,6.149421052631579
166,91,19.236250000000002
166,92,10.775416666666667
166,94,5.946666666666666
166,95,11.475882352941177
166,96,13.69
166,97,10.873478260869565
166,98,13.925
166,100,5.23529702970297
166,102,16.87
166,106,11.814285714285715
166,107,6.7072486772486775
166,112,8.90576923076923
166,113,7.0547619047619055
166,114,7.398389261744966
166,116,1.653658536585366
166,117,25.725
166,119,4.4202941176470585
166,120,2.805
166,121,11.683333333333332
166,123,16.9
166,125,7.22304347826087
166,126,5.101538461538462
166,127,5.34501872659176
166,128,5.819999999999999
166,129,7.7664285714285715
166,130,14.195714285714287
166,131,16.2
166,132,18.6345197740113
166,133,15.6
166,135,12.85
166,136,6.176666666666667
166,137,6.484774774774774
166,138,8.428510638297873
166,140,4.035140388768898
166,141,3.793048780487805
166,142,2.761048951048951
166,143,2.763122977346278
166,144,7.814285714285714
166,145,6.504893617021277
166,146,6.293
166,147,5.752
166,148,8.558551724137931
166,149,8.6
166,151,0.9344391143911439
166,152,1.0703877790834313
166,153,5.5
166,155,29.9
166,157,8.36
166,158,6.377058823529412
166,159,3.2817241379310347
166,160,9.14
166,161,4.42013201320132
166,162,4.566112676056338
166,163,3.793159303882195
166,164,5.609442815249267
166,165,21.9
166,167,4.7943999999999996
166,168,3.109
166,169,5.301666666666666
166,170,5.436842105263158
166,171,10.75
166,173,11.215
166,174,9.748571428571429
166,175,14.3
166,177,15.584285714285715
166,179,5.725789473684211
166,180,17.7
166,181,11.986923076923079
166,182,7.477500000000001
166,183,9.0
166,184,12.0525
166,185,9.702727272727273
166,186,5.571463414634146
166,188,13.346
166,189,12.513636363636364
166,191,17.1
166,192,17.35
166,193,6.476666666666667
166,194,4.305
166,195,11.428333333333333
166,196,10.393333333333333
166,197,13.8275
166,198,11.102857142857143
166,200,7.556444444444445
166,201,21.2
166,202,7.234285714285714
166,203,21.269166666666667
166,205,17.271428571428572
166,208,9.452142857142858
166,209,9.126875
166,211,7.549416666666667
166,212,6.9255555555555555
166,213,7.509714285714285
166,215,14.873636363636363
166,216,15.793333333333335
166,217,11.94
166,218,15.2
166,219,1.5
166,220,6.605769230769231
166,222,15.4
166,223,6.93
166,224,7.216585365853659
166,225,12.455454545454545
166,226,7.008125
166,228,13.016666666666666
166,229,4.832199312714777
166,230,4.316416083916083
166,231,7.7389
166,232,8.394266666666667
166,233,5.607990654205607
166,234,6.438
166,235,4.8116666666666665
166,236,2.5489613526570047
166,237,3.4557235023041475
166,238,1.3157855085309107
166,239,1.9778665496049166
166,240,9.45
166,241,7.498
166,242,8.774545454545454
166,243,4.30316258351893
166,244,2.9751966527196654
166,245,21.43
166,246,5.207367346938776
166,247,3.1122222222222224
166,248,7.15
166,249,6.726359447004609
166,250,8.804444444444444
166,252,12.06
166,254,10.276428571428571
166,255,9.659
166,256,10.91
166,257,12.515714285714285
166,258,14.82888888888889
166,259,10.218333333333334
166,260,8.008000000000001
166,261,8.700208333333334
166,262,3.2622801302931594
166,263,2.914646302250804
167,3,6.228888888888889
167,4,11.083333333333334
167,7,7.3116666666666665
167,10,13.725
167,11,24.924999999999997
167,13,12.494615384615384
167,14,17.608
167,15,11.025
167,17,12.622222222222222
167,18,3.5763157894736843
167,20,2.7523809523809524
167,24,5.388
167,25,11.933333333333332
167,28,13.273333333333333
167,31,4.0649999999999995
167,32,4.036923076923077
167,33,8.9
167,35,16.144375
167,36,10.4
167,37,15.006
167,38,11.666666666666666
167,39,18.43166666666667
167,41,3.71734375
167,42,3.0317857142857143
167,43,4.0
167,45,10.93
167,46,8.92
167,47,1.4327777777777777
167,48,9.623636363636363
167,49,12.0
167,50,9.847692307692306
167,51,7.508421052631578
167,53,8.1
167,55,17.557142857142857
167,56,8.516666666666667
167,57,9.85
167,60,1.3804761904761904
167,61,15.326153846153847
167,63,15.333333333333334
167,65,13.516666666666666
167,68,9.92590909090909
167,69,1.3060526315789474
167,71,18.13
167,72,19.614285714285717
167,74,3.561698113207547
167,75,4.593333333333334
167,76,16.215384615384615
167,77,15.171428571428573
167,78,1.900625
167,79,9.133333333333333
167,80,13.04
167,81,8.143333333333333
167,82,6.9
167,85,16.2
167,86,24.985999999999997
167,87,12.363333333333333
167,88,11.0
167,89,18.5
167,90,11.5
167,91,20.0
167,92,8.92
167,94,2.942105263157895
167,95,12.04
167,96,13.8
167,97,11.715714285714286
167,98,12.65
167,100,8.913181818181819
167,101,14.3
167,102,14.7
167,107,9.135625
167,112,12.055
167,113,7.175
167,114,9.899999999999999
167,116,3.63625
167,117,24.8
167,119,1.8471428571428572
167,121,14.05
167,122,9.4
167,123,6.6
167,125,11.968571428571428
167,126,1.7154054054054053
167,127,4.596666666666667
167,128,5.566666666666666
167,129,6.899285714285715
167,130,13.014
167,131,14.65
167,132,24.33
167,134,11.8
167,136,3.9400000000000004
167,137,10.206
167,138,8.216666666666667
167,139,18.05
167,140,6.355833333333333
167,141,6.423333333333333
167,142,7.773000000000001
167,143,8.763
167,145,7.595714285714286
167,146,6.623333333333334
167,147,1.3735714285714287
167,148,11.215
167,149,28.32
167,151,5.609999999999999
167,152,3.2414285714285715
167,153,6.0
167,155,20.95
167,158,11.676666666666668
167,159,1.2394827586206896
167,160,13.120000000000001
167,161,8.661428571428571
167,162,7.12
167,163,7.866
167,164,9.1325
167,166,4.633076923076922
167,168,2.238507462686567
167,169,1.85
167,170,7.671250000000001
167,171,10.3
167,173,9.78
167,174,5.142380952380952
167,177,16.791818181818183
167,179,5.95
167,180,16.48
167,181,17.463076923076922
167,182,3.2775
167,183,5.9628571428571435
167,185,4.57625
167,186,9.3476
167,188,15.933333333333332
167,189,13.7
167,191,17.0
167,192,11.719999999999999
167,193,5.5
167,196,12.39
167,197,11.133333333333333
167,198,12.65
167,200,7.708
167,202,5.6
167,203,18.9
167,205,17.92
167,208,5.4455
167,209,11.225
167,212,1.9
167,213,2.926923076923077
167,214,6.0
167,215,15.275
167,216,15.128235294117648
167,217,14.2
167,218,14.9
167,220,6.43
167,222,18.175
167,223,4.9825
167,224,8.8
167,225,16.418333333333333
167,226,9.0
167,227,17.1
167,228,14.845
167,229,8.18
167,230,9.399
167,231,11.611739130434783
167,232,9.856
167,233,7.877222222222222
167,234,9.6448
167,235,2.838857142857143
167,236,5.424285714285714
167,237,5.825
167,238,6.220000000000001
167,239,7.470909090909092
167,240,5.88
167,241,4.725625
167,242,4.3621428571428575
167,243,4.057619047619047
167,244,3.3857746478873243
167,246,9.55111111111111
167,247,1.8065625
167,248,2.1757142857142857
167,249,10.391666666666667
167,250,4.462000000000001
167,252,6.5
167,254,6.931428571428571
167,256,12.3
167,258,14.270000000000001
167,259,8.738
167,261,11.58
167,262,5.435
167,263,5.613
168,3,8.486315789473684
168,4,8.16
168,7,4.560625
168,9,12.0
168,10,14.068461538461538
168,11,15.0
168,12,10.56
168,13,11.1375
168,14,18.386666666666667
168,15,9.9
168,17,11.81
168,18,6.331739130434783
168,20,5.396315789473684
168,21,24.42
168,22,17.47
168,24,3.2731818181818184
168,25,10.56
168,26,17.486666666666668
168,28,12.263333333333334
168,29,25.25
168,31,6.895
168,32,7.062631578947368
168,33,11.158888888888889
168,34,11.08
168,35,16.5884375
168,36,10.565999999999999
168,37,11.5915
168,38,17.46
168,39,15.8325
168,40,12.65
168,41,2.1741791044776115
168,42,1.7775956284153005
168,43,3.7358333333333333
168,45,9.40388888888889
168,46,10.350000000000001
168,47,3.221323529411765
168,48,8.230666666666666
168,49,10.79
168,50,7.7029411764705875
168,51,9.000263157894736
168,53,9.196666666666667
168,54,20.3
168,55,19.483333333333334
168,56,9.455
168,58,7.4975
168,59,2.91
168,60,3.1478125
168,61,13.52909090909091
168,62,12.452222222222224
168,63,15.181428571428572
168,65,10.62
168,66,10.98
168,67,16.85
168,68,8.130476190476191
168,69,2.074418604651163
168,70,6.7128571428571435
168,71,15.9
168,72,15.373333333333335
168,73,13.39
168,74,1.641025641025641
168,75,2.5974213836477986
168,76,15.772702702702704
168,77,13.74
168,78,4.105384615384616
168,79,7.829615384615384
168,80,10.030000000000001
168,81,8.8256
168,82,8.186363636363636
168,83,6.855
168,85,14.65
168,86,21.78333333333333
168,87,10.09
168,88,10.664666666666667
168,89,16.432
168,90,8.13904761904762
168,91,18.246666666666666
168,92,9.281428571428572
168,94,4.908888888888889
168,95,9.3125
168,97,11.02
168,100,7.278918918918919
168,101,16.5
168,102,11.695
168,106,12.0
168,107,7.6651612903225805
168,112,9.116
168,113,7.775789473684211
168,114,8.955714285714285
168,116,2.5273529411764706
168,117,21.963333333333335
168,119,2.5932
168,120,3.455
168,121,11.3775
168,122,12.9
168,125,9.125
168,126,2.786153846153846
168,127,5.070416666666667
168,128,5.67
168,129,6.482173913043479
168,130,14.113999999999999
168,131,13.9625
168,132,17.545
168,133,14.850000000000001
168,134,12.4175
168,135,11.406666666666666
168,136,5.111282051282052
168,137,6.643958333333334
168,138,7.005
168,139,20.1
168,140,4.5929166666666665
168,141,4.538260869565217
168,142,6.3100000000000005
168,143,7.123333333333333
168,144,8.71235294117647
168,145,7.335
168,146,5.412000000000001
168,147,1.6833333333333333
168,148,8.81952380952381
168,149,18.2
168,150,1.5
168,151,3.601388888888889
168,152,2.349433962264151
168,153,6.287777777777778
168,155,9.4
168,157,8.11
168,158,10.278
168,159,1.166516853932584
168,160,11.25
168,161,6.274545454545454
168,162,6.024242424242424
168,163,6.737272727272727
168,164,6.8675
168,165,14.7
168,166,2.9119512195121953
168,167,2.0096153846153846
168,169,3.8161250000000004
168,170,6.518823529411765
168,171,10.786666666666667
168,173,7.771428571428572
168,174,7.664545454545455
168,177,15.930000000000001
168,179,3.8449999999999998
168,180,15.0325
168,181,12.075625
168,182,5.760444444444445
168,183,7.257777777777777
168,184,8.120000000000001
168,185,6.786981132075471
168,186,7.74896551724138
168,188,14.237777777777776
168,189,12.55
168,190,13.44
168,191,15.652916666666668
168,193,6.715
168,194,2.77
168,195,13.12125
168,196,9.271666666666667
168,197,14.063749999999999
168,198,10.435714285714285
168,200,8.444444444444445
168,201,26.91
168,202,5.72
168,203,17.0
168,205,14.508750000000001
168,208,6.729411764705882
168,209,10.090909090909092
168,210,19.866666666666667
168,211,9.06
168,212,4.025076923076923
168,213,4.673157894736843
168,215,11.232000000000001
168,216,14.075000000000001
168,217,10.816666666666668
168,218,17.285714285714285
168,219,15.86
168,220,6.836190476190477
168,222,17.375
168,223,4.2829999999999995
168,224,8.923333333333334
168,225,11.238
168,226,7.453846153846154
168,227,16.3
168,228,15.515
168,229,6.628235294117648
168,230,6.434838709677419
168,231,10.326875
168,232,9.25925925925926
168,233,5.855909090909091
168,234,7.237105263157894
168,235,4.1853030303030305
168,236,3.6465853658536584
168,237,4.634137931034482
168,238,4.499069767441861
168,239,4.871739130434783
168,240,8.524285714285714
168,241,6.165365853658536
168,242,6.329111111111112
168,243,5.12390625
168,244,3.7943220338983052
168,246,8.314642857142857
168,247,2.3552542372881358
168,248,4.200333333333334
168,249,7.952500000000001
168,250,5.440175438596491
168,254,8.312909090909091
168,255,10.79
168,256,9.918000000000001
168,258,14.244
168,259,9.245416666666667
168,260,5.45
168,261,10.22923076923077
168,262,3.4935
168,263,2.952903225806452
169,3,4.54
169,4,11.38
169,7,8.843333333333334
169,9,11.29
169,14,11.6
169,15,8.52
169,16,12.24
169,17,14.0
169,18,1.7159090909090908
169,19,15.254999999999999
169,20,1.611578947368421
169,21,22.1
169,24,6.04
169,25,12.7
169,29,21.2
169,31,3.4899999999999998
169,32,3.436
169,33,14.24
169,35,17.9
169,36,13.1
169,37,16.133333333333333
169,38,15.5
169,39,22.905
169,41,5.214477611940299
169,42,3.776666666666667
169,43,5.78
169,45,15.735
169,46,9.216666666666667
169,47,1.4744444444444444
169,48,10.13076923076923
169,50,8.462
169,51,8.037368421052632
169,54,13.8
169,55,19.54
169,56,6.225
169,58,6.01
169,60,2.2319999999999998
169,61,18.009166666666665
169,63,20.9
169,65,15.646666666666667
169,68,10.895555555555555
169,69,1.7229166666666667
169,71,21.4775
169,72,17.8
169,73,10.07
169,74,5.1851724137931035
169,75,6.217727272727273
169,76,18.64
169,77,18.392000000000003
169,78,1.3707692307692307
169,79,11.355714285714285
169,80,12.306000000000001
169,81,7.449523809523809
169,82,10.08
169,83,9.6
169,85,24.0
169,86,21.275
169,87,13.807500000000001
169,88,13.126666666666667
169,89,18.42
169,90,12.491428571428571
169,91,20.0
169,92,9.655
169,93,10.98
169,94,1.0468181818181819
169,95,13.366666666666667
169,97,10.366666666666667
169,98,12.45
169,100,10.724375
169,102,15.3
169,107,10.743333333333334
169,108,23.2
169,113,11.438
169,114,12.089999999999998
169,116,4.135
169,117,18.3
169,119,1.920625
169,120,5.885
169,121,14.790000000000001
169,122,14.69
169,124,17.257142857142856
169,125,12.419375
169,126,3.47047619047619
169,127,2.6153333333333335
169,128,2.42
169,129,10.545
169,130,15.443999999999999
169,132,22.12
169,133,17.233333333333334
169,134,12.6
169,136,1.6920000000000002
169,137,10.361666666666666
169,139,19.463333333333335
169,140,7.8500000000000005
169,141,8.387272727272729
169,142,8.631428571428572
169,143,9.682222222222222
169,144,13.3
169,145,9.810714285714285
169,146,8.4
169,147,2.985
169,148,12.2275
169,151,6.310833333333334
169,152,4.6000000000000005
169,153,2.935
169,155,20.5
169,157,11.0
169,158,11.836
169,159,2.9808333333333334
169,161,9.475
169,162,10.316666666666666
169,163,9.2375
169,164,10.745000000000001
169,165,0.8
169,166,5.1545000000000005
169,167,2.1265625
169,168,4.03271186440678
169,170,10.456
169,173,10.68
169,174,2.9662162162162162
169,179,7.0
169,180,17.435000000000002
169,181,16.113333333333333
169,182,3.496
169,183,6.232
169,184,6.18
169,185,3.806666666666666
169,186,10.229166666666666
169,188,17.75
169,189,14.1
169,191,19.3
169,192,12.072
169,193,8.94
169,197,14.086521739130434
169,198,13.04
169,200,5.8475
169,203,18.475
169,205,16.7125
169,208,5.79375
169,209,12.4
169,210,24.7
169,212,3.3766666666666665
169,213,4.206666666666666
169,215,15.0
169,216,13.625
169,218,19.8
169,220,3.4145000000000003
169,222,18.3
169,224,10.39
169,225,16.485714285714288
169,226,9.233333333333334
169,227,22.633333333333336
169,228,16.771250000000002
169,229,9.093333333333334
169,230,9.873999999999999
169,231,13.357777777777777
169,232,12.6175
169,233,9.988
169,234,12.00375
169,235,1.1740625
169,236,6.988823529411765
169,237,7.314
169,238,7.344615384615385
169,239,7.998571428571429
169,240,4.496666666666667
169,241,2.9375
169,242,4.22608695652174
169,243,2.8623076923076924
169,244,2.5677777777777777
169,246,10.75
169,247,1.9593181818181817
169,248,2.912
169,249,11.49
169,250,4.085714285714286
169,252,7.8
169,254,4.919666666666667
169,255,12.8
169,256,12.98
169,258,14.8
169,259,6.365833333333334
169,260,6.966666666666668
169,261,14.422
169,262,8.21
169,263,7.265000000000001
170,1,17.58116704805492
170,3,13.597
170,4,2.3440000000000003
170,5,27.98
170,6,15.603333333333333
170,7,4.6078125
170,9,12.063333333333333
170,10,14.05181818181818
170,11,12.834444444444443
170,12,5.203333333333333
170,13,5.481911764705882
170,14,12.529111111111112
170,15,13.552000000000001
170,16,15.316428571428572
170,17,6.886039603960396
170,18,11.559583333333334
170,19,13.9
170,20,11.66037037037037
170,21,14.72764705882353
170,22,13.695555555555556
170,24,4.744343891402715
170,25,6.551967213114754
170,26,11.912413793103447
170,27,26.79
170,28,11.238
170,29,17.242
170,31,11.9475
170,32,11.872727272727273
170,33,6.050378619153674
170,34,6.415405405405406
170,35,11.645789473684209
170,36,7.007450980392157
170,37,6.725555555555556
170,38,16.07
170,39,13.969583333333333
170,40,7.553454545454545
170,41,5.1067785234899326
170,42,6.291978609625668
170,43,2.1750133689839575
170,44,22.096666666666668
170,45,3.748372093023256
170,46,15.862499999999999
170,47,9.577
170,48,1.3717790395079252
170,49,7.342173913043479
170,50,1.7961229178632971
170,51,13.120344827586207
170,52,6.748
170,53,12.245000000000001
170,54,7.35375
170,55,16.906285714285715
170,56,8.277999999999999
170,57,8.61
170,58,12.33
170,59,9.2975
170,60,9.48
170,61,8.168760330578513
170,62,8.623214285714285
170,63,10.3325
170,64,15.53125
170,65,5.804870466321243
170,66,5.868142292490119
170,67,12.625357142857142
170,68,1.4924801929038924
170,69,7.467708333333333
170,70,8.648529411764706
170,71,10.775416666666667
170,72,11.49529411764706
170,73,11.786666666666667
170,74,4.673943355119826
170,75,3.537733333333333
170,76,11.405405405405405
170,77,13.649999999999999
170,78,11.61
170,79,1.799821640903686
170,80,5.703176470588235
170,81,14.062222222222223
170,82,6.782156862745098
170,83,5.604
170,84,28.69
170,85,12.224210526315789
170,86,22.0125
170,87,4.7760421686746986
170,88,5.021040525739321
170,89,10.580449438202248
170,90,1.4617221770917954
170,91,13.42
170,92,10.72255319148936
170,93,9.534444444444444
170,94,10.29375
170,95,8.431757575757576
170,96,9.4575
170,97,6.5771014492753626
170,98,11.823333333333332
170,100,0.8219714358581994
170,101,16.1
170,102,8.91
170,106,8.230952380952381
170,107,1.0295944301743951
170,108,16.004285714285714
170,111,9.3
170,112,3.9084054669703874
170,113,1.5957102993404364
170,114,2.0169077757685354
170,115,17.979999999999997
170,116,7.462156862745099
170,117,16.919999999999998
170,118,21.06
170,119,8.475714285714286
170,120,8.87
170,121,10.82857142857143
170,122,13.866
170,123,13.2745
170,124,14.137599999999999
170,125,2.836485355648535
170,126,8.3475
170,127,10.095405405405405
170,128,10.76
170,129,6.51562962962963
170,130,12.031153846153845
170,131,12.217272727272727
170,132,16.102771141901577
170,133,10.4625
170,134,10.364
170,135,10.836111111111112
170,136,9.836923076923076
170,137,0.856001538856117
170,138,9.438691316992106
170,139,17.333333333333332
170,140,2.0851073788546253
170,141,1.82213750228561
170,142,2.246919431279621
170,143,2.6906254071661238
170,144,2.422756183745583
170,145,2.8260907127429804
170,146,3.2332038834951455
170,147,8.05
170,148,2.7491000000000003
170,149,13.954374999999999
170,150,18.676666666666666
170,151,4.361177474402731
170,152,7.119384615384615
170,153,10.466666666666667
170,154,23.155
170,155,13.936153846153845
170,157,5.527272727272727
170,158,2.3854159957058507
170,159,6.804333333333333
170,160,6.542857142857143
170,161,0.8845302886890677
170,162,0.8654024594745667
170,163,1.3485769828926906
170,164,0.7166420118343195
170,165,12.711199999999998
170,166,5.522530712530712
170,167,7.676666666666667
170,168,6.235714285714286
170,169,9.5725
170,171,11.357142857142858
170,172,19.994285714285716
170,173,9.091739130434783
170,174,13.56375
170,175,15.003333333333332
170,176,21.29
170,177,9.639999999999999
170,178,10.455625
170,179,4.893624161073825
170,180,10.9725
170,181,8.033472668810289
170,182,10.554146341463413
170,183,12.298
170,184,14.41
170,185,11.721428571428572
170,186,0.9748717233686558
170,188,9.640491803278689
170,189,7.832970297029703
170,190,9.25
170,191,14.53
170,192,9.815000000000001
170,193,3.7608196721311473
170,194,6.273846153846154
170,195,8.292244897959183
170,196,7.765873015873016
170,197,10.768636363636363
170,198,6.656129032258065
170,200,13.5528125
170,201,25.904444444444444
170,202,4.447125
170,203,20.22
170,204,29.47
170,205,14.787272727272727
170,206,19.584285714285716
170,207,6.74
170,208,12.31875
170,209,4.486588486140725
170,210,16.746538461538464
170,211,2.437284162378502
170,212,9.42235294117647
170,213,9.1764
170,214,18.296666666666667
170,215,12.33
170,216,12.377666666666666
170,217,5.597173913043479
170,218,15.633500000000002
170,219,15.56875
170,220,11.618787878787879
170,221,16.15
170,222,14.135714285714286
170,223,6.583571428571428
170,224,1.511559633027523
170,225,7.162096774193548
170,226,4.062387387387387
170,227,10.634074074074075
170,228,10.024590163934427
170,229,1.1436650774731822
170,230,1.0521025976147689
170,231,3.7990973451327434
170,232,3.1718441064638787
170,233,0.7019194370298472
170,234,1.0505556813037573
170,235,10.391052631578948
170,236,2.533644052863436
170,237,1.5789207848837208
170,238,3.7817776456599286
170,239,3.1264469453376207
170,240,14.34
170,241,11.799583333333333
170,242,12.0775
170,243,9.376538461538463
170,244,8.635078125
170,245,18.0
170,246,1.6940731837606837
170,247,8.192307692307692
170,248,10.743333333333334
170,249,2.109852371732817
170,250,10.285
170,251,17.767500000000002
170,252,12.832727272727272
170,254,12.797692307692309
170,255,5.305460992907801
170,256,5.462781954887218
170,257,10.202608695652174
170,258,9.254
170,259,13.791538461538462
170,260,6.022923076923077
170,261,5.110127906976744
170,262,2.896640266777824
170,263,2.68886803874092
171,7,7.188461538461539
171,8,7.05
171,9,2.73
171,10,11.855
171,11,21.25
171,15,2.3066666666666666
171,16,1.9794117647058822
171,17,18.9
171,19,6.87
171,21,21.3
171,22,20.7
171,25,14.09
171,28,6.045
171,29,17.566666666666666
171,32,9.2
171,34,11.11
171,39,13.0
171,41,12.399999999999999
171,42,9.49
171,45,15.25
171,48,11.3
171,50,11.75
171,51,8.98
171,53,2.74625
171,56,4.556
171,58,6.6
171,60,9.2
171,64,5.081111111111111
171,68,14.14
171,70,3.5480000000000005
171,71,13.15
171,72,11.8
171,73,1.2975
171,74,11.15
171,75,11.766666666666666
171,76,10.6
171,77,11.31
171,78,8.2
171,79,12.520000000000001
171,80,9.9
171,82,5.415
171,83,6.63
171,87,13.149999999999999
171,90,10.5
171,92,1.8433962264150945
171,93,4.6850000000000005
171,95,5.724
171,97,10.2
171,98,3.82
171,100,12.0375
171,102,10.28
171,107,12.515
171,112,9.95
171,113,10.4
171,119,10.82
171,121,3.21
171,124,7.9
171,126,8.79
171,129,4.182857142857143
171,130,5.8133333333333335
171,131,6.3066666666666675
171,132,9.735000000000001
171,134,6.29
171,135,3.245
171,137,11.087142857142856
171,138,3.77
171,140,11.594999999999999
171,141,11.371666666666668
171,144,12.2
171,145,9.193999999999999
171,146,6.894
171,147,9.02
171,157,6.5
171,160,7.095000000000001
171,161,12.0
171,162,11.8
171,163,15.92
171,164,11.544
171,166,9.695
171,167,8.6
171,169,8.7
171,170,10.266666666666666
171,173,3.542857142857143
171,174,11.933333333333332
171,175,3.853333333333333
171,177,11.066666666666668
171,179,7.2775
171,181,12.4
171,182,7.1
171,183,7.24
171,186,11.1
171,188,13.74
171,191,6.3
171,192,3.013333333333333
171,193,7.5
171,196,4.67
171,197,6.45
171,198,8.195
171,200,12.45
171,203,11.469999999999999
171,205,9.094999999999999
171,208,6.39
171,209,11.7
171,210,17.7
171,212,6.5
171,213,7.116666666666667
171,215,5.7
171,216,11.433333333333332
171,218,13.97
171,223,6.2988888888888885
171,226,9.7525
171,227,19.15
171,229,9.1
171,230,12.415
171,233,9.5
171,234,13.326666666666668
171,237,11.120000000000001
171,238,13.835
171,241,11.3
171,242,8.06
171,244,11.8025
171,246,12.085
171,247,11.3
171,248,6.3
171,249,12.2
171,250,7.48
171,252,1.7785714285714285
171,254,9.133333333333333
171,255,9.9
171,256,10.87
171,257,15.395454545454545
171,258,9.37
171,259,10.1
171,260,6.32
171,261,21.4
171,262,9.75
171,263,9.97578947368421
172,11,8.37
172,14,8.26
172,22,8.81
172,25,14.32
172,68,14.4
172,80,17.310000000000002
172,90,18.28
172,181,12.59
172,211,14.89
172,214,2.3633333333333333
172,221,4.226666666666667
172,227,7.539999999999999
172,228,9.34
172,229,19.65
172,244,24.62
173,4,9.3
173,7,4.325384615384615
173,9,5.55
173,10,8.085
173,13,10.95
173,14,16.22
173,15,5.835
173,16,7.513333333333333
173,17,8.984
173,18,10.701666666666666
173,19,9.450000000000001
173,20,9.5525
173,21,20.854999999999997
173,22,23.53
173,24,10.899999999999999
173,25,9.45
173,26,15.46
173,28,5.4471428571428575
173,29,20.52
173,32,10.73
173,33,9.4
173,35,10.08
173,36,6.322
173,37,8.803333333333333
173,38,10.1
173,39,13.4
173,41,8.3
173,42,7.5975
173,45,11.045
173,47,11.1
173,48,9.066666666666666
173,49,10.266666666666667
173,52,10.65
173,53,3.350769230769231
173,54,10.0
173,55,19.455
173,56,1.3120895522388059
173,57,0.28
173,60,9.375
173,61,10.092222222222222
173,62,10.530000000000001
173,63,9.083
173,64,8.5
173,65,10.3
173,66,9.18
173,67,15.15
173,68,9.886666666666667
173,69,10.11
173,70,1.0058333333333334
173,72,11.15
173,73,3.56
173,74,7.793333333333333
173,75,8.95375
173,76,11.239999999999998
173,77,10.033333333333333
173,78,9.675
173,80,7.15625
173,81,9.966666666666667
173,82,1.7490322580645161
173,83,2.0623809523809524
173,86,5.6
173,87,12.473333333333334
173,88,14.3
173,89,15.1475
173,91,16.1
173,92,2.4375
173,93,3.761428571428571
173,95,3.24
173,96,8.05
173,97,10.44
173,98,5.58
173,100,11.9
173,101,10.17
173,102,7.124285714285714
173,107,9.455
173,112,7.363333333333333
173,113,9.535
173,114,10.74
173,116,9.17
173,119,8.956666666666667
173,121,5.168
173,126,8.0
173,127,11.973333333333334
173,129,1.4475903614457832
173,130,6.1890909090909085
173,131,8.57
173,132,10.0325
173,134,4.89875
173,135,3.8263636363636366
173,136,11.365
173,137,8.722999999999999
173,138,2.9333333333333336
173,139,13.93
173,140,6.970000000000001
173,142,9.925
173,144,10.3
173,145,6.086666666666667
173,146,5.015
173,148,10.61
173,149,16.1
173,151,8.8
173,152,8.975
173,154,17.74
173,157,4.787857142857143
173,158,12.17
173,159,10.46
173,160,4.455555555555556
173,161,6.71
173,162,8.303333333333333
173,163,9.676666666666668
173,164,9.85
173,166,8.861818181818181
173,167,10.4
173,168,8.273333333333333
173,169,11.523333333333333
173,170,8.866666666666667
173,171,3.393571428571429
173,174,12.485
173,175,7.627142857142857
173,177,9.934999999999999
173,179,4.57
173,180,8.32
173,182,8.5
173,185,11.025
173,188,13.77
173,191,9.636666666666667
173,192,2.9133333333333336
173,193,5.154000000000001
173,194,6.06
173,196,2.0108333333333333
173,197,6.068888888888889
173,198,8.653333333333332
173,202,6.64
173,203,11.865
173,205,8.323333333333332
173,209,11.756666666666666
173,211,10.07
173,212,9.623750000000001
173,213,8.4
173,215,7.242
173,216,7.915
173,217,7.484999999999999
173,218,10.07
173,219,10.8
173,223,3.808636363636364
173,225,8.39111111111111
173,226,4.779375
173,227,14.469999999999999
173,228,15.476666666666667
173,230,10.2625
173,231,10.05
173,233,9.71
173,234,7.99
173,235,10.334
173,236,8.6
173,237,10.695
173,238,9.73
173,239,11.176666666666668
173,240,11.1
173,241,12.934000000000001
173,243,11.807500000000001
173,244,11.440000000000001
173,246,10.745000000000001
173,247,11.546666666666667
173,248,8.93
173,252,4.078
173,254,11.2
173,255,7.8
173,256,7.8342857142857145
173,257,13.22
173,258,7.564166666666666
173,260,3.4271999999999996
173,263,8.88
174,3,2.495
174,4,15.77
174,7,10.854000000000001
174,10,17.0
174,17,14.0
174,18,1.35
174,19,13.7
174,20,2.093
174,22,21.3
174,24,10.281428571428572
174,28,18.925
174,29,25.549999999999997
174,32,1.8828571428571428
174,33,15.807142857142859
174,34,16.0
174,35,19.3125
174,36,17.674999999999997
174,37,17.946
174,38,18.2
174,39,21.7375
174,41,8.6040625
174,42,7.388444444444445
174,43,9.8
174,45,15.1
174,47,3.2133333333333334
174,48,12.575000000000001
174,49,16.1
174,50,13.488888888888889
174,51,3.77375
174,52,16.2
174,53,10.21
174,55,25.338461538461537
174,56,14.166666666666666
174,60,3.7566666666666664
174,61,15.958333333333334
174,62,20.86
174,65,7.3
174,66,15.3
174,68,13.936666666666667
174,69,5.0175
174,70,12.065
174,71,17.7
174,72,19.4
174,74,8.13953488372093
174,75,9.24
174,76,19.45
174,77,16.584
174,78,2.8866666666666667
174,79,12.75
174,80,12.62
174,81,2.8305263157894736
174,82,13.068888888888889
174,83,13.7
174,85,29.0
174,86,19.633333333333333
174,88,17.3375
174,89,24.76
174,90,14.002857142857142
174,91,24.176666666666666
174,92,10.375
174,94,1.9366666666666665
174,95,14.180000000000001
174,97,16.5
174,98,14.41
174,100,13.025
174,102,17.84
174,107,13.828571428571427
174,108,25.633333333333336
174,113,13.886666666666665
174,114,17.49
174,116,8.205384615384615
174,117,14.2
174,119,6.129
174,125,12.05
174,126,5.29
174,127,3.3475
174,128,2.865
174,129,12.056666666666667
174,130,14.913333333333332
174,131,15.540000000000001
174,134,14.25
174,135,12.4
174,136,2.262
174,137,12.526
174,138,11.5
174,139,17.95
174,140,11.020000000000001
174,141,10.2
174,142,12.052000000000001
174,143,13.57625
174,145,10.45
174,146,11.4
174,147,5.331428571428572
174,148,14.907142857142858
174,149,25.9
174,151,12.12
174,152,9.749166666666666
174,153,3.6166666666666667
174,157,14.28
174,158,14.4
174,159,6.30875
174,160,8.2
174,161,14.3
174,162,11.633333333333333
174,163,13.8125
174,164,13.3675
174,166,9.56764705882353
174,167,4.833333333333333
174,168,7.5280000000000005
174,169,3.15875
174,170,13.6
174,171,9.913333333333332
174,173,12.43
174,177,18.139999999999997
174,179,9.71
174,180,20.3
174,181,12.3
174,182,4.524545454545454
174,183,5.734
174,185,2.920833333333333
174,186,14.046000000000001
174,188,19.3
174,189,22.5
174,191,14.616666666666667
174,192,12.3
174,195,21.4
174,196,15.004999999999999
174,197,14.53
174,198,14.1
174,200,3.4314285714285715
174,201,25.4
174,202,11.075
174,203,19.366666666666667
174,208,6.5263636363636355
174,210,26.433333333333334
174,212,4.678333333333334
174,213,5.320952380952381
174,215,15.9
174,216,17.23
174,219,19.1
174,220,2.864
174,224,12.2
174,225,14.18
174,226,13.508333333333333
174,228,10.1
174,229,13.682500000000001
174,230,14.280000000000001
174,231,16.830000000000002
174,232,13.9
174,233,12.6
174,234,14.013333333333334
174,235,3.504736842105263
174,236,10.153333333333334
174,237,11.675714285714287
174,238,11.421428571428573
174,239,11.6075
174,241,1.765294117647059
174,242,4.2023809523809526
174,243,6.333333333333333
174,244,7.200571428571429
174,246,14.8
174,247,4.741875
174,248,3.9071428571428575
174,249,16.97
174,250,5.57
174,254,1.626774193548387
174,256,15.69
174,259,2.5381818181818185
174,261,16.0
174,262,10.14
174,263,10.883333333333333
175,7,11.53
175,9,2.35
175,10,7.7
175,15,5.279999999999999
175,16,2.7039130434782606
175,21,19.6
175,25,14.200000000000001
175,26,29.6
175,28,5.36
175,29,20.6
175,35,9.6
175,36,10.81
175,37,11.270000000000001
175,38,5.387777777777778
175,39,11.666666666666666
175,45,13.966666666666669
175,48,14.9
175,49,12.7
175,55,21.3
175,56,6.79
175,63,9.399999999999999
175,64,1.85
175,65,14.082222222222223
175,70,7.385
175,71,12.1
175,73,3.853333333333333
175,74,12.899999999999999
175,75,18.46666666666667
175,82,10.1
175,83,8.57
175,86,10.6
175,87,15.5
175,90,13.8
175,92,5.7299999999999995
175,93,5.05
175,95,6.134545454545455
175,98,1.5
175,100,13.0
175,101,3.45
175,102,7.6
175,112,10.8
175,116,16.05
175,121,4.675
175,122,3.4766666666666666
175,124,13.1
175,127,15.9
175,129,9.061666666666667
175,130,6.1225000000000005
175,131,2.5966666666666667
175,132,13.01
175,134,7.303999999999999
175,135,4.426666666666667
175,137,12.6
175,138,14.94
175,139,7.48
175,140,15.366666666666667
175,142,16.605
175,144,19.4
175,145,12.89
175,147,8.74
175,148,15.33
175,152,15.7
175,155,14.4
175,157,10.395
175,158,17.7
175,160,8.935
175,161,13.966666666666667
175,162,13.6
175,163,13.2
175,164,13.66
175,166,14.6
175,170,12.666666666666666
175,171,3.5740000000000003
175,173,7.43
175,177,10.2
175,179,10.795
175,183,10.8
175,186,17.900000000000002
175,188,13.366666666666667
175,191,1.795
175,195,15.366666666666667
175,196,7.563333333333333
175,197,8.54
175,198,10.2075
175,203,7.515000000000001
175,205,7.86
175,211,14.86
175,212,10.39
175,215,5.035
175,216,8.91
175,218,8.27
175,220,16.1
175,223,10.56
175,225,17.5
175,226,9.695
175,229,12.9
175,230,14.233333333333334
175,231,15.725
175,232,14.625
175,233,12.800000000000002
175,234,14.7
175,236,16.026
175,239,13.0
175,244,16.14
175,246,14.74
175,249,13.2
175,252,6.359999999999999
175,258,10.2
175,260,10.61
175,261,19.6
176,14,8.315000000000001
176,21,8.8
176,44,7.005
176,67,10.39
176,84,3.21
176,150,13.81
176,161,20.73
176,181,16.72
176,211,17.705
176,214,3.36
176,221,6.5
177,3,18.822499999999998
177,4,6.195
177,7,12.89111111111111
177,9,11.0
177,10,8.219583333333334
177,11,12.79
177,13,6.8340000000000005
177,14,10.564
177,16,11.489999999999998
177,17,2.5692857142857144
177,18,19.336153846153845
177,19,11.825
177,20,18.48
177,21,8.734
177,22,11.951666666666666
177,24,16.23
177,25,5.052222222222222
177,26,6.465833333333333
177,28,7.6475
177,29,10.32
177,32,17.417142857142856
177,33,5.06923076923077
177,34,3.882857142857143
177,35,1.1960683760683761
177,36,2.185294117647059
177,37,2.3756842105263156
177,38,11.015
177,39,3.3908139534883723
177,40,5.394
177,41,16.611176470588234
177,42,14.887428571428574
177,45,6.184545454545455
177,47,17.419999999999998
177,48,10.166923076923078
177,49,3.24609375
177,50,10.51
177,51,18.497
177,52,5.285555555555556
177,53,10.9
177,55,11.29425
177,56,8.69
177,57,9.858
177,60,17.076
177,61,1.8167487684729065
177,62,2.533333333333333
177,63,2.0587755102040814
177,64,16.2
177,65,4.487857142857143
177,66,5.021176470588236
177,67,8.7125
177,68,8.474705882352941
177,69,15.3125
177,70,9.880666666666666
177,71,3.131111111111111
177,72,2.044776119402985
177,73,9.56
177,74,15.817619047619049
177,75,12.477666666666666
177,76,2.920990566037736
177,77,1.7309302325581397
177,78,16.935714285714287
177,79,7.282857142857142
177,80,3.304
177,81,17.799999999999997
177,82,7.0542105263157895
177,83,6.68
177,85,3.779333333333333
177,86,13.279393939393941
177,87,6.415
177,88,7.305
177,89,4.390000000000001
177,90,9.727142857142857
177,91,4.240895522388059
177,92,9.643333333333333
177,93,9.39
177,94,17.95
177,95,6.262777777777778
177,96,3.2925
177,97,3.9303703703703707
177,98,9.705
177,100,9.400555555555556
177,101,14.184000000000001
177,102,3.4520000000000004
177,106,4.532777777777778
177,107,7.32
177,108,10.932222222222222
177,112,4.82875
177,113,7.048333333333333
177,114,6.68
177,116,15.716666666666667
177,117,11.75851851851852
177,119,14.576666666666668
177,121,12.568333333333335
177,122,10.064
177,123,7.3792307692307695
177,124,4.684
177,125,6.959999999999999
177,126,15.845384615384615
177,129,11.014285714285714
177,130,7.829402985074627
177,131,9.083
177,132,7.0396
177,133,5.453333333333333
177,134,5.94
177,135,7.93
177,136,17.6
177,137,8.614242424242423
177,138,11.26
177,139,10.221666666666666
177,140,9.75952380952381
177,141,10.27625
177,142,11.176363636363636
177,143,12.31
177,144,5.9399999999999995
177,145,7.159999999999999
177,146,8.308
177,147,13.45
177,148,5.625714285714286
177,149,5.25
177,150,9.422
177,151,12.55
177,152,18.39
177,154,8.233333333333333
177,155,5.24764705882353
177,157,4.102222222222222
177,158,8.63
177,159,14.1875
177,160,4.99
177,161,10.817142857142857
177,162,9.676363636363636
177,163,13.833333333333334
177,164,8.815
177,165,5.51875
177,166,15.99
177,167,16.213636363636365
177,168,15.383500000000002
177,169,17.52
177,170,11.113
177,171,7.155
177,173,7.6425
177,174,18.566
177,175,11.219999999999999
177,178,6.145
177,179,13.563333333333333
177,180,5.656363636363636
177,181,4.052272727272727
177,182,13.75
177,185,15.72857142857143
177,186,9.204285714285716
177,188,2.7229032258064514
177,189,3.228214285714286
177,190,3.425
177,191,11.00611111111111
177,192,9.856666666666667
177,193,10.560833333333333
177,195,6.015882352941176
177,196,5.463333333333334
177,197,5.889666666666667
177,198,2.427777777777778
177,201,11.96
177,202,10.2
177,203,10.248571428571429
177,205,10.052249999999999
177,208,14.0
177,209,6.4525
177,210,8.379999999999999
177,211,6.328
177,212,15.1
177,213,15.157857142857141
177,214,16.52
177,215,8.813333333333334
177,216,6.361935483870968
177,217,3.7642857142857147
177,218,8.097857142857142
177,219,8.515
177,221,13.94
177,222,3.101842105263158
177,223,12.352500000000001
177,224,8.6
177,225,1.7647368421052632
177,226,6.503333333333334
177,227,7.757777777777777
177,228,6.979
177,229,9.265
177,230,9.879166666666666
177,231,6.28125
177,232,6.185714285714285
177,233,9.401666666666666
177,234,7.588666666666667
177,235,15.678571428571429
177,236,11.887272727272727
177,237,11.194166666666668
177,238,19.553333333333335
177,239,13.5
177,241,20.066666666666666
177,242,15.307272727272727
177,243,21.729999999999997
177,244,18.73
177,246,8.775
177,247,14.534615384615384
177,248,17.243333333333336
177,249,7.4
177,252,10.295
177,253,9.84
177,254,19.553
177,255,4.093
177,256,3.906111111111111
177,257,4.4575
177,258,3.641
177,259,19.576666666666668
177,260,9.48
177,261,6.648888888888889
177,262,12.624
177,263,17.62
178,11,2.99
178,13,7.266666666666667
178,14,3.887777777777778
178,17,5.883333333333333
178,21,1.3855555555555557
178,22,1.8411764705882354
178,25,5.8933333333333335
178,26,1.960232558139535
178,29,2.732857142857143
178,34,7.6
178,35,5.87
178,37,7.3999999999999995
178,38,18.5
178,39,3.83
178,40,5.125
178,42,19.240000000000002
178,49,7.9
178,52,5.49
178,55,3.8364285714285713
178,61,4.988
178,62,4.386666666666667
178,65,5.733333333333333
178,67,2.8233333333333337
178,68,10.7
178,71,3.3975
178,72,4.233333333333333
178,75,14.700000000000001
178,76,9.893333333333333
178,80,10.425
178,85,2.6766666666666663
178,86,16.733333333333334
178,87,7.53
178,88,8.21
178,89,1.59
178,90,10.23
178,91,1.7428571428571427
178,95,16.3
178,97,5.46
178,102,12.3
178,106,4.25
178,107,10.623333333333333
178,108,2.0085714285714285
178,112,10.72
178,113,9.22
178,114,9.7
178,116,17.2
178,121,21.26
178,123,1.4987179487179485
178,124,8.92
178,129,15.8
178,133,1.9100000000000001
178,135,15.65
178,137,9.965454545454547
178,139,16.4
178,140,12.78
178,141,12.96
178,145,11.8
178,148,8.67
178,149,1.585625
178,150,3.1475
178,155,3.2625
178,158,9.850000000000001
178,161,12.0
178,162,11.966666666666667
178,163,4.4
178,164,12.7
178,165,1.1381818181818182
178,170,11.145333333333333
178,177,7.69
178,180,12.6
178,181,3.998888888888889
178,186,10.46
178,188,4.489999999999999
178,195,4.82
178,196,14.0
178,197,12.033333333333333
178,201,11.95
178,205,13.7
178,210,2.6879999999999997
178,211,9.41
178,217,8.9
178,222,9.9
178,225,6.2
178,226,12.25
178,227,2.6957142857142857
178,228,3.996
178,229,11.899999999999999
178,230,11.366666666666667
178,231,7.797499999999999
178,232,7.7
178,233,6.1
178,234,11.145
178,236,14.899999999999999
178,237,13.216363636363637
178,238,18.5
178,239,12.9
178,244,17.85
178,246,10.26
178,254,22.1
178,255,10.436666666666667
178,256,9.5
178,257,3.09
178,259,2.6
178,263,13.2
179,3,9.8275
179,4,6.9664705882352935
179,7,1.1018836565096954
179,8,0.7
179,9,8.7925
179,10,11.7075
179,12,8.2
179,13,9.847
179,14,13.326666666666666
179,15,9.272
179,16,11.468333333333334
179,17,8.65
179,18,9.60888888888889
179,19,15.5
179,20,7.9
179,22,16.77
179,24,6.624
179,25,9.03
179,26,11.649999999999999
179,28,9.354444444444445
179,29,24.12
179,31,8.25
179,33,9.762727272727274
179,34,7.2540000000000004
179,35,13.386923076923077
179,36,7.375
179,37,7.95423076923077
179,39,17.86
179,40,11.035
179,41,5.077647058823529
179,42,5.023428571428571
179,43,4.5227272727272725
179,45,8.924000000000001
179,46,12.3
179,47,7.508
179,48,5.0728
179,49,8.011111111111111
179,50,5.459444444444444
179,51,12.2875
179,52,9.100000000000001
179,53,6.347857142857143
179,54,11.65
179,55,20.64
179,56,6.496086956521739
179,57,5.156000000000001
179,60,7.7
179,61,9.832962962962963
179,62,10.336666666666666
179,63,12.274545454545455
179,64,13.67
179,65,8.66157894736842
179,66,9.613333333333333
179,67,15.75
179,68,6.318666666666667
179,69,6.16
179,70,3.4540740740740743
179,71,15.99
179,72,14.153333333333334
179,73,8.2375
179,74,4.5680555555555555
179,75,5.185614035087719
179,76,14.6905
179,77,13.453999999999999
179,78,7.485555555555556
179,79,6.793720930232558
179,80,6.114
179,81,10.0
179,82,4.837959183673469
179,83,4.230333333333333
179,85,12.64
179,86,23.7
179,87,8.937999999999999
179,88,8.44076923076923
179,89,12.461333333333332
179,90,6.109090909090909
179,91,16.735
179,92,6.675161290322581
179,93,6.036
179,94,9.8825
179,95,7.74780487804878
179,96,11.805
179,97,8.666363636363636
179,98,9.0
179,100,5.3578947368421055
179,101,14.9375
179,102,10.219999999999999
179,106,13.32
179,107,5.64375
179,112,3.8419047619047624
179,113,5.778837209302326
179,114,7.062666666666667
179,116,7.1905882352941175
179,117,18.395
179,119,6.533333333333334
179,121,9.322857142857144
179,122,12.133333333333333
179,124,15.0
179,125,9.58
179,126,6.06
179,127,8.292857142857143
179,128,8.53
179,129,3.081404958677686
179,130,9.981891891891891
179,131,9.248571428571427
179,132,13.090588235294117
179,133,15.259999999999998
179,134,8.468333333333334
179,135,9.71888888888889
179,136,8.59142857142857
179,137,5.218863636363636
179,138,3.6797560975609755
179,139,19.36
179,140,3.7343010752688173
179,141,3.3826
179,142,4.588333333333334
179,143,5.1080000000000005
179,144,8.97
179,145,2.378905109489051
179,146,1.5162903225806452
179,147,6.255000000000001
179,148,8.1116
179,151,6.619
179,152,5.642
179,153,8.9
179,157,4.9678571428571425
179,158,9.985
179,159,4.88875
179,160,7.420833333333333
179,161,3.952857142857143
179,162,3.622676056338028
179,163,3.7394444444444446
179,164,5.487777777777778
179,165,16.44
179,166,6.123846153846154
179,167,5.5
179,168,4.442727272727272
179,169,7.503333333333334
179,170,4.2345
179,171,6.958
179,173,5.0746153846153845
179,174,9.84375
179,175,11.246666666666666
179,177,13.396428571428572
179,180,13.09769230769231
179,181,10.019473684210526
179,182,7.823333333333333
179,183,0.38
179,185,9.16
179,186,5.4796000000000005
179,188,11.7525
179,189,9.866666666666667
179,191,13.442727272727273
179,192,7.135555555555555
179,193,1.4392708333333333
179,194,4.631666666666667
179,195,11.493333333333334
179,196,7.17125
179,197,10.111428571428572
179,198,6.98125
179,200,11.399999999999999
179,202,2.014761904761905
179,203,16.08
179,205,13.495
179,208,9.204
179,209,8.620999999999999
179,210,24.08
179,211,7.367826086956522
179,212,6.2
179,213,7.15625
179,215,11.131428571428572
179,216,12.142857142857142
179,217,6.6
179,218,14.53
179,219,13.693333333333333
179,220,9.7225
179,222,17.182
179,223,1.403063583815029
179,224,6.006
179,225,8.702222222222222
179,226,3.090625
179,227,12.64
179,228,13.245333333333333
179,229,3.482
179,230,4.682272727272728
179,231,9.96
179,232,7.880625
179,233,3.96578947368421
179,234,5.196046511627907
179,235,7.4
179,236,4.546129032258064
179,237,3.9525555555555556
179,238,5.884
179,239,6.1066666666666665
179,241,10.116000000000001
179,242,9.942
179,243,8.566666666666666
179,244,7.4873529411764705
179,246,6.197647058823529
179,247,6.107272727272728
179,248,6.4
179,249,7.624285714285714
179,250,8.36909090909091
179,252,7.517647058823529
179,253,5.68
179,255,5.925806451612903
179,256,6.627307692307692
179,257,13.103333333333333
179,258,11.603571428571428
179,259,11.73
179,260,3.0147222222222223
179,261,9.84625
179,262,4.593181818181818
179,263,4.437586206896552
180,1,33.02
180,4,11.98
180,7,12.268
180,10,3.5482608695652176
180,11,14.89
180,13,28.39
180,14,18.47
180,16,10.113333333333333
180,17,6.6
180,19,11.160000000000002
180,25,14.989999999999998
180,26,13.596666666666666
180,27,11.5
180,28,5.051666666666667
180,29,10.18
180,30,5.53
180,32,17.84
180,33,8.26
180,35,4.015
180,36,4.758461538461538
180,37,5.837777777777777
180,39,5.04125
180,41,16.66
180,42,19.2
180,45,10.566666666666668
180,48,12.2
180,52,8.770000000000001
180,55,12.882
180,60,15.299999999999999
180,61,5.5520000000000005
180,62,5.75
180,63,1.897037037037037
180,64,13.48
180,65,10.08
180,66,10.8
180,69,18.5
180,71,6.81
180,72,5.163333333333333
180,74,14.88
180,75,13.715714285714286
180,76,2.3931372549019607
180,77,3.2728571428571427
180,79,10.735
180,80,6.3675
180,82,5.229285714285714
180,83,5.5024999999999995
180,86,9.7
180,87,13.745000000000001
180,88,13.1
180,89,9.535555555555554
180,91,6.704000000000001
180,92,9.51
180,95,3.7214285714285715
180,97,8.838333333333333
180,98,8.77
180,100,11.33
180,101,13.83
180,102,2.92875
180,106,7.7
180,112,9.7
180,113,11.91
180,114,14.25
180,116,16.616666666666667
180,117,8.12185185185185
180,119,15.3
180,121,6.096666666666667
180,122,8.49
180,124,1.6102631578947368
180,125,9.94
180,129,10.07375
180,130,4.027
180,131,5.52
180,132,4.7564
180,133,24.91
180,134,2.9600000000000004
180,135,5.92
180,137,10.299999999999999
180,138,9.2
180,139,6.58
180,140,12.03
180,141,11.02
180,143,13.55
180,145,9.82
180,146,9.385000000000002
180,147,19.9
180,149,10.32
180,151,12.9
180,155,7.779999999999999
180,157,5.903333333333333
180,159,12.850000000000001
180,160,3.7783333333333338
180,161,13.7025
180,162,10.149999999999999
180,163,10.7
180,164,11.733333333333334
180,165,8.87
180,166,17.11
180,167,12.0
180,168,15.24
180,169,19.725
180,170,10.0
180,171,9.413333333333334
180,173,5.49
180,174,15.8575
180,175,8.7
180,177,3.7560000000000002
180,178,10.899999999999999
180,179,12.4025
180,181,8.046666666666667
180,185,17.700000000000003
180,186,11.738333333333335
180,188,6.377777777777777
180,189,6.54
180,190,6.2
180,191,10.29
180,192,6.66
180,196,4.1775
180,197,1.6226190476190478
180,198,4.741818181818181
180,201,7.062857142857142
180,203,12.409999999999998
180,205,4.708
180,209,11.6
180,210,9.6
180,212,12.55
180,215,3.289090909090909
180,216,1.8053846153846154
180,218,5.744
180,219,5.588
180,222,3.714
180,223,14.89
180,224,10.06
180,225,5.2909999999999995
180,226,8.729999999999999
180,227,17.1
180,228,16.633333333333333
180,230,12.26
180,231,10.3
180,232,11.48
180,233,10.799999999999999
180,235,15.9
180,236,12.15
180,237,11.1
180,238,12.2
180,242,16.77
180,243,19.85
180,244,19.8
180,247,13.721666666666666
180,255,8.7625
180,258,1.8972340425531915
180,259,21.6
180,260,10.32
181,1,21.82
181,3,19.4
181,4,5.498823529411765
181,6,9.18
181,7,10.036595744680852
181,9,15.73
181,10,14.007857142857144
181,11,7.177777777777777
181,13,4.326363636363637
181,14,5.486593406593406
181,15,18.07
181,16,16.606666666666666
181,17,2.757156862745098
181,18,18.028
181,19,17.57
181,20,17.765
181,21,5.9634285714285715
181,22,5.635142857142857
181,24,12.193999999999999
181,25,1.4198051948051948
181,26,3.3954761904761903
181,27,17.72
181,28,12.095714285714285
181,29,10.887333333333334
181,31,13.885000000000002
181,32,18.98
181,33,2.2651666666666666
181,34,2.367
181,35,4.2937681159420285
181,36,5.753510638297873
181,37,4.450714285714286
181,38,15.174999999999999
181,39,6.313888888888889
181,40,1.5571641791044777
181,41,12.285384615384617
181,42,13.729999999999999
181,43,10.857142857142858
181,45,3.643076923076923
181,47,14.180000000000001
181,48,7.38265625
181,49,1.7430370370370372
181,50,7.321666666666666
181,51,18.0
181,52,1.8991999999999998
181,53,12.5
181,54,1.9823529411764707
181,55,10.0864
181,56,12.62
181,60,16.65
181,61,2.485590277777778
181,62,2.3058024691358026
181,63,6.1645
181,65,1.8003478260869565
181,66,2.862923076923077
181,67,5.606
181,68,6.731884057971015
181,69,13.306666666666667
181,70,11.446
181,71,3.72725
181,72,4.18078125
181,74,11.60139534883721
181,75,10.494375
181,76,6.472155172413793
181,77,5.396470588235294
181,78,17.453333333333333
181,79,4.516440677966101
181,80,4.898589743589743
181,82,9.2325
181,83,8.725
181,85,3.174150943396226
181,86,15.856666666666667
181,87,4.04728813559322
181,88,4.2214285714285715
181,89,3.161153846153846
181,90,5.744864864864865
181,91,5.354897959183673
181,92,13.31388888888889
181,93,18.75
181,95,10.067826086956522
181,96,6.5649999999999995
181,97,1.3215827338129496
181,98,16.7
181,100,6.733214285714285
181,102,8.321428571428571
181,106,1.1648484848484848
181,107,5.456031746031746
181,108,8.337894736842106
181,112,5.804943820224719
181,113,4.768684210526316
181,114,4.377567567567567
181,116,14.260000000000002
181,117,15.45
181,119,15.586666666666666
181,121,10.915000000000001
181,122,17.305
181,123,6.2475
181,124,7.699999999999999
181,125,4.0115
181,126,7.735
181,127,17.12
181,129,10.224736842105264
181,130,13.155625
181,131,13.015
181,132,14.2245
181,133,3.2904444444444443
181,134,13.335
181,135,11.635000000000002
181,136,15.11
181,137,6.866938775510205
181,138,11.3772
181,139,17.783333333333335
181,140,8.883396226415094
181,141,9.082142857142857
181,142,9.21875
181,143,8.651666666666666
181,144,3.966666666666667
181,145,7.868275862068966
181,146,8.5325
181,147,14.33888888888889
181,148,3.3028395061728393
181,149,5.3094117647058825
181,150,10.8525
181,151,11.761666666666665
181,152,15.5975
181,153,17.6
181,155,7.420999999999999
181,157,7.295263157894738
181,158,5.292692307692308
181,159,17.172
181,160,8.29
181,161,8.370392156862744
181,162,7.884590163934427
181,163,8.660967741935485
181,164,6.4350000000000005
181,165,4.7412820512820515
181,166,12.161764705882353
181,167,17.6
181,168,13.295454545454545
181,169,14.729999999999999
181,170,7.376935483870968
181,171,14.0
181,173,11.709999999999999
181,174,19.80625
181,177,4.053272727272727
181,178,4.202307692307692
181,179,11.535
181,180,10.476666666666667
181,182,16.986666666666665
181,183,24.17
181,185,18.69666666666667
181,186,6.273333333333333
181,187,14.83
181,188,2.4575531914893616
181,189,1.1459375
181,190,1.5110344827586206
181,191,17.3
181,192,12.26
181,193,8.29
181,194,12.8375
181,195,2.3455263157894737
181,196,10.162
181,197,12.737142857142857
181,198,6.145862068965517
181,200,24.63
181,201,16.583333333333332
181,202,9.035
181,203,17.7
181,204,23.75
181,205,16.0775
181,206,11.825
181,208,20.009999999999998
181,209,3.7977777777777777
181,210,8.625
181,211,3.9660714285714285
181,212,16.09
181,213,16.333333333333332
181,215,15.415714285714285
181,216,12.346363636363636
181,217,2.8816666666666664
181,218,15.457142857142857
181,219,12.866666666666667
181,220,18.17
181,221,9.563333333333333
181,222,7.2232
181,223,10.695555555555554
181,224,5.727037037037037
181,225,3.82048
181,226,8.019130434782609
181,227,3.007183098591549
181,228,2.167549019607843
181,229,7.935897435897436
181,230,7.411428571428571
181,231,4.04855421686747
181,232,4.416428571428572
181,233,7.2203125
181,234,5.774166666666667
181,235,11.2
181,236,10.648333333333333
181,237,9.205
181,238,10.832799999999999
181,239,9.615882352941176
181,241,17.646666666666665
181,242,16.786666666666665
181,243,15.27875
181,244,13.911000000000001
181,246,6.536304347826087
181,247,13.361666666666666
181,248,17.8825
181,249,4.951666666666666
181,250,17.09
181,252,16.68
181,254,18.32
181,255,4.678512396694215
181,256,4.1390109890109885
181,257,1.8905172413793105
181,258,7.53875
181,259,21.060000000000002
181,260,7.8187500000000005
181,261,3.9822222222222217
181,262,10.274878048780486
181,263,10.199523809523809
182,3,3.5744444444444445
182,4,11.366666666666667
182,7,8.824
182,13,15.96
182,17,15.0
182,18,3.8939999999999997
182,19,11.4
182,20,3.14125
182,21,23.55
182,22,15.4
182,24,7.761428571428572
182,25,13.2875
182,31,2.0833333333333335
182,32,2.4125
182,33,16.6
182,34,14.9
182,35,16.458333333333332
182,37,13.6075
182,38,20.1
182,39,18.48
182,40,15.533333333333333
182,41,7.028082191780821
182,42,6.550504201680672
182,43,8.757777777777777
182,45,13.3
182,46,6.0
182,47,3.045714285714286
182,48,12.072142857142856
182,49,15.1
182,50,11.205555555555556
182,51,5.852692307692307
182,52,14.1
182,53,5.579999999999999
182,55,21.975
182,56,8.5
182,58,3.65
182,60,1.8609090909090908
182,61,16.05
182,62,17.674999999999997
182,63,13.65
182,65,15.76375
182,67,22.485
182,68,13.10627450980392
182,69,4.542142857142857
182,70,7.4
182,71,20.299999999999997
182,72,21.7
182,74,6.378382352941177
182,75,7.395974025974026
182,76,16.456153846153846
182,77,16.042
182,78,2.3476190476190473
182,79,11.930000000000001
182,80,12.85
182,81,4.101111111111112
182,82,9.0
182,85,16.8
182,86,22.3175
182,87,15.200000000000001
182,88,14.36
182,90,13.75
182,91,20.7
182,92,7.162000000000001
182,94,3.6079999999999997
182,95,9.25
182,96,13.48
182,97,10.3
182,98,9.8
182,100,11.961052631578946
182,107,12.091304347826087
182,108,24.5
182,112,12.7
182,113,11.93
182,114,12.98
182,116,6.0929032258064515
182,117,22.21
182,119,4.582857142857143
182,121,10.7825
182,122,13.0
182,123,23.6
182,125,17.29
182,126,3.1357894736842105
182,127,6.296666666666667
182,129,10.631666666666666
182,130,12.635
182,131,11.568
182,132,17.335
182,133,17.3
182,135,12.1
182,136,4.775384615384615
182,137,10.696666666666667
182,138,8.7
182,139,14.766666666666666
182,140,8.937547169811321
182,141,9.479999999999999
182,142,11.664285714285715
182,143,12.0915
182,144,12.52
182,145,10.601818181818182
182,146,9.178333333333333
182,147,3.3866666666666667
182,148,13.214000000000002
182,149,12.1
182,151,8.128571428571428
182,152,7.138
182,155,8.8
182,157,13.2
182,158,14.2
182,159,4.427586206896552
182,161,10.769117647058822
182,162,9.644166666666667
182,163,11.056666666666667
182,164,11.0875
182,166,7.670476190476189
182,167,3.07
182,168,5.167368421052632
182,169,3.416470588235294
182,170,10.609047619047619
182,171,7.199999999999999
182,173,8.25
182,174,4.440625
182,177,15.909
182,179,8.322857142857142
182,180,15.7
182,181,12.633333333333335
182,183,2.425
182,184,3.48
182,185,1.8755
182,186,14.465000000000002
182,188,16.933333333333334
182,189,15.0
182,191,12.3
182,192,8.64
182,194,4.8
182,196,9.4
182,198,14.228571428571428
182,200,8.48
182,202,8.55
182,203,16.3
182,205,14.2475
182,208,2.1092857142857144
182,209,14.6175
182,210,22.933333333333334
182,211,14.766666666666666
182,212,1.0183333333333333
182,213,1.9225
182,215,13.290000000000001
182,216,14.133333333333333
182,217,14.0
182,220,5.972727272727273
182,222,16.895000000000003
182,223,9.528571428571428
182,224,10.3
182,225,16.528000000000002
182,226,12.222857142857142
182,228,18.68
182,229,9.8
182,230,10.996842105263157
182,231,13.523636363636363
182,232,11.987499999999999
182,233,9.365454545454545
182,234,11.795238095238094
182,235,4.036363636363636
182,236,8.718
182,237,9.414705882352942
182,238,9.698947368421052
182,239,10.883
182,240,5.516
182,241,4.941666666666666
182,242,1.335
182,243,5.4363636363636365
182,244,5.153333333333333
182,246,12.620000000000001
182,247,5.354
182,248,2.7733333333333334
182,249,12.673333333333332
182,250,1.0850000000000002
182,252,5.22
182,254,4.520555555555556
182,258,13.673333333333332
182,259,5.4475
182,260,10.389999999999999
182,261,14.086363636363636
182,262,7.316
182,263,7.575333333333333
183,3,2.1879999999999997
183,7,12.1
183,11,23.05
183,12,15.9
183,15,7.63
183,18,5.564
183,19,10.850000000000001
183,20,3.675
183,22,22.9
183,24,13.92
183,31,3.44
183,32,3.9499999999999997
183,35,17.220000000000002
183,36,14.2775
183,39,17.2
183,41,8.485
183,42,8.48
183,45,15.35
183,46,3.9
183,47,6.0
183,48,12.577777777777778
183,50,14.8
183,51,4.063
183,52,15.6
183,55,24.9
183,58,1.38
183,60,5.199999999999999
183,62,18.6
183,64,8.71
183,65,13.925
183,68,13.02
183,69,8.399999999999999
183,71,15.5
183,74,8.09
183,75,9.008888888888889
183,76,20.065
183,77,9.75
183,78,4.194
183,79,15.07
183,81,3.0
183,82,12.73
183,83,11.88
183,86,20.85
183,91,20.46666666666667
183,92,8.186666666666666
183,93,15.7
183,95,7.566666666666667
183,100,13.3225
183,102,15.47
183,108,26.5
183,113,13.2
183,116,8.8925
183,117,21.5
183,119,7.345
183,121,10.2
183,126,5.675
183,127,8.0975
183,130,13.399999999999999
183,131,12.46
183,136,4.9399999999999995
183,137,13.593636363636364
183,140,10.509090909090908
183,141,11.51
183,142,11.919999999999998
183,143,11.475
183,144,13.5
183,145,12.649999999999999
183,146,10.53
183,147,5.4071428571428575
183,148,10.4
183,158,17.0
183,159,6.835714285714286
183,161,11.375
183,162,12.098749999999999
183,164,11.75
183,165,18.8
183,167,6.3566666666666665
183,168,6.95
183,169,6.2575
183,170,11.3
183,173,8.2
183,174,4.87
183,179,10.024999999999999
183,181,21.21
183,182,3.08
183,184,0.29
183,185,3.0483333333333333
183,186,14.866666666666667
183,188,19.45
183,200,8.07
183,201,21.75
183,205,15.633333333333333
183,208,2.4935714285714283
183,211,14.1
183,213,3.8000000000000003
183,215,13.1
183,216,13.0925
183,223,10.76
183,226,12.92
183,229,11.883333333333333
183,230,11.969999999999999
183,231,15.97
183,232,13.855
183,234,14.059999999999999
183,235,7.25
183,236,12.566666666666668
183,237,9.6
183,238,10.94
183,239,12.87
183,241,5.47
183,242,1.22
183,243,7.651428571428572
183,244,8.33222222222222
183,247,8.006666666666666
183,248,4.512
183,249,14.350000000000001
183,250,1.9900000000000002
183,254,3.8525
183,258,14.28
183,259,5.34
183,260,11.24
183,262,9.833333333333334
183,263,8.466666666666667
184,3,4.51
184,20,5.2
184,32,3.755
184,37,16.7
184,41,10.8
184,42,0.9
184,47,7.02
184,51,2.325
184,58,1.23
184,68,12.475
184,75,9.3
184,78,5.49
184,81,3.4
184,114,21.51
184,116,11.73
184,127,6.25
184,135,11.5
184,141,11.75
184,142,15.11
184,152,14.88
184,153,10.32
184,174,4.5
184,188,20.96
184,197,14.05
184,208,3.93
184,213,3.8649999999999998
184,229,13.62
184,231,16.8
184,238,12.2
184,239,12.93
184,242,3.01
184,243,10.06
184,244,9.0
184,250,3.24
185,1,4.7
185,3,1.609
185,4,12.883333333333333
185,7,10.503333333333332
185,10,17.15
185,16,12.5
185,17,16.633333333333333
185,18,2.393333333333333
185,20,2.0016666666666665
185,22,14.4
185,24,9.567142857142857
185,31,2.41
185,32,1.218
185,33,14.74
185,35,17.7
185,36,15.756666666666666
185,37,15.950000000000001
185,39,18.1
185,40,17.62
185,41,7.47875
185,42,7.541282051282051
185,46,4.48
185,47,3.4825
185,48,12.0425
185,49,19.175
185,50,14.1
185,51,2.772666666666667
185,52,3.65
185,55,25.25
185,58,4.19
185,59,1.94
185,60,3.819
185,61,19.29
185,62,16.9
185,65,16.346666666666668
185,68,15.15
185,69,6.2128571428571435
185,71,18.7
185,72,17.049999999999997
185,74,7.316363636363636
185,75,7.9421739130434785
185,76,18.683333333333334
185,77,16.5
185,78,2.4183333333333334
185,79,12.45
185,80,13.6
185,81,2.827
185,82,10.8
185,83,12.89
185,86,23.008
185,87,14.45
185,88,16.64
185,89,21.216666666666665
185,90,11.700000000000001
185,91,19.5
185,92,8.82
185,94,3.3533333333333335
185,95,12.0
185,97,14.7
185,100,12.287777777777778
185,102,14.0
185,107,11.1
185,108,26.7
185,113,13.7
185,116,8.282
185,119,5.72
185,120,4.6
185,121,12.7
185,126,4.888
185,127,3.5825
185,129,9.485
185,130,13.625
185,131,11.8
185,132,17.41
185,134,11.3
185,136,2.8775
185,137,13.151111111111112
185,138,11.18
185,140,9.308571428571428
185,141,9.59
185,142,12.299999999999999
185,143,11.183333333333332
185,146,10.1
185,147,5.027142857142857
185,148,14.655000000000001
185,151,9.315
185,152,7.8975
185,157,12.1
185,159,6.497
185,160,5.7
185,161,11.217142857142857
185,162,10.7
185,163,13.187999999999999
185,164,11.370000000000001
185,165,20.6
185,166,9.968571428571428
185,167,4.637142857142857
185,168,6.628235294117648
185,169,3.4625000000000004
185,170,13.065
185,171,8.15
185,173,10.95
185,174,2.9308333333333336
185,177,16.6125
185,179,7.8
185,182,2.151818181818182
185,183,2.4
185,186,13.945
185,188,15.3
185,193,13.55
185,198,14.38
185,200,6.82
185,205,13.984
185,208,3.2155555555555555
185,210,22.814285714285713
185,211,15.3
185,212,5.392
185,213,3.63
185,215,14.175
185,216,14.533333333333333
185,218,20.17
185,220,5.95
185,223,8.7
185,224,13.885000000000002
185,225,16.7
185,226,11.318181818181818
185,227,21.066666666666666
185,228,23.4
185,229,13.81
185,230,13.2
185,231,16.5
185,232,15.840000000000002
185,233,11.6
185,234,13.455
185,235,5.391666666666667
185,236,9.131666666666666
185,237,9.474
185,238,11.45
185,239,13.502500000000001
185,241,3.5085714285714285
185,242,1.4942105263157894
185,243,5.917
185,244,6.685
185,246,13.537777777777778
185,247,5.993333333333333
185,248,3.3425000000000002
185,249,14.08
185,250,2.415714285714286
185,252,7.58
185,254,2.785
185,255,20.1
185,259,4.456666666666667
185,261,11.149999999999999
185,262,8.2525
185,263,9.027142857142858
186,1,16.534354838709678
186,3,15.12125
186,4,2.733952299829642
186,5,26.02
186,6,17.65
186,7,5.7952405063291135
186,8,5.82
186,9,13.07125
186,10,15.783666666666667
186,11,14.13
186,12,4.2838095238095235
186,13,3.6022588126159554
186,14,11.518487394957983
186,15,16.728
186,16,14.899333333333335
186,17,7.405389221556886
186,18,13.468571428571428
186,19,15.5
186,20,12.747
186,21,13.381111111111112
186,22,12.961111111111112
186,23,22.63
186,24,4.69932944606414
186,25,6.440928961748634
186,26,10.616363636363635
186,27,24.43
186,28,12.692222222222222
186,29,18.115714285714287
186,31,13.807333333333332
186,32,13.779230769230768
186,33,5.779558441558442
186,34,6.4596
186,35,11.1775
186,36,7.5572
186,37,7.608316831683169
186,38,17.5925
186,39,15.29
186,40,6.903404255319149
186,41,5.660215208034433
186,42,7.098539741219963
186,43,2.6016961561928005
186,44,30.52
186,45,3.270802213001383
186,46,16.2
186,47,11.779411764705882
186,48,1.103916955906929
186,49,6.819875
186,50,1.5920851688693098
186,51,16.22909090909091
186,52,6.497791411042946
186,53,12.62125
186,54,6.881846153846154
186,55,15.978181818181817
186,56,8.580666666666668
186,57,11.065
186,58,15.41
186,59,11.7
186,60,11.688181818181818
186,61,8.424136363636363
186,62,8.442894736842105
186,63,11.876249999999999
186,64,16.19375
186,65,5.618050847457627
186,66,5.510073800738008
186,67,11.855
186,68,0.8921005752458712
186,69,9.430357142857144
186,70,9.800980392156863
186,71,11.141176470588235
186,72,10.70111111111111
186,73,11.735454545454546
186,74,5.698903846153846
186,75,4.508101083032491
186,76,12.955625
186,77,12.386153846153848
186,78,11.256315789473684
186,79,2.1843906020558004
186,80,6.281293532338308
186,81,15.55181818181818
186,82,7.9566
186,83,8.33125
186,84,30.44
186,85,10.442432432432433
186,86,21.930000000000003
186,87,4.345359897172236
186,88,4.689832635983263
186,89,10.391805555555557
186,90,0.761681450057848
186,91,13.454545454545455
186,92,11.952727272727273
186,93,10.10875
186,94,10.8425
186,95,9.592089552238805
186,97,5.95204
186,98,13.19125
186,100,0.6355840380549683
186,101,15.484285714285713
186,102,9.230500000000001
186,106,7.651067961165048
186,107,1.3433314738368851
186,108,16.266666666666666
186,109,26.6
186,111,8.42
186,112,4.865384615384615
186,113,1.5705367168201214
186,114,1.8902430307362401
186,115,19.396666666666665
186,116,7.474076086956522
186,117,23.428571428571427
186,118,19.012
186,119,9.705714285714285
186,120,9.128181818181817
186,121,11.501
186,122,17.665
186,123,12.558
186,124,15.215454545454547
186,125,2.072152489626556
186,126,10.77875
186,127,10.20724832214765
186,128,10.479333333333333
186,129,7.5962
186,130,14.382941176470588
186,131,14.972307692307691
186,132,17.05782690498589
186,133,9.652950819672132
186,134,10.329
186,135,12.038888888888888
186,136,11.109565217391305
186,137,1.209490937746257
186,138,10.232748024582968
186,139,18.612000000000002
186,140,3.1071879854997406
186,141,2.823537704184381
186,142,2.0173916184971095
186,143,2.362828062522719
186,144,2.555540268456376
186,145,3.8241407867494823
186,146,4.350975609756097
186,147,9.551363636363636
186,148,2.937844522968198
186,149,15.153333333333332
186,150,16.465
186,151,4.389209245742093
186,152,6.4519597989949755
186,153,11.831666666666665
186,154,15.4
186,155,16.6095
186,157,6.511836734693877
186,158,1.5213331212217627
186,159,8.212258064516128
186,160,7.824285714285714
186,161,1.240448330454807
186,162,1.554626733921816
186,163,1.4965209382291538
186,164,0.693740853114403
186,165,12.435
186,166,5.322138590203107
186,167,9.120476190476191
186,168,7.16287356321839
186,169,10.25
186,170,1.0124409174151914
186,171,12.875
186,172,19.17
186,173,9.421666666666667
186,174,14.424000000000001
186,175,17.58
186,176,19.906666666666666
186,177,9.65936170212766
186,178,10.942499999999999
186,179,6.0714765100671135
186,180,11.839999999999998
186,181,7.635796296296296
186,182,12.656
186,183,14.513
186,185,14.374666666666666
186,187,17.9975
186,188,9.071472868217054
186,189,6.871946308724832
186,190,8.437000000000001
186,191,16.9975
186,192,11.744444444444445
186,193,4.5249999999999995
186,194,8.00625
186,195,7.774964028776979
186,196,8.829375
186,197,11.6395
186,198,7.774084507042254
186,200,12.350877192982455
186,201,22.12818181818182
186,202,5.653370786516854
186,203,21.645
186,205,15.965
186,206,17.585
186,208,14.54388888888889
186,209,4.016334913112164
186,210,17.55764705882353
186,211,2.2400499168053245
186,212,11.64375
186,213,11.434615384615386
186,215,10.692499999999999
186,216,13.997222222222222
186,217,6.0779069767441865
186,218,19.116999999999997
186,219,16.2675
186,220,11.577866666666667
186,221,15.3
186,222,18.407999999999998
186,223,7.523463414634146
186,224,1.935946275946276
186,225,7.819886363636363
186,226,4.741304347826087
186,227,9.776250000000001
186,228,8.584399999999999
186,229,2.089831325301205
186,230,1.0356606380306457
186,231,2.803265582655827
186,232,3.5984704904405653
186,233,1.488249263622975
186,234,0.9434500137450748
186,235,10.078913043478261
186,236,3.44144262295082
186,237,2.4277001334222814
186,238,3.7606084017382906
186,239,2.9581277056277058
186,240,13.91
186,241,12.438461538461537
186,242,14.239500000000001
186,243,9.371926345609065
186,244,8.225302419354838
186,245,17.153333333333332
186,246,1.0156148367154951
186,247,9.28673076923077
186,248,11.83
186,249,1.3120619993033786
186,250,12.724615384615383
186,251,19.478
186,252,13.144
186,254,14.767500000000002
186,255,6.060162601626016
186,256,5.697527593818984
186,257,9.330315789473683
186,258,11.753529411764706
186,259,14.699677419354838
186,260,6.4527397260273975
186,261,3.934846103470858
186,262,3.930897274633124
186,263,3.784464113292565
187,6,5.79
187,14,9.02
187,45,18.33
187,170,19.88
187,228,11.5
187,261,15.7
188,1,10.34
188,3,19.02
188,4,7.1872727272727275
188,7,10.776
188,10,9.974
188,11,7.536666666666666
188,13,6.6
188,14,7.2384615384615385
188,15,22.1
188,16,15.30153846153846
188,17,2.893076923076923
188,18,16.057142857142857
188,19,14.425
188,20,21.0
188,21,5.3875
188,22,5.3673913043478265
188,23,15.27
188,24,13.049999999999999
188,25,3.3787654320987657
188,26,3.972537313432836
188,28,9.69875
188,29,7.330588235294118
188,30,12.85
188,31,19.2
188,32,17.466666666666665
188,33,4.652181818181818
188,34,3.218
188,35,2.3559154929577466
188,36,4.341125
188,37,3.8543103448275864
188,38,13.613
188,39,3.734170616113744
188,40,3.904285714285714
188,41,12.739999999999998
188,42,14.346363636363636
188,43,12.421666666666667
188,45,5.424736842105263
188,47,17.75
188,48,9.56047619047619
188,49,2.6816190476190473
188,50,10.206666666666667
188,51,19.073076923076922
188,52,4.542222222222223
188,53,12.86
188,54,5.1275
188,55,9.030000000000001
188,56,9.92875
188,58,18.76
188,60,16.34090909090909
188,61,2.0588728323699423
188,62,1.1247058823529412
188,63,5.028148148148148
188,65,3.7327692307692306
188,66,4.458076923076923
188,67,6.112
188,68,8.700816326530612
188,69,13.621739130434783
188,71,1.5888513513513514
188,72,1.7433576642335766
188,73,12.32
188,74,14.103846153846153
188,75,12.952424242424243
188,76,4.17925
188,77,3.308529411764706
188,78,17.204285714285714
188,79,6.005
188,80,4.587166666666667
188,81,18.85
188,82,10.004666666666667
188,83,8.295
188,85,1.330470588235294
188,86,14.11578947368421
188,87,6.3444
188,88,6.036666666666666
188,89,1.930253164556962
188,90,8.318999999999999
188,91,3.4928275862068965
188,92,12.299
188,93,12.29
188,94,23.266666666666666
188,95,9.223809523809523
188,96,7.51
188,97,3.1295505617977524
188,98,9.7
188,100,9.453529411764706
188,101,15.85
188,102,6.215714285714286
188,106,3.1384375
188,107,6.899523809523809
188,108,8.161
188,112,5.586875
188,113,6.468461538461539
188,114,6.911333333333333
188,116,16.04
188,117,12.106875
188,119,16.080000000000002
188,121,13.0
188,122,12.838888888888889
188,123,5.085263157894737
188,124,5.6825
188,125,7.02
188,126,18.38
188,127,18.65142857142857
188,129,10.4675
188,130,10.003809523809524
188,131,11.596666666666666
188,132,11.22734693877551
188,133,2.244333333333333
188,134,9.55
188,135,9.7075
188,137,8.068526315789473
188,138,12.195555555555554
188,139,12.385789473684211
188,140,10.367916666666666
188,141,11.489411764705881
188,142,10.899411764705881
188,143,11.53
188,144,5.977058823529411
188,145,7.760232558139535
188,146,8.781428571428572
188,148,6.5648275862068965
188,149,4.07695652173913
188,150,6.259090909090909
188,151,11.5
188,152,14.306666666666667
188,154,4.3
188,155,3.933684210526316
188,156,15.4
188,157,6.533636363636364
188,158,7.264
188,159,12.0
188,160,7.001818181818181
188,161,9.785277777777777
188,162,9.427619047619046
188,163,10.965714285714286
188,164,9.2225
188,165,3.3200000000000003
188,166,13.5075
188,167,16.716666666666665
188,168,17.672
188,169,17.259999999999998
188,170,8.427380952380952
188,171,7.225
188,173,11.35
188,174,15.983333333333334
188,175,13.02
188,177,2.842142857142857
188,178,4.887142857142857
188,179,11.77
188,180,6.311818181818182
188,181,2.663386243386243
188,182,16.549166666666668
188,183,19.69
188,185,19.088333333333335
188,186,9.831428571428571
188,189,2.003392857142857
188,190,1.4318181818181819
188,191,14.266666666666666
188,192,10.35
188,193,7.941
188,194,15.03
188,195,4.575
188,196,10.596666666666666
188,197,8.501999999999999
188,198,4.92448275862069
188,200,19.95
188,201,10.035
188,202,9.605
188,203,12.824444444444445
188,205,12.434761904761904
188,208,16.9
188,209,6.0725
188,210,5.603793103448275
188,211,6.070833333333333
188,213,17.683636363636364
188,214,12.485
188,215,10.66
188,216,8.835806451612903
188,217,3.316923076923077
188,218,10.84153846153846
188,219,10.398235294117647
188,220,19.966666666666665
188,222,4.0485
188,223,11.905
188,224,4.8125
188,225,3.142027972027972
188,226,7.181891891891892
188,227,4.1519047619047615
188,228,4.652105263157895
188,229,10.166666666666666
188,230,9.262820512820513
188,231,6.692166666666666
188,232,6.158846153846154
188,233,8.927333333333333
188,234,7.264285714285714
188,235,19.09222222222222
188,236,11.330769230769231
188,237,10.893571428571429
188,238,13.68
188,239,11.54857142857143
188,240,21.366666666666664
188,241,19.414285714285715
188,242,17.333333333333332
188,243,17.642
188,244,17.61388888888889
188,246,9.218235294117648
188,247,13.924000000000001
188,248,17.9
188,249,7.742857142857142
188,250,15.342857142857143
188,252,14.11
188,254,20.6225
188,255,4.893902439024391
188,256,4.490222222222222
188,257,2.038
188,258,6.141538461538461
188,260,12.1
188,261,5.794722222222223
188,262,11.120000000000001
188,263,13.36909090909091
189,1,18.42
189,4,4.835
189,6,9.14
189,7,9.359583333333333
189,10,11.166666666666666
189,11,12.45
189,13,4.805454545454546
189,14,6.070416666666667
189,15,15.49
189,17,1.923
189,18,17.61
189,20,18.15
189,21,6.43
189,22,6.266666666666667
189,24,12.1
189,25,1.3943589743589744
189,26,4.0128571428571425
189,28,11.016666666666666
189,29,10.728333333333333
189,32,19.22
189,33,2.0641176470588234
189,34,1.6280000000000001
189,35,3.415625
189,36,4.067608695652174
189,37,3.4854545454545454
189,38,17.435000000000002
189,39,5.5648275862068965
189,40,2.1180952380952385
189,41,13.346153846153847
189,42,13.023478260869567
189,43,11.335
189,45,3.9777777777777774
189,47,16.89
189,48,7.430526315789474
189,49,1.1187272727272728
189,50,7.0746153846153845
189,51,18.9
189,52,2.854545454545455
189,53,12.83625
189,54,4.664
189,55,7.3
189,61,1.7171428571428573
189,62,1.363076923076923
189,63,5.12875
189,65,1.6872727272727273
189,66,2.4510526315789476
189,67,7.66
189,68,6.204285714285715
189,69,12.6
189,70,11.89
189,71,3.566190476190476
189,72,3.7428
189,74,12.47875
189,75,9.988888888888889
189,76,5.51074074074074
189,77,4.655
189,78,16.95
189,79,4.155238095238095
189,80,3.9426829268292685
189,81,21.61833333333333
189,82,7.43
189,83,7.498
189,85,3.0275
189,86,15.649999999999999
189,87,4.007
189,88,4.202
189,89,2.8059322033898306
189,90,5.5344444444444445
189,91,4.727222222222222
189,92,12.086
189,93,10.7
189,95,10.312857142857142
189,97,1.251186440677966
189,100,5.506363636363637
189,102,5.1275
189,106,1.5386666666666666
189,107,5.462173913043478
189,108,10.368
189,111,2.5
189,112,4.950571428571429
189,113,4.823333333333333
189,114,3.953888888888889
189,116,13.0
189,117,16.583333333333332
189,121,10.35
189,122,13.865
189,123,5.626666666666666
189,124,7.27
189,125,4.375454545454546
189,126,13.25
189,127,17.19
189,129,8.331111111111111
189,130,10.71
189,132,11.743703703703703
189,133,3.3872222222222224
189,135,10.024999999999999
189,136,15.733333333333334
189,137,6.108333333333333
189,138,11.058653846153845
189,139,13.190000000000001
189,140,10.859354838709677
189,141,8.993333333333332
189,142,8.765454545454546
189,143,9.075454545454546
189,144,3.6643478260869564
189,145,6.839545454545455
189,146,8.285714285714286
189,147,23.4
189,148,3.7800000000000002
189,149,5.428
189,150,6.81
189,151,10.688571428571427
189,152,12.5
189,155,7.525714285714286
189,157,5.39625
189,158,5.711111111111111
189,159,13.822857142857144
189,160,7.1
189,161,7.486190476190477
189,162,7.478518518518518
189,163,8.791428571428572
189,164,5.725454545454546
189,165,4.737500000000001
189,166,12.806000000000001
189,167,13.0
189,168,13.26
189,169,15.0
189,170,6.175789473684211
189,171,13.66
189,173,13.09
189,177,3.3920000000000003
189,179,9.940000000000001
189,181,1.2337931034482759
189,182,15.4
189,186,6.050909090909091
189,188,2.1147540983606556
189,190,1.5074999999999998
189,191,12.95
189,193,8.08
189,194,12.16
189,195,3.296666666666667
189,196,9.49
189,197,17.28
189,198,4.721
189,201,19.740000000000002
189,202,8.25
189,203,13.0
189,205,14.126666666666667
189,208,14.9
189,209,4.133636363636364
189,210,6.47875
189,211,3.915625
189,215,11.5
189,216,8.108
189,218,12.2
189,220,18.003333333333334
189,222,4.8
189,223,10.26875
189,224,5.0
189,225,2.947659574468085
189,226,7.425
189,227,3.9846153846153842
189,228,3.2256521739130433
189,229,7.5280000000000005
189,230,7.958947368421053
189,231,4.16
189,232,3.9735294117647055
189,233,6.9375
189,234,5.548076923076923
189,236,10.25
189,237,9.229999999999999
189,238,9.869166666666667
189,239,9.052857142857142
189,241,11.05
189,242,18.136
189,243,14.433333333333332
189,244,14.95625
189,246,6.693529411764706
189,247,10.719999999999999
189,248,17.8
189,249,5.1674999999999995
189,251,12.38
189,252,14.72
189,254,18.855
189,255,3.7725
189,256,3.2700000000000005
189,257,2.2363157894736845
189,258,7.1499999999999995
189,259,10.2
189,260,7.881428571428572
189,261,4.328
189,262,9.635454545454545
189,263,10.08
190,4,6.49
190,7,15.94
190,10,9.0
190,12,6.3
190,14,6.341666666666666
190,17,2.448571428571429
190,21,5.0
190,22,9.469999999999999
190,24,10.6
190,25,2.173636363636364
190,26,2.9299999999999997
190,28,15.495
190,30,13.02
190,33,2.73875
190,35,3.4599999999999995
190,36,4.575
190,37,4.413571428571428
190,38,27.7
190,39,5.1899999999999995
190,40,2.54375
190,41,11.9
190,42,13.64
190,43,8.46
190,45,3.8
190,48,9.08
190,49,1.87
190,50,10.49
190,52,3.0214285714285714
190,54,3.17
190,55,8.095
190,60,17.18
190,61,2.017391304347826
190,62,1.8240000000000003
190,63,5.54
190,65,2.2866666666666666
190,66,4.11
190,71,2.755
190,72,3.033333333333333
190,74,12.2
190,75,11.175
190,76,4.894444444444444
190,77,4.05
190,79,5.29
190,80,4.802
190,81,21.166666666666668
190,83,6.84
190,85,1.37
190,87,5.286666666666666
190,89,1.988
190,91,3.87
190,95,11.17
190,97,2.0282352941176467
190,102,7.11
190,106,2.068
190,107,6.650000000000001
190,108,11.3
190,112,5.307857142857143
190,113,5.077500000000001
190,114,5.105
190,116,13.5
190,125,5.47
190,132,11.4875
190,133,1.58
190,137,7.21
190,138,10.56
190,140,10.805
190,141,10.18
190,142,9.299999999999999
190,143,8.774999999999999
190,144,5.17
190,148,5.011428571428572
190,152,12.3
190,158,6.225
190,161,9.0
190,162,9.12
190,163,8.45
190,164,5.84
190,165,3.84
190,166,12.98
190,169,16.7
190,170,7.544
190,171,12.73
190,177,3.115
190,180,13.46
190,181,1.5409523809523809
190,182,15.6
190,186,5.63
190,187,15.47
190,188,1.32
190,189,1.311
190,195,3.6
190,196,8.85
190,198,5.086666666666667
190,209,6.390000000000001
190,210,5.66
190,211,5.01
190,213,16.4
190,217,3.51
190,221,8.6
190,222,5.4
190,223,8.055
190,224,7.260000000000001
190,225,3.680909090909091
190,226,7.84
190,227,6.875
190,228,3.296666666666667
190,229,9.165
190,230,8.43
190,231,5.436666666666667
190,232,4.64
190,236,11.425
190,237,8.976666666666667
190,238,11.65
190,244,15.59
190,246,9.29
190,249,6.3275
190,254,23.88
190,255,4.398
190,256,4.007894736842106
190,257,1.35
190,263,11.17
191,3,13.896666666666667
191,4,13.6
191,7,12.620000000000001
191,9,4.135
191,10,5.38375
191,11,23.08
191,13,18.2
191,14,20.2225
191,15,6.4075
191,16,4.049230769230769
191,17,14.3375
191,18,14.95
191,19,1.7604545454545457
191,22,19.233333333333334
191,25,17.90909090909091
191,28,3.9925
191,30,13.73
191,32,15.887142857142859
191,33,15.333333333333334
191,34,16.195
191,35,11.631764705882354
191,36,10.848571428571429
191,37,12.89846153846154
191,38,1.7707407407407407
191,39,13.335625
191,41,15.66625
191,42,14.978571428571428
191,43,17.75
191,45,19.115
191,46,15.29
191,47,14.837499999999999
191,49,14.923333333333334
191,50,18.2825
191,51,12.299999999999999
191,52,20.2
191,53,9.161666666666667
191,55,20.25
191,56,8.101666666666667
191,60,17.47
191,61,12.751785714285715
191,63,9.694285714285714
191,64,3.69
191,65,16.185714285714287
191,66,17.645
191,68,15.525
191,69,17.44
191,70,9.55
191,71,14.17818181818182
191,72,12.855555555555556
191,73,5.83
191,74,15.585714285714285
191,75,13.005555555555555
191,76,11.11216216216216
191,77,11.617272727272727
191,78,13.66
191,79,21.2
191,80,13.273636363636363
191,81,15.839999999999998
191,82,8.942307692307692
191,83,12.216666666666667
191,85,14.364444444444445
191,86,9.615
191,87,17.05
191,89,15.889999999999999
191,90,15.866666666666667
191,91,17.46875
191,92,8.208823529411765
191,93,4.99
191,95,6.543928571428571
191,97,13.825999999999999
191,98,3.680909090909091
191,100,15.555555555555555
191,101,3.8095454545454546
191,102,7.65
191,106,15.0
191,107,15.105714285714287
191,108,19.096666666666668
191,112,13.42
191,117,11.200000000000001
191,119,17.85
191,121,4.84
191,122,1.4983333333333333
191,123,21.450000000000003
191,124,11.12
191,125,16.5
191,126,11.555
191,127,19.4
191,128,20.2
191,129,11.716470588235294
191,130,3.654513274336283
191,131,2.1913953488372093
191,132,8.98875
191,134,5.806
191,135,5.386666666666667
191,136,19.14
191,137,16.11
191,139,4.169411764705882
191,140,16.391176470588235
191,141,8.115
191,142,16.45
191,143,16.515384615384615
191,144,15.92
191,145,13.896666666666667
191,146,12.836666666666666
191,147,13.4
191,151,20.0
191,155,16.015
191,157,9.72
191,159,14.62
191,160,9.135
191,161,15.63
191,162,15.251999999999999
191,163,19.87
191,164,14.975
191,165,19.07
191,166,16.065714285714286
191,167,14.6
191,168,14.4
191,169,14.31
191,170,14.212857142857143
191,171,5.636666666666667
191,173,8.959999999999999
191,174,16.240000000000002
191,175,2.807777777777778
191,177,11.6075
191,179,13.158333333333333
191,180,8.5775
191,181,16.383333333333333
191,182,11.91
191,186,16.074
191,188,15.9675
191,189,13.3
191,190,16.96666666666667
191,192,6.3100000000000005
191,194,14.85
191,195,14.299999999999999
191,196,7.418571428571428
191,197,7.010000000000001
191,198,10.200000000000001
191,201,16.074
191,202,12.9
191,203,4.434285714285714
191,205,2.5034545454545456
191,207,13.29
191,208,13.41
191,210,12.366666666666667
191,212,12.0
191,213,12.533333333333333
191,215,3.5700000000000003
191,216,8.02139534883721
191,217,14.92
191,218,5.644
191,219,5.202608695652174
191,220,19.064999999999998
191,222,12.037142857142857
191,223,12.22
191,224,14.9
191,225,12.694705882352942
191,226,12.247142857142858
191,228,19.843333333333334
191,230,13.89
191,231,18.11176470588235
191,232,15.2
191,233,14.65
191,234,15.6
191,235,16.6
191,236,12.6
191,237,14.6
191,238,16.9
191,239,20.1
191,242,13.481428571428571
191,243,16.4
191,244,18.631999999999998
191,246,15.96
191,248,12.766666666666666
191,249,17.566666666666666
191,250,11.865
191,252,8.906666666666666
191,254,15.066666666666668
191,255,19.115000000000002
191,256,14.63
191,258,9.101666666666667
191,259,17.05
191,260,13.7825
191,261,17.1
191,263,17.265
192,3,8.7
192,7,7.048181818181818
192,9,2.186666666666667
192,10,5.463333333333334
192,15,6.163333333333334
192,16,4.915
192,17,10.12
192,19,8.305
192,21,18.6525
192,24,10.1
192,26,18.65
192,28,3.841666666666667
192,30,12.69
192,35,8.57
192,36,6.56
192,37,8.4525
192,38,8.9
192,39,10.11
192,42,11.875
192,45,13.07
192,47,10.77
192,48,9.6875
192,49,9.77
192,53,3.447777777777778
192,55,19.11
192,56,2.4175
192,57,3.1
192,61,9.713333333333333
192,62,10.205
192,63,7.296666666666667
192,64,5.79
192,66,11.2
192,70,3.9699999999999998
192,71,13.1
192,72,12.0
192,73,1.475
192,74,9.850000000000001
192,75,10.974
192,76,9.350000000000001
192,77,9.35
192,80,8.1
192,82,3.643125
192,83,5.1775
192,85,10.1
192,86,15.1
192,87,12.0
192,88,13.56
192,89,12.366666666666667
192,92,1.9465217391304346
192,93,0.23
192,95,2.8813636363636363
192,98,2.5
192,100,10.2
192,102,6.3075
192,112,7.8
192,113,10.92
192,116,14.82
192,121,2.4699999999999998
192,122,5.7
192,124,9.1
192,127,13.24
192,129,4.897857142857142
192,130,4.60125
192,131,3.3800000000000003
192,132,8.835
192,134,4.245
192,135,1.84
192,136,15.27
192,138,4.615
192,139,11.913333333333334
192,141,9.7
192,142,9.433333333333334
192,143,11.8
192,144,11.18
192,145,8.27
192,146,7.853333333333334
192,148,11.38
192,149,19.55
192,157,5.4575
192,159,10.82
192,160,4.8
192,162,9.94
192,164,9.815000000000001
192,167,11.290000000000001
192,169,10.0
192,170,10.133333333333333
192,171,2.535
192,173,3.0825
192,175,5.15
192,179,7.080000000000001
192,180,6.87
192,181,11.6
192,188,12.7
192,190,15.36
192,191,6.87
192,193,8.375
192,195,12.81
192,196,2.99
192,197,4.551428571428572
192,198,6.17
192,203,12.48
192,205,7.145
192,208,8.8
192,211,11.07
192,212,8.49
192,213,7.4
192,215,6.3525
192,216,6.08
192,218,9.6
192,219,8.876666666666667
192,220,15.3
192,222,12.1
192,223,5.9
192,224,10.32
192,225,8.15
192,226,6.845
192,227,15.89
192,228,8.4
192,229,16.7
192,231,15.4
192,232,11.39
192,233,9.2
192,235,11.563333333333333
192,236,10.8
192,237,9.986666666666666
192,238,12.7
192,242,8.857142857142858
192,243,12.0
192,246,11.925
192,249,11.16
192,250,7.3
192,252,5.154
192,255,8.09
192,256,13.2
192,258,5.8825
192,260,6.223333333333334
192,261,10.2
192,262,11.55
193,1,22.96
193,3,11.753333333333336
193,4,5.195454545454545
193,7,1.6104395604395605
193,9,11.566666666666668
193,10,12.87
193,12,7.81
193,13,8.565
193,14,13.37
193,16,12.42
193,17,6.232222222222223
193,18,12.200000000000001
193,19,12.7
193,20,9.283333333333333
193,21,14.683333333333332
193,22,20.35
193,24,6.07
193,25,7.1000000000000005
193,26,9.1
193,28,10.688461538461537
193,29,15.433333333333332
193,31,8.93
193,32,11.057500000000001
193,33,7.2775
193,34,8.9
193,35,12.524285714285714
193,36,6.271538461538461
193,37,6.141578947368421
193,38,16.683333333333334
193,39,14.373333333333333
193,40,9.36
193,41,5.765
193,42,6.744634146341463
193,43,3.3013333333333335
193,45,6.675882352941177
193,47,8.605
193,48,4.038571428571428
193,49,6.015714285714286
193,50,4.166666666666667
193,51,12.20625
193,52,7.64
193,53,9.615
193,55,14.85
193,56,7.156923076923078
193,60,8.786666666666667
193,61,7.698125
193,62,7.2
193,63,10.6975
193,65,7.134285714285714
193,66,7.3999999999999995
193,68,4.438000000000001
193,69,7.7524999999999995
193,70,4.998571428571429
193,71,10.34
193,72,9.2025
193,74,5.4115625
193,75,4.456666666666667
193,76,11.204666666666666
193,77,12.112941176470587
193,78,9.42
193,79,5.084285714285714
193,80,3.94125
193,81,12.6
193,82,5.4799999999999995
193,83,3.9327272727272726
193,85,9.1
193,86,18.1
193,87,7.289999999999999
193,88,7.745
193,89,11.205
193,90,4.919
193,91,12.066666666666668
193,92,7.728
193,93,9.37
193,95,7.848666666666667
193,97,6.074
193,98,11.08
193,100,4.126666666666667
193,101,17.54
193,102,8.8075
193,106,12.575
193,107,4.047857142857143
193,112,2.343783783783784
193,113,5.247857142857143
193,114,5.824
193,116,8.016666666666666
193,117,22.73
193,119,6.696666666666666
193,121,9.455454545454545
193,122,10.945
193,124,11.12
193,125,8.120000000000001
193,126,7.0
193,127,9.677777777777777
193,129,3.741282051282051
193,130,11.148421052631578
193,131,10.902857142857142
193,132,14.931111111111111
193,133,10.8
193,134,9.535714285714286
193,135,11.5225
193,136,10.389999999999999
193,137,4.225
193,138,5.600909090909091
193,139,18.23
193,140,2.585068493150685
193,141,2.5037142857142856
193,142,3.3600000000000003
193,143,3.645
193,144,5.472857142857143
193,145,1.3835185185185186
193,146,1.1707042253521127
193,147,8.045
193,148,6.143333333333333
193,151,5.0
193,152,6.8
193,155,13.45
193,157,5.210000000000001
193,158,5.206666666666667
193,159,7.131
193,160,7.0875
193,161,3.0711363636363633
193,162,2.980294117647059
193,163,3.0626923076923074
193,164,3.683658536585366
193,165,13.93
193,166,6.529166666666666
193,167,8.32
193,168,5.9775
193,169,7.7
193,170,4.120322580645161
193,171,8.040000000000001
193,172,20.85
193,173,5.49
193,175,12.88
193,177,8.607142857142858
193,178,3.83
193,179,1.40225
193,180,11.62
193,181,7.353333333333334
193,182,9.743333333333334
193,185,12.1
193,186,4.191851851851852
193,188,7.64
193,189,6.9575
193,190,12.22
193,191,15.15
193,192,7.66
193,194,5.3
193,195,9.336
193,196,6.136
193,197,10.864285714285714
193,198,5.776666666666666
193,200,14.276666666666666
193,202,1.4603703703703703
193,205,14.188333333333333
193,207,2.605
193,208,11.045
193,209,5.9725
193,210,18.835
193,211,5.8
193,212,8.1
193,213,8.385
193,215,11.122857142857143
193,216,12.41625
193,217,5.875
193,218,15.805
193,219,15.699999999999998
193,222,16.173333333333332
193,223,3.01609375
193,224,4.695
193,225,5.35125
193,226,2.106034482758621
193,227,13.28
193,228,10.828333333333333
193,229,2.5245161290322584
193,230,3.514146341463415
193,231,7.874545454545455
193,232,5.7299999999999995
193,233,3.2880000000000003
193,234,4.067857142857143
193,235,8.928
193,236,3.5375
193,237,3.2493333333333334
193,238,5.35375
193,239,4.061111111111111
193,240,11.6
193,241,10.7
193,242,9.85
193,243,9.113333333333333
193,244,9.059999999999999
193,246,4.883846153846154
193,247,7.721666666666667
193,248,7.0
193,249,7.168571428571428
193,250,9.766666666666667
193,252,10.02
193,254,13.008333333333333
193,255,3.5729411764705885
193,256,5.358333333333333
193,258,9.463333333333333
193,259,13.4075
193,260,2.5464285714285713
193,261,8.0575
193,262,3.6357142857142857
193,263,3.4766666666666666
194,3,9.46
194,7,3.775
194,13,12.799999999999999
194,14,18.88
194,17,9.700000000000001
194,18,9.19
194,21,18.85
194,24,4.49
194,25,12.16
194,28,12.825
194,36,10.22
194,37,12.423333333333334
194,41,2.9122222222222223
194,42,2.914
194,43,4.806666666666667
194,48,9.1125
194,49,9.92
194,50,7.7225
194,56,8.355
194,61,12.65
194,65,13.14
194,66,11.77
194,68,8.42
194,69,3.8
194,70,4.8
194,74,2.002222222222222
194,75,2.8049999999999997
194,78,6.0
194,79,8.705
194,80,9.784
194,82,6.345000000000001
194,83,6.64
194,87,11.2
194,90,8.733333333333333
194,94,7.56
194,95,10.605
194,97,13.34
194,100,7.333333333333333
194,107,7.273999999999999
194,112,9.684999999999999
194,116,4.5475
194,119,4.27
194,124,16.82
194,129,5.74
194,130,10.76
194,132,14.607142857142858
194,135,13.3
194,137,6.98
194,138,4.9825
194,140,3.8175
194,141,4.36125
194,142,6.192
194,143,8.0
194,145,6.995
194,150,24.73
194,151,4.03
194,152,3.2533333333333334
194,157,7.92
194,158,8.87
194,159,2.28
194,161,7.150000000000001
194,162,6.058
194,163,6.68
194,164,6.9975000000000005
194,165,20.79
194,166,3.3
194,168,3.0
194,169,7.1
194,170,6.1
194,174,8.666666666666666
194,177,18.46
194,179,4.29
194,181,14.64
194,182,6.4
194,186,7.776666666666666
194,189,12.79
194,190,11.5
194,197,10.955
194,198,7.81
194,200,10.08
194,205,12.6
194,208,5.79
194,209,9.835
194,213,4.81
194,219,16.03
194,222,20.36
194,223,3.7266666666666666
194,225,13.34
194,226,6.715
194,229,5.616666666666667
194,230,6.83
194,231,11.743333333333334
194,232,10.63
194,233,5.731428571428571
194,234,8.23
194,235,6.233333333333333
194,236,3.808666666666667
194,237,4.593999999999999
194,238,5.276000000000001
194,239,5.616470588235295
194,243,5.8
194,244,4.26
194,247,5.7
194,249,9.969999999999999
194,254,9.725
194,255,9.613333333333333
194,259,10.96
194,260,5.2
194,261,11.335
194,262,3.3899999999999997
194,263,3.559285714285714
195,1,20.980638297872343
195,4,5.9372727272727275
195,5,20.68
195,6,10.280000000000001
195,7,10.811363636363636
195,10,21.80777777777778
195,11,8.479
195,12,4.96
195,13,4.047857142857143
195,14,5.9563999999999995
195,15,18.805
195,16,22.782
195,17,4.855862068965517
195,18,17.695
195,19,20.235
195,20,18.623333333333335
195,21,8.558333333333332
195,22,8.146666666666667
195,23,19.08
195,24,10.89
195,25,2.238510638297872
195,26,4.222857142857142
195,28,15.666666666666666
195,29,11.9025
195,32,19.826666666666668
195,33,2.296582278481013
195,34,4.989999999999999
195,35,6.329444444444444
195,36,7.236
195,37,6.216538461538462
195,39,17.214285714285715
195,40,1.6285365853658536
195,41,10.884285714285713
195,42,11.541111111111112
195,43,12.165
195,44,23.21
195,45,4.2299999999999995
195,48,8.7559375
195,49,3.9644827586206897
195,50,7.415000000000001
195,51,23.575000000000003
195,52,1.551
195,53,16.41444444444444
195,54,1.5702777777777779
195,55,10.922222222222222
195,56,11.75
195,60,13.5
195,61,5.145365853658537
195,62,4.697857142857143
195,63,15.145
195,64,19.55
195,65,2.882307692307692
195,66,2.895
195,67,5.923333333333333
195,68,7.6149180327868855
195,69,16.856
195,70,14.557142857142855
195,71,6.034285714285715
195,72,8.18
195,73,15.28
195,74,12.64
195,75,10.347777777777777
195,76,14.427777777777779
195,77,7.398333333333333
195,78,15.649999999999999
195,79,6.176842105263158
195,80,6.498333333333334
195,81,27.11
195,82,11.664
195,83,9.29
195,85,4.635555555555555
195,86,31.03
195,87,4.253333333333333
195,88,4.483076923076923
195,89,4.855652173913043
195,90,6.263076923076923
195,91,7.571666666666666
195,92,15.407142857142857
195,94,15.2
195,95,12.92095238095238
195,97,3.0628125
195,98,25.64
195,100,8.090384615384615
195,102,9.39
195,106,2.247
195,107,7.1838461538461535
195,108,11.685
195,109,16.54
195,112,6.817826086956522
195,113,5.986923076923077
195,114,5.461
195,116,14.254999999999999
195,117,18.979166666666668
195,118,11.8
195,119,14.43
195,121,13.99
195,123,7.269999999999999
195,124,17.74
195,125,5.126666666666666
195,126,13.3
195,127,14.333333333333334
195,129,11.152222222222223
195,130,17.216666666666665
195,131,17.375
195,132,25.04489583333333
195,133,4.196363636363636
195,135,15.21
195,137,7.397619047619047
195,138,13.556868686868686
195,139,19.318571428571428
195,140,9.49
195,141,9.498
195,142,9.957777777777778
195,143,10.276666666666667
195,144,4.525454545454545
195,145,8.53
195,146,10.0
195,147,15.65
195,148,4.691
195,149,6.816666666666666
195,150,13.2375
195,151,11.5275
195,152,14.9
195,153,18.83
195,155,10.313333333333334
195,156,15.66
195,157,8.957777777777778
195,158,5.415294117647059
195,159,7.3500000000000005
195,160,11.1
195,161,8.702
195,162,8.981612903225807
195,163,9.632941176470588
195,164,7.882083333333333
195,165,5.113333333333333
195,166,13.73
195,167,17.990000000000002
195,168,11.8875
195,169,1.2
195,170,8.42578947368421
195,171,16.346666666666668
195,175,17.97
195,177,5.98125
195,178,5.2625
195,179,11.403333333333334
195,180,15.13
195,181,2.4010714285714285
195,183,22.89
195,185,19.9
195,186,7.472833333333333
195,187,17.365000000000002
195,188,4.869655172413793
195,189,3.565
195,190,8.370000000000001
195,191,20.831666666666667
195,192,18.98
195,193,9.11
195,196,12.065
195,197,14.706666666666669
195,198,8.374166666666667
195,201,14.088888888888889
195,203,27.985
195,205,20.031666666666666
195,206,13.165
195,208,21.853333333333335
195,209,3.9055555555555554
195,210,11.784285714285714
195,211,4.918181818181818
195,212,13.9
195,213,18.604999999999997
195,214,10.825
195,216,20.802222222222223
195,217,4.5525
195,218,23.873333333333335
195,219,13.4
195,220,17.30333333333333
195,222,13.899999999999999
195,223,11.831428571428571
195,224,7.055
195,225,5.8109090909090915
195,226,8.45
195,227,4.345
195,228,3.1224528301886796
195,229,9.282142857142857
195,230,9.100357142857144
195,231,4.132307692307692
195,232,5.537333333333334
195,233,8.592727272727272
195,234,7.036666666666667
195,235,18.83
195,236,11.008
195,237,10.021538461538462
195,238,11.686
195,239,10.365
195,242,19.64
195,243,15.0
195,244,14.997
195,246,7.3064285714285715
195,247,16.05
195,248,17.41
195,249,5.183333333333334
195,250,16.3
195,251,13.31
195,252,19.37
195,254,20.3
195,255,6.003529411764706
195,256,5.644444444444444
195,257,3.60125
195,258,14.22
195,260,10.80125
195,261,3.6961290322580647
195,262,14.40857142857143
195,263,11.13
196,3,12.27
196,4,7.866666666666667
196,7,5.852758620689655
196,9,5.026666666666666
196,10,6.702307692307692
196,12,10.3
196,13,10.48
196,14,15.94
196,15,8.294
196,16,7.479090909090909
196,17,7.2924999999999995
196,18,15.98
196,19,8.293333333333335
196,21,16.439999999999998
196,22,14.856666666666667
196,24,11.3
196,25,8.506666666666666
196,26,13.6
196,28,3.9670588235294115
196,29,14.166153846153845
196,30,9.665
196,32,15.418000000000001
196,33,8.435
196,35,5.934444444444444
196,36,4.258
196,37,5.156153846153846
196,38,9.606666666666667
196,39,8.884
196,41,5.6000000000000005
196,42,11.074
196,43,8.0
196,45,10.116666666666667
196,48,7.801333333333333
196,49,7.91
196,50,8.245999999999999
196,53,5.3075
196,55,16.416666666666668
196,56,1.2597142857142858
196,57,4.09
196,61,7.598571428571428
196,62,8.198333333333332
196,63,5.30875
196,64,9.42
196,65,8.753333333333334
196,66,9.015
196,68,8.241428571428571
196,69,10.245000000000001
196,70,3.9259999999999997
196,71,8.6
196,73,4.20875
196,74,9.398
196,75,9.7875
196,76,6.630434782608695
196,77,5.9425
196,79,8.1015
196,80,5.401875
196,82,1.5313432835820895
196,83,2.176129032258064
196,85,11.033333333333333
196,86,13.013333333333334
196,87,9.088333333333333
196,88,11.705
196,89,15.18
196,90,9.492
196,91,8.899999999999999
196,92,3.616129032258064
196,93,3.11
196,94,12.9
196,95,1.3708496732026145
196,96,3.0949999999999998
196,97,8.9
196,98,5.0
196,100,8.075000000000001
196,101,10.016666666666666
196,102,2.917692307692308
196,107,8.1925
196,108,20.4
196,112,6.12375
196,113,8.3
196,114,9.3925
196,116,11.0
196,117,13.940000000000001
196,119,12.125
196,120,13.175
196,121,4.183
196,122,7.255
196,123,15.0
196,124,5.209
196,125,12.0
196,126,13.66
196,127,13.410000000000002
196,129,2.994255319148936
196,130,4.948285714285714
196,131,5.954285714285715
196,132,8.971588785046729
196,133,10.9
196,134,2.9200000000000004
196,135,3.6520833333333336
196,136,13.13
196,137,7.224705882352941
196,138,4.4
196,139,11.809999999999999
196,140,7.809333333333333
196,141,6.892
196,142,8.918888888888889
196,143,8.066666666666666
196,144,9.958888888888888
196,145,5.660952380952381
196,146,5.437777777777778
196,147,10.2
196,148,8.306666666666667
196,151,10.12
196,155,9.966666666666667
196,157,3.1645454545454546
196,158,10.67
196,160,1.7262068965517243
196,161,7.843529411764706
196,162,7.131052631578948
196,163,8.3225
196,164,7.714705882352941
196,165,14.25
196,168,8.98
196,169,14.0
196,170,7.639411764705883
196,171,4.716666666666667
196,173,2.8129999999999997
196,174,11.9
196,175,7.33
196,177,5.365
196,178,15.23
196,179,6.529999999999999
196,180,4.733636363636363
196,181,10.296000000000001
196,182,10.1825
196,185,11.76
196,186,7.66
196,188,10.196666666666665
196,189,8.48
196,191,8.4575
196,192,2.91
196,193,6.654999999999999
196,194,9.37
196,197,4.069999999999999
196,198,3.3552173913043477
196,200,20.12
196,202,6.223333333333334
196,203,10.546666666666667
196,205,8.879999999999999
196,208,8.96
196,209,10.506
196,210,13.770000000000001
196,211,10.86
196,212,8.6
196,213,10.4525
196,215,6.126363636363636
196,216,5.487333333333334
196,217,6.9
196,218,8.129999999999999
196,219,10.247142857142858
196,220,15.350000000000001
196,222,8.537
196,223,5.785263157894737
196,224,6.766666666666667
196,225,5.823333333333333
196,226,4.344722222222222
196,227,13.953333333333333
196,228,11.827777777777778
196,229,7.5975
196,230,7.7604
196,231,10.943999999999999
196,232,10.19
196,233,7.036666666666666
196,234,8.068999999999999
196,235,12.0
196,236,9.1175
196,237,8.14076923076923
196,238,9.68125
196,239,10.461428571428572
196,240,16.5
196,241,14.84
196,242,11.46
196,243,13.898333333333333
196,244,11.9
196,246,9.273333333333333
196,249,9.7525
196,250,8.8
196,252,6.822
196,255,6.357272727272728
196,256,6.41
196,258,3.674166666666667
196,260,3.121153846153846
196,261,11.412222222222221
196,263,9.035
197,3,13.86
197,4,13.312000000000001
197,7,10.007142857142858
197,8,11.12
197,9,7.736
197,10,2.7685714285714287
197,11,14.829629629629629
197,13,12.496666666666668
197,14,17.365000000000002
197,15,10.5525
197,16,9.229999999999999
197,17,8.414375
197,18,14.871071428571428
197,19,8.1325
197,20,19.04
197,21,13.8925
197,22,14.61375
197,24,13.75
197,25,8.665000000000001
197,26,13.05
197,28,1.8224137931034483
197,29,13.791999999999998
197,30,6.1066666666666665
197,31,9.05
197,32,14.64
197,33,10.483333333333333
197,34,10.066666666666668
197,35,6.020740740740741
197,36,5.5707407407407405
197,37,6.2507317073170725
197,38,8.841666666666667
197,39,8.196666666666667
197,41,13.68625
197,42,12.84818181818182
197,43,16.87
197,45,13.76
197,47,12.773076923076925
197,48,11.09125
197,49,8.510769230769231
197,50,12.628235294117648
197,51,15.02
197,53,6.8981818181818175
197,55,15.6535
197,56,5.29111111111111
197,57,6.3
197,61,6.9151428571428575
197,62,7.9
197,63,3.027162162162162
197,64,9.835
197,65,11.67625
197,66,13.079999999999998
197,68,11.675
197,69,15.485000000000001
197,70,6.702
197,71,9.769
197,72,8.501764705882353
197,73,6.6575
197,74,12.18878787878788
197,75,13.338571428571429
197,76,4.4543243243243245
197,77,5.4172
197,78,14.0825
197,79,12.25
197,80,8.202857142857143
197,81,15.125
197,82,5.4040449438202245
197,83,6.8075
197,85,10.076666666666666
197,86,10.244000000000002
197,87,12.91
197,88,14.033333333333333
197,89,11.599166666666667
197,90,12.13076923076923
197,91,14.860909090909091
197,92,6.1659999999999995
197,93,4.61
197,94,17.006666666666664
197,95,2.772233009708738
197,96,1.7366666666666666
197,97,9.916666666666666
197,98,6.3968421052631586
197,100,10.758
197,101,9.834444444444445
197,102,2.881470588235294
197,106,11.5225
197,107,11.706999999999999
197,108,13.65
197,112,9.535714285714286
197,113,11.370000000000001
197,116,13.875714285714285
197,117,10.851111111111111
197,119,15.20027027027027
197,120,15.7
197,121,3.85025
197,122,4.466470588235294
197,123,13.66375
197,124,3.3220833333333335
197,125,14.1
197,126,15.006666666666666
197,127,17.47
197,129,7.67734693877551
197,130,1.992010582010582
197,131,4.394
197,132,4.570641891891892
197,133,14.795
197,134,1.6819090909090908
197,135,3.6476666666666664
197,136,17.2
197,137,10.899230769230769
197,138,9.093333333333334
197,139,6.549473684210526
197,140,15.535263157894738
197,141,12.19
197,142,14.099
197,143,3.2
197,144,13.663333333333334
197,145,9.968636363636364
197,146,9.64857142857143
197,147,14.959999999999999
197,148,12.915
197,149,13.6
197,150,14.5
197,151,13.7925
197,152,16.59
197,154,8.35
197,155,9.937000000000001
197,157,6.062105263157894
197,159,13.19
197,160,4.087777777777777
197,161,11.353333333333333
197,162,11.088571428571429
197,163,11.636
197,164,10.522272727272728
197,165,12.556000000000001
197,166,14.634
197,167,15.25
197,168,12.907142857142857
197,169,13.537692307692309
197,170,10.809411764705882
197,171,7.13
197,172,23.6
197,173,6.123548387096775
197,174,16.78
197,175,7.945
197,177,5.606111111111111
197,178,13.6
197,179,10.765
197,180,2.281388888888889
197,181,11.872857142857143
197,182,10.8
197,183,11.67
197,185,14.45
197,186,11.108333333333334
197,188,8.851333333333335
197,189,11.045
197,191,7.156976744186046
197,192,4.7299999999999995
197,193,11.181000000000001
197,195,16.595
197,196,3.9283333333333332
197,198,4.5680645161290325
197,201,11.03
197,202,12.55
197,203,7.055384615384615
197,205,4.496904761904762
197,208,11.200000000000001
197,209,14.88
197,210,12.876666666666667
197,211,11.1
197,212,13.229999999999999
197,213,12.54
197,215,2.3266071428571427
197,216,1.773170731707317
197,217,8.872499999999999
197,218,4.9784848484848485
197,219,5.4558536585365855
197,222,6.839499999999999
197,223,9.487058823529411
197,225,6.729615384615385
197,226,8.493478260869566
197,227,18.65
197,228,20.165714285714284
197,229,10.803999999999998
197,230,11.94909090909091
197,231,12.927666666666665
197,232,15.44
197,233,11.48
197,234,12.4225
197,235,12.5
197,236,12.405
197,237,11.475
197,238,15.018333333333333
197,239,16.3625
197,241,16.6625
197,242,12.336756756756756
197,243,16.05
197,244,14.60125
197,247,14.312999999999999
197,248,12.209999999999999
197,250,11.65
197,252,8.546666666666667
197,254,15.56
197,255,8.483333333333333
197,256,10.745714285714286
197,258,2.0478991596638654
197,260,9.2575
197,261,15.23
197,262,15.38
197,263,14.305
198,3,16.173333333333336
198,4,6.665
198,7,6.341702127659574
198,8,5.76
198,10,8.383333333333333
198,11,12.895
198,13,9.165
198,14,12.074545454545454
198,16,10.6175
198,17,2.998030303030303
198,20,15.468
198,21,13.822857142857144
198,22,12.822222222222223
198,24,11.443333333333333
198,25,5.635
198,26,9.373333333333333
198,28,6.851052631578947
198,29,12.105
198,32,17.22
198,33,6.341111111111111
198,34,3.8777777777777778
198,35,3.279285714285714
198,36,1.2445454545454546
198,37,1.8011049723756907
198,39,5.913333333333334
198,40,7.52
198,41,12.305
198,42,13.051666666666668
198,43,8.673333333333334
198,45,6.908333333333334
198,46,19.22
198,47,15.353333333333332
198,48,8.122631578947368
198,49,3.583720930232558
198,50,8.826
198,52,6.771428571428571
198,53,8.985
198,54,7.1
198,55,13.483333333333334
198,56,4.7985
198,60,15.05
198,61,3.7061956521739132
198,62,4.602083333333334
198,63,2.7066666666666666
198,65,5.671
198,66,5.970909090909092
198,67,12.31
198,68,8.205
198,69,12.083333333333334
198,70,7.236666666666666
198,71,5.7509999999999994
198,72,4.2075
198,73,9.91
198,74,11.41777777777778
198,75,11.6325
198,76,3.5621311475409834
198,77,3.0855555555555556
198,78,14.77
198,79,6.0473684210526315
198,80,2.4027380952380955
198,82,3.6955263157894738
198,83,3.2763636363636364
198,85,5.8625
198,86,13.27
198,87,8.416666666666666
198,88,7.215
198,89,7.484242424242424
198,90,10.536
198,91,6.4825
198,92,8.192142857142857
198,93,6.785
198,95,5.320344827586206
198,96,2.2880000000000003
198,97,4.19264705882353
198,98,10.280000000000001
198,100,7.958333333333333
198,102,1.6333333333333333
198,106,7.218571428571429
198,107,6.671052631578948
198,108,14.200000000000001
198,112,3.869787234042553
198,113,7.415
198,114,6.351428571428571
198,116,12.66
198,117,13.339999999999998
198,121,7.142
198,122,11.27
198,123,15.0
198,124,5.3950000000000005
198,125,6.791666666666667
198,126,10.208
198,129,5.391777777777778
198,130,7.472142857142857
198,131,8.056666666666667
198,132,9.57576923076923
198,133,9.75
198,134,4.85125
198,135,6.557142857142857
198,136,14.3
198,137,7.1038461538461535
198,138,8.056999999999999
198,139,9.85
198,140,6.964285714285714
198,141,6.403846153846154
198,142,8.066363636363636
198,143,8.798333333333334
198,144,6.390769230769231
198,145,4.747333333333333
198,146,4.722352941176471
198,147,10.385
198,148,5.616944444444445
198,149,9.504285714285714
198,151,11.596
198,152,9.866666666666667
198,155,6.114285714285714
198,157,1.74
198,158,8.1125
198,159,10.1
198,160,1.9
198,161,7.360869565217392
198,162,6.886363636363637
198,163,7.482727272727273
198,164,7.101999999999999
198,165,6.236666666666667
198,166,11.921428571428573
198,168,12.4
198,169,14.78
198,170,6.279
198,171,10.84
198,173,6.52
198,174,18.244
198,175,10.156666666666666
198,177,2.400645161290323
198,178,12.55
198,179,7.7275
198,180,4.636
198,181,6.065
198,182,13.016666666666666
198,185,14.799999999999999
198,186,7.970588235294118
198,188,5.0236363636363635
198,189,4.605
198,190,5.964285714285714
198,191,10.751428571428573
198,192,6.386
198,193,8.05
198,195,8.754
198,196,3.3313333333333333
198,197,4.89
198,200,25.48
198,201,11.51
198,202,6.464
198,203,10.42
198,205,9.705
198,207,6.23
198,208,12.106666666666667
198,209,6.986
198,210,12.723333333333334
198,211,6.613636363636363
198,212,13.63
198,213,15.485
198,215,9.655714285714286
198,216,6.592142857142856
198,217,6.002000000000001
198,218,8.11
198,219,8.315
198,222,4.644
198,223,7.800322580645162
198,224,6.781666666666666
198,225,2.2658510638297873
198,226,3.4829545454545454
198,227,10.809999999999999
198,228,8.794285714285715
198,229,7.508571428571429
198,230,7.363636363636363
198,231,7.384545454545455
198,232,6.499375
198,233,6.665000000000001
198,234,7.11
198,235,11.1
198,236,8.54875
198,237,7.656086956521739
198,238,9.28
198,239,9.48857142857143
198,240,18.0
198,241,15.325
198,243,15.856666666666664
198,244,12.11909090909091
198,246,8.441666666666666
198,247,11.729999999999999
198,249,7.426666666666667
198,250,12.9
198,252,10.389999999999999
198,254,15.4
198,255,3.4653846153846155
198,256,3.471904761904762
198,257,7.029999999999999
198,258,3.553125
198,259,17.325000000000003
198,260,3.617692307692308
198,261,7.793333333333333
198,262,7.9475
198,263,9.280714285714286
199,92,4.92
199,162,11.76
199,164,9.54
199,238,10.79
199,255,8.39
200,3,6.173333333333333
200,4,13.875
200,13,15.69
200,18,4.1000000000000005
200,20,5.326666666666667
200,22,21.34
200,25,17.536666666666665
200,26,19.2
200,32,5.02
200,33,17.3
200,41,7.841428571428571
200,42,7.062962962962962
200,43,9.463333333333333
200,45,16.1
200,46,10.785
200,47,7.075
200,48,11.760000000000002
200,50,10.815000000000001
200,51,9.375
200,55,27.5
200,56,16.7
200,58,11.95
200,60,10.15
200,61,18.1
200,62,22.3
200,66,15.0
200,68,12.126999999999999
200,69,7.862857142857143
200,71,20.0
200,74,9.076153846153845
200,75,12.497857142857143
200,78,6.885
200,79,11.350000000000001
200,82,15.36
200,86,27.6
200,87,16.0
200,88,16.049999999999997
200,90,13.655
200,91,25.5
200,92,13.74
200,94,3.75
200,95,17.15
200,97,16.65
200,100,11.625
200,107,13.819999999999999
200,112,19.65
200,113,13.39
200,114,14.75
200,116,8.144375
200,117,12.0
200,119,6.8
200,121,18.0
200,122,17.9
200,125,14.956
200,126,12.59
200,127,3.696666666666667
200,128,2.5
200,129,10.963333333333333
200,130,18.661538461538463
200,131,18.5
200,132,15.344999999999999
200,133,20.025
200,135,16.37
200,136,5.84
200,137,12.78
200,138,13.3
200,139,20.6
200,140,11.5288
200,141,10.253333333333334
200,142,10.70625
200,143,10.231666666666667
200,144,14.85
200,147,7.3
200,149,23.7
200,151,9.358571428571429
200,152,6.923333333333334
200,153,3.43
200,155,29.465
200,158,13.4
200,159,8.28
200,161,11.470588235294118
200,162,12.32625
200,163,14.415714285714285
200,164,11.7
200,165,19.7
200,166,7.67
200,167,7.456666666666666
200,168,8.465
200,169,6.18
200,170,12.462
200,174,2.9259999999999997
200,177,18.5
200,181,17.34
200,182,7.8
200,184,11.79
200,185,6.463333333333334
200,186,12.325999999999999
200,188,23.0
200,189,18.0
200,193,11.545
200,194,8.7
200,196,16.2
200,197,21.98
200,198,19.24
200,202,13.4
200,205,17.3
200,208,13.09
200,209,14.719999999999999
200,211,13.96
200,212,5.97
200,213,7.77
200,215,18.033333333333335
200,219,21.7
200,220,1.6811111111111112
200,223,9.6
200,225,21.2
200,226,15.47
200,229,12.4
200,230,12.756153846153847
200,231,13.2
200,232,15.899999999999999
200,233,12.81
200,234,13.43
200,235,5.368
200,236,10.745
200,237,10.516428571428571
200,238,9.426923076923076
200,239,9.72
200,240,0.89
200,241,3.2485714285714287
200,242,11.1
200,243,4.208181818181818
200,244,5.2545
200,246,12.451818181818181
200,247,6.5875
200,248,4.8133333333333335
200,249,12.5
200,254,4.5525
200,255,16.2
200,258,21.85
200,259,4.243333333333333
200,262,10.276666666666666
200,263,10.326666666666666
201,13,19.4
201,14,13.450999999999999
201,16,20.84
201,18,30.2
201,21,10.042857142857143
201,22,11.0
201,25,16.463333333333335
201,26,15.100000000000001
201,27,4.5075
201,29,8.703333333333333
201,30,2.5033333333333334
201,33,13.65
201,35,10.59
201,37,12.36
201,39,8.101428571428572
201,41,16.15
201,42,21.714285714285715
201,45,19.400000000000002
201,47,22.37142857142857
201,48,20.646
201,49,11.938461538461537
201,54,22.3
201,55,15.2
201,56,12.26
201,61,11.1825
201,62,11.695
201,63,8.100000000000001
201,65,18.7
201,66,13.0
201,67,10.975
201,68,23.65
201,69,22.2
201,71,8.937272727272727
201,72,9.45
201,74,21.28181818181818
201,75,16.7
201,76,9.001818181818182
201,79,20.225
201,81,23.2
201,85,9.68
201,86,4.4244
201,87,21.5
201,88,13.7
201,89,8.94625
201,91,7.684
201,95,14.69
201,97,15.866666666666667
201,100,17.614285714285714
201,101,20.06
201,107,17.7
201,108,8.47
201,113,23.665
201,114,12.399999999999999
201,116,18.57
201,117,2.408823529411765
201,124,6.816666666666666
201,125,22.6
201,130,11.0925
201,131,12.72
201,132,10.649999999999999
201,133,11.305
201,134,9.5
201,137,22.555
201,140,19.585714285714285
201,143,53.8
201,144,16.74
201,145,18.65
201,149,7.216666666666666
201,150,8.7
201,154,6.295
201,155,7.185384615384615
201,158,23.455
201,159,22.1
201,160,12.5
201,161,14.8
201,162,19.405
201,165,8.657499999999999
201,167,29.1
201,168,8.8
201,170,21.67
201,174,17.4
201,177,10.69
201,178,10.0
201,180,8.993333333333334
201,181,15.8
201,184,8.3
201,188,10.122857142857143
201,190,10.77
201,191,14.55
201,195,16.1
201,196,10.92
201,197,10.635
201,202,16.416666666666668
201,203,11.41
201,205,12.6
201,208,25.8
201,209,20.299999999999997
201,210,7.461
201,211,3.0
201,212,23.65
201,215,12.863333333333332
201,216,11.350000000000001
201,218,9.93
201,219,10.0
201,223,14.8
201,225,10.7
201,227,14.1
201,228,16.865000000000002
201,229,23.5
201,230,17.2
201,231,20.2
201,233,26.61
201,235,25.8
201,236,15.825
201,237,23.15
201,239,20.4
201,247,25.0
201,248,32.5
201,249,19.35
201,254,22.133333333333336
201,256,13.58
201,258,8.0
201,261,21.9
201,262,14.95
201,263,6.1
202,3,11.355
202,4,5.32
202,7,1.923783783783784
202,9,12.41
202,10,13.69
202,11,15.6
202,13,10.395
202,17,7.491428571428571
202,18,10.695
202,19,13.080000000000002
202,20,11.024999999999999
202,21,21.04
202,24,6.33
202,25,10.725
202,28,11.345
202,29,20.0
202,32,10.15
202,33,8.21
202,34,6.25
202,35,13.625
202,36,6.902000000000001
202,37,6.906666666666666
202,38,19.67
202,39,13.950000000000001
202,41,6.025
202,42,7.187777777777778
202,43,4.386666666666667
202,45,6.550000000000001
202,47,9.866666666666667
202,48,5.034285714285715
202,51,12.4
202,52,7.0
202,55,12.75
202,56,7.75
202,59,8.88
202,60,7.3
202,61,7.15
202,62,9.864
202,63,7.566666666666666
202,65,8.105
202,66,7.26
202,68,5.1571428571428575
202,69,6.72
202,70,6.5
202,72,8.2
202,74,5.328571428571428
202,75,5.0618181818181816
202,76,11.24
202,77,19.6
202,78,8.55
202,79,6.048
202,80,4.333333333333333
202,82,7.086666666666667
202,83,4.9
202,85,10.4
202,87,9.07
202,88,7.2
202,89,8.835
202,90,4.53
202,91,9.5
202,92,7.6775
202,95,8.004285714285714
202,96,9.64
202,97,5.8
202,98,9.6
202,102,7.1899999999999995
202,106,8.6
202,107,4.734
202,112,3.3283333333333336
202,113,4.665
202,114,6.175
202,116,10.71
202,122,12.4
202,124,10.22
202,125,9.8
202,126,8.655
202,127,10.0
202,129,4.3575
202,130,12.54
202,131,12.31
202,132,15.712307692307691
202,133,9.0
202,134,12.52
202,137,4.22375
202,138,7.027083333333334
202,139,17.325
202,140,3.0654545454545454
202,141,2.936
202,142,4.326
202,143,4.696666666666666
202,144,8.93
202,145,1.8864
202,146,1.4113333333333336
202,148,6.4825
202,151,4.7
202,157,5.9325
202,158,7.17
202,159,4.395
202,160,6.5
202,161,4.213333333333334
202,162,3.56
202,163,4.2
202,164,4.5
202,165,13.540000000000001
202,166,8.366666666666667
202,167,8.025
202,168,5.72
202,169,8.1
202,170,3.695333333333333
202,173,6.35
202,174,11.17
202,179,1.9460000000000002
202,180,11.79
202,181,8.4
202,186,5.510000000000001
202,188,8.26
202,189,7.85
202,193,0.9225
202,194,5.01
202,195,6.6499999999999995
202,196,7.364999999999999
202,197,12.51
202,201,16.5125
202,205,15.05
202,208,11.225000000000001
202,209,8.86
202,210,14.6
202,211,6.085
202,213,9.146666666666667
202,216,10.485714285714286
202,218,15.375
202,219,13.2
202,223,3.028
202,224,6.13
202,225,8.31
202,226,2.4886666666666666
202,228,12.8
202,229,3.4266666666666663
202,230,4.048125
202,231,7.885714285714286
202,232,7.82
202,233,4.11875
202,234,5.2225
202,235,9.805
202,236,4.4475
202,237,3.093571428571429
202,238,5.196666666666666
202,239,7.91125
202,240,12.0
202,242,9.649999999999999
202,243,9.3125
202,244,7.83
202,246,5.24
202,249,5.25
202,254,12.115714285714287
202,255,4.256
202,256,4.15
202,259,13.629999999999999
202,260,3.453333333333333
202,261,8.049999999999999
202,262,4.14
202,263,3.915
203,4,18.566666666666666
203,7,16.131999999999998
203,10,4.061333333333334
203,14,19.6
203,15,12.47
203,16,8.23
203,17,12.235714285714286
203,19,4.946666666666666
203,22,17.0
203,24,21.4
203,25,14.832857142857142
203,26,14.0
203,28,6.2925
203,35,11.104
203,37,10.89
203,38,3.0866666666666664
203,39,10.44764705882353
203,41,18.26090909090909
203,43,17.4
203,46,20.5
203,48,16.96375
203,49,13.659333333333333
203,50,23.56
203,51,17.103333333333335
203,53,12.91
203,55,16.993333333333332
203,60,19.35
203,61,11.729411764705883
203,62,11.2
203,63,8.606
203,64,8.655000000000001
203,65,21.05
203,66,18.59
203,67,20.41
203,68,17.746666666666666
203,69,18.5
203,71,12.025714285714287
203,72,11.576666666666668
203,73,12.785
203,74,15.677777777777777
203,75,18.37777777777778
203,76,8.671428571428573
203,77,9.7275
203,78,19.06
203,79,23.32
203,80,17.223333333333333
203,81,19.09
203,82,12.1
203,85,14.523333333333333
203,86,6.614
203,87,14.7
203,88,25.700000000000003
203,89,14.616923076923078
203,91,13.208666666666666
203,92,12.5125
203,93,9.455
203,95,9.823333333333332
203,97,14.8375
203,98,7.39
203,100,19.33
203,102,9.7
203,107,17.099999999999998
203,112,16.975
203,113,15.07
203,116,18.2
203,117,6.32
203,121,8.394
203,122,5.4475
203,124,6.34
203,125,20.0
203,130,6.045599999999999
203,131,10.16
203,132,9.062857142857142
203,134,10.75
203,135,7.905
203,137,16.584883720930232
203,139,1.836086956521739
203,140,19.763636363636365
203,142,20.2
203,144,18.98
203,145,17.95
203,146,15.45
203,148,16.85
203,149,15.116666666666667
203,152,18.866666666666667
203,153,22.33
203,155,13.976666666666667
203,158,16.7
203,159,17.8
203,160,12.063333333333333
203,161,15.6
203,162,16.19666666666667
203,163,18.23125
203,164,18.03
203,165,19.7
203,166,20.5
203,167,18.1
203,168,18.65
203,169,18.737142857142857
203,170,15.6525
203,171,19.17
203,174,19.3
203,175,8.226666666666667
203,177,11.665
203,180,7.745
203,181,14.75
203,182,16.3
203,185,18.405
203,186,17.846666666666668
203,188,14.132222222222222
203,189,13.4
203,190,14.9
203,191,5.410000000000001
203,192,13.266666666666666
203,196,9.6
203,197,6.706666666666667
203,198,9.6
203,202,15.7
203,204,37.09
203,205,3.233548387096774
203,207,13.0
203,210,14.6
203,213,16.65
203,215,5.2275
203,216,5.386923076923077
203,218,3.2066666666666666
203,219,1.6683333333333334
203,220,26.48
203,222,8.996666666666668
203,223,17.220000000000002
203,225,12.504615384615384
203,226,9.275
203,227,19.200000000000003
203,230,18.869999999999997
203,231,16.6
203,232,16.5
203,233,18.925
203,234,17.4
203,236,19.599999999999998
203,237,14.9
203,238,17.5875
203,242,16.3
203,244,20.675
203,246,16.575
203,247,18.1
203,248,16.0
203,250,15.2
203,252,14.120000000000001
203,254,18.3
203,255,16.86
203,257,18.6
203,258,7.82
203,260,14.09
203,261,19.45
203,263,18.975
204,172,8.26
205,3,13.733333333333334
205,4,17.060000000000002
205,7,12.05111111111111
205,9,4.62
205,10,2.2494594594594597
205,14,19.35
205,15,7.375
205,16,5.795
205,17,12.222083333333332
205,18,17.91
205,19,4.42375
205,20,16.419999999999998
205,21,15.25
205,25,14.45875
205,26,17.433333333333334
205,28,2.970833333333333
205,29,17.7
205,31,16.5
205,32,14.7
205,33,17.55
205,34,16.595
205,35,9.325909090909091
205,36,10.41090909090909
205,37,10.545714285714284
205,38,1.7192307692307693
205,39,9.990434782608697
205,40,16.3
205,41,14.360000000000003
205,42,15.426428571428572
205,43,13.3
205,45,16.772727272727273
205,46,15.2
205,47,18.23
205,48,15.905714285714286
205,49,13.48695652173913
205,50,16.7925
205,51,16.200000000000003
205,52,16.233333333333334
205,53,11.549999999999999
205,54,17.75
205,55,16.453333333333333
205,56,7.695714285714287
205,57,9.44
205,60,16.80666666666667
205,61,11.370238095238095
205,62,10.92
205,63,8.226
205,64,6.869999999999999
205,65,14.83148148148148
205,68,15.618888888888888
205,69,17.18375
205,70,9.4525
205,71,11.363061224489796
205,72,11.012500000000001
205,73,5.523333333333333
205,74,14.88846153846154
205,75,15.145454545454545
205,76,8.401486486486487
205,77,8.492857142857142
205,78,16.033333333333335
205,79,14.5
205,80,7.866666666666667
205,81,16.349999999999998
205,82,9.709090909090909
205,83,9.602500000000001
205,85,12.879
205,86,7.625333333333333
205,87,20.834
205,88,16.696
205,89,14.059354838709679
205,90,15.1
205,91,12.058000000000002
205,92,9.138181818181819
205,93,6.76
205,94,22.21
205,95,7.766818181818182
205,96,5.91
205,97,15.803333333333333
205,98,3.7640000000000002
205,100,15.101999999999999
205,101,7.027727272727272
205,102,8.133333333333333
205,107,16.706666666666667
205,108,16.1
205,112,13.257142857142856
205,116,17.852
205,117,9.345
205,119,15.063999999999998
205,121,4.136666666666667
205,122,1.7026086956521738
205,123,14.899999999999999
205,124,5.91
205,125,16.76666666666667
205,126,15.4625
205,129,11.023333333333333
205,130,2.6621900826446283
205,131,2.468928571428571
205,132,5.115384615384615
205,133,18.133333333333336
205,134,4.980769230769231
205,135,6.4030000000000005
205,136,16.7
205,137,15.002
205,138,9.56
205,139,2.0072222222222225
205,140,12.458095238095238
205,141,15.114285714285714
205,142,16.39
205,143,18.577
205,145,13.45
205,149,17.8
205,150,14.614999999999998
205,151,16.9
205,152,18.46
205,155,11.515263157894736
205,157,9.8975
205,159,19.081666666666667
205,160,9.235
205,161,14.990909090909092
205,162,14.729999999999999
205,163,15.63
205,164,16.3
205,165,10.166666666666666
205,166,16.766666666666666
205,167,16.497142857142858
205,168,13.6975
205,169,15.95263157894737
205,170,14.375
205,171,7.648000000000001
205,173,9.0475
205,174,17.9
205,175,5.74125
205,177,9.910526315789474
205,179,12.056666666666667
205,180,6.323636363636364
205,181,16.314
205,182,16.16
205,183,13.533333333333333
205,185,15.6
205,186,14.925
205,188,12.4909375
205,189,13.2
205,190,11.15
205,191,2.3558000000000003
205,192,6.885714285714286
205,193,14.100000000000001
205,195,19.366666666666667
205,196,7.263
205,197,4.314137931034483
205,198,11.234
205,200,22.810000000000002
205,201,13.756666666666666
205,202,14.04
205,203,3.1724137931034484
205,208,11.5
205,209,16.605
205,210,13.855
205,211,16.21
205,213,12.838
205,215,1.8525641025641026
205,216,4.009512195121951
205,217,0.26
205,218,1.667450980392157
205,219,2.390333333333333
205,222,8.312727272727273
205,223,12.295
205,225,11.838260869565218
205,226,13.24875
205,227,21.75
205,228,16.8
205,230,14.514285714285714
205,231,16.072
205,232,16.5
205,233,15.441666666666668
205,234,16.2
205,235,19.205
205,236,13.525
205,237,16.69333333333333
205,238,16.133333333333333
205,239,20.7
205,241,19.599999999999998
205,242,14.456999999999999
205,243,17.4
205,244,18.432
205,246,17.34
205,247,19.400000000000002
205,248,15.233333333333334
205,249,14.2
205,250,13.6
205,252,9.196666666666667
205,254,16.148
205,255,12.940000000000001
205,256,13.47
205,257,13.28
205,258,7.250769230769231
205,259,16.72714285714286
205,260,11.178333333333333
205,261,22.9
205,262,20.53
205,263,16.61
206,6,4.83
206,11,7.3
206,14,6.743333333333333
206,23,8.02
206,26,8.3
206,61,16.02
206,62,15.38
206,65,13.49
206,67,7.94
206,76,22.58
206,88,12.54
206,90,17.4
206,115,2.0
206,141,20.94
206,158,16.23
206,161,19.55
206,172,5.31
206,181,12.4
206,212,26.37
206,214,4.61
206,221,2.216666666666667
206,228,9.75
206,233,17.3
206,237,20.32
206,263,22.66
207,4,7.35
207,7,0.68
207,8,1.9
207,13,12.0
207,17,6.6
207,19,11.81
207,24,7.69
207,25,9.2
207,36,6.91
207,39,12.342857142857143
207,45,7.8
207,48,6.85625
207,49,7.77
207,56,5.35
207,61,8.3
207,65,7.8
207,68,7.036
207,74,4.74
207,76,10.9
207,79,8.34
207,80,4.8100000000000005
207,82,3.6799999999999997
207,87,8.363333333333333
207,89,13.71
207,90,6.595000000000001
207,100,6.4225
207,107,7.32
207,112,4.890000000000001
207,113,7.87
207,114,8.1
207,121,7.7
207,127,10.56
207,129,1.1233333333333333
207,132,12.54
207,136,9.22
207,137,6.53
207,138,2.3623809523809522
207,140,6.41
207,141,6.81
207,142,8.0
207,143,7.793333333333334
207,144,7.905
207,145,4.259
207,146,3.24
207,148,7.145
207,160,5.6
207,161,7.11
207,162,4.4957142857142856
207,163,6.453
207,164,5.3
207,170,5.58125
207,193,4.68
207,198,5.94
207,209,9.815
207,217,6.48
207,223,0.77
207,225,8.065
207,226,2.6533333333333333
207,229,6.4125
207,230,6.632857142857143
207,232,5.86
207,233,6.62
207,234,7.465
207,237,5.476666666666667
207,239,5.3
207,246,7.9799999999999995
207,249,7.9350000000000005
207,256,5.346666666666667
207,257,12.4
207,260,2.6766666666666663
207,261,8.98
208,3,4.135
208,4,13.1
208,7,9.515
208,10,11.6
208,16,5.743333333333333
208,17,17.45
208,18,7.1033333333333335
208,20,4.753333333333333
208,22,18.94
208,24,11.63
208,25,15.3
208,31,4.8533333333333335
208,32,4.5225
208,33,14.2
208,35,16.815
208,36,14.54
208,37,10.8
208,39,17.494
208,41,8.373529411764705
208,42,7.899500000000001
208,43,9.895
208,45,14.3725
208,46,6.716666666666666
208,47,4.799166666666667
208,48,12.475
208,50,12.913333333333332
208,51,4.822666666666667
208,53,3.20625
208,55,23.666666666666668
208,56,8.853333333333333
208,58,2.3
208,59,4.683333333333334
208,60,4.863333333333333
208,61,16.835
208,63,18.7
208,65,17.476
208,67,23.1
208,68,13.998888888888889
208,69,6.883333333333334
208,70,7.5
208,71,19.51
208,72,16.9
208,74,7.378333333333334
208,75,8.604
208,76,14.675
208,78,4.017272727272727
208,79,13.2
208,81,4.737
208,85,16.34
208,87,15.966666666666667
208,90,13.0
208,93,6.85
208,94,6.359999999999999
208,95,9.696666666666667
208,97,18.18
208,100,13.281666666666666
208,102,15.3
208,107,12.846
208,108,21.45
208,112,14.371666666666668
208,113,12.1
208,114,13.675
208,116,8.732727272727272
208,117,20.7
208,119,7.2575
208,120,6.4
208,121,9.2
208,124,14.1
208,126,4.830909090909091
208,127,9.725714285714286
208,129,8.700000000000001
208,130,11.094
208,131,9.1
208,133,22.06
208,134,9.7
208,135,9.4
208,136,6.57875
208,137,12.40181818181818
208,138,6.545
208,140,10.452222222222222
208,141,11.18
208,142,12.4575
208,143,11.745
208,144,19.7
208,145,11.5175
208,147,4.7942857142857145
208,148,15.82
208,151,10.649999999999999
208,152,9.08
208,153,10.05
208,157,12.63
208,158,14.766666666666666
208,159,6.022857142857142
208,160,11.42
208,161,11.463333333333333
208,162,11.478333333333333
208,163,13.651250000000001
208,164,12.893333333333334
208,165,22.233333333333334
208,166,8.775
208,167,5.104444444444444
208,168,6.445
208,169,5.54125
208,170,11.033333333333333
208,171,6.81
208,174,6.5600000000000005
208,175,7.783333333333334
208,177,13.2
208,179,9.36625
208,182,2.5811111111111114
208,183,1.9809999999999999
208,185,3.5164999999999997
208,186,13.407499999999999
208,188,17.15
208,189,15.7
208,191,10.326666666666666
208,195,15.95
208,197,11.299999999999999
208,200,9.07
208,203,14.57
208,205,11.1
208,209,15.283333333333333
208,212,5.4125000000000005
208,213,4.3987878787878785
208,215,11.2
208,216,11.4
208,217,17.1
208,218,13.785
208,220,8.385
208,222,18.1
208,223,10.6
208,224,14.22
208,225,17.93
208,226,13.5425
208,229,11.788
208,230,13.98
208,231,16.712
208,232,12.7
208,233,11.9525
208,234,13.258
208,235,7.0008333333333335
208,236,8.2
208,237,10.870000000000001
208,238,12.065
208,239,12.366666666666665
208,240,7.73
208,241,7.987142857142857
208,242,2.6127999999999996
208,243,7.761739130434783
208,244,8.182857142857143
208,246,14.978
208,247,7.297
208,248,3.6533333333333338
208,249,15.453999999999999
208,250,3.808
208,252,5.1475
208,253,2.78
208,254,5.601304347826088
208,258,13.2
208,259,6.835
208,260,6.37
208,261,15.049999999999999
208,262,8.965
208,263,8.533333333333333
209,1,15.116756756756757
209,3,14.3
209,4,2.7522685185185187
209,7,9.5995
209,10,15.3975
209,11,9.563846153846153
209,12,0.7366666666666667
209,13,1.357644927536232
209,14,8.47
209,16,19.9
209,17,4.0740625
209,18,14.699999999999998
209,20,13.67
209,21,11.918888888888889
209,22,9.612
209,24,8.751818181818182
209,25,2.5008928571428575
209,26,7.563333333333333
209,28,12.780000000000001
209,29,15.65
209,31,17.0
209,32,15.87
209,33,2.023516483516483
209,34,2.875
209,35,8.877777777777776
209,36,5.9
209,37,5.1553571428571425
209,38,17.818181818181817
209,39,15.15
209,40,3.2934482758620693
209,41,9.393469387755102
209,42,10.11775
209,43,6.823333333333333
209,45,0.7875877192982456
209,47,12.6
209,48,5.134444444444444
209,49,3.4644117647058827
209,50,5.255747126436781
209,51,17.814
209,52,2.603214285714286
209,54,2.905
209,55,14.445
209,56,10.12857142857143
209,57,13.415
209,60,8.12
209,61,5.083
209,62,4.7475000000000005
209,63,16.85
209,64,18.04
209,65,2.092857142857143
209,66,1.8376724137931033
209,67,10.615
209,68,3.7046728971962617
209,69,10.275294117647059
209,70,12.46
209,71,7.963333333333334
209,72,7.358333333333333
209,74,8.875957446808512
209,75,7.91375
209,76,9.49095238095238
209,77,9.200000000000001
209,78,12.133333333333333
209,79,2.6598369565217395
209,80,4.8582758620689654
209,81,18.795
209,82,9.05
209,85,6.5975
209,86,20.5
209,87,0.6523076923076923
209,88,0.8258100558659217
209,89,7.76875
209,90,3.2050697674418607
209,91,8.7325
209,92,13.247142857142858
209,94,12.575000000000001
209,95,10.982222222222223
209,97,2.8393478260869567
209,98,14.1
209,100,4.502301587301587
209,102,11.0
209,106,3.879
209,107,3.4654054054054053
209,108,11.4
209,111,6.48
209,112,5.69102564102564
209,113,2.444193548387097
209,114,1.9986851211072665
209,116,10.817428571428572
209,117,18.72
209,118,13.73
209,119,11.48
209,121,9.0
209,122,15.6
209,123,9.32
209,124,15.55
209,125,1.5840495867768594
209,126,8.175
209,127,13.354999999999999
209,128,13.775
209,129,8.907
209,130,11.8
209,131,15.9575
209,132,19.63486301369863
209,133,6.708
209,134,12.686666666666667
209,135,13.6425
209,136,14.37
209,137,3.964318181818182
209,138,12.697852348993289
209,140,5.83878640776699
209,141,5.942206572769953
209,142,6.431858407079646
209,143,6.341132075471698
209,144,1.3685595567867037
209,145,6.814347826086956
209,146,7.521428571428571
209,147,11.1675
209,148,1.5340275387263338
209,149,9.915
209,150,17.8
209,151,8.61
209,152,10.074117647058824
209,155,10.79
209,156,16.65
209,157,7.12
209,158,2.630047169811321
209,160,8.526666666666666
209,161,5.241160409556314
209,162,4.965857142857143
209,163,5.9210714285714285
209,164,4.270936454849498
209,165,8.9225
209,166,9.6671875
209,167,10.65
209,168,10.0925
209,169,13.226666666666667
209,170,4.425710306406685
209,171,14.2
209,172,14.495000000000001
209,173,13.089999999999998
209,174,16.75
209,177,8.636
209,178,9.175
209,179,10.091666666666667
209,181,4.531772151898734
209,182,10.025
209,185,15.0
209,186,3.9412592592592595
209,188,5.698333333333333
209,189,3.7068181818181816
209,190,5.596666666666667
209,193,8.266666666666667
209,195,4.404666666666667
209,196,9.18
209,197,10.6
209,198,9.04
209,200,15.95
209,201,24.49
209,202,7.8428571428571425
209,203,2.1
209,205,15.274999999999999
209,208,14.775
209,210,13.042857142857143
209,211,1.3885714285714286
209,212,12.18
209,213,11.055555555555555
209,215,16.345
209,216,17.810000000000002
209,217,3.7577777777777777
209,220,15.566666666666668
209,222,12.835
209,223,11.33
209,224,3.2382758620689653
209,225,5.217391304347826
209,226,7.448571428571428
209,227,6.163333333333333
209,228,5.028888888888889
209,229,5.102935323383085
209,230,5.088970588235294
209,231,1.0427734375
209,232,1.5327728613569322
209,233,4.5732835820895525
209,234,3.5172523961661346
209,235,12.6025
209,236,7.2437588652482265
209,237,6.1715757575757575
209,238,7.929672131147541
209,239,7.15625
209,241,15.176666666666668
209,242,15.566666666666668
209,243,12.543076923076923
209,244,12.201470588235296
209,246,3.8584848484848484
209,247,9.799999999999999
209,249,2.287730870712401
209,252,19.1
209,254,16.96
209,255,4.406825396825397
209,256,3.5775
209,257,6.383333333333333
209,258,11.445
209,259,19.225
209,260,8.106
209,261,0.9416883116883118
209,262,6.695775862068966
209,263,7.066913580246913
210,3,23.6
210,4,16.396666666666665
210,7,16.75
210,10,13.004999999999999
210,11,4.242857142857143
210,13,13.75
210,14,7.767878787878787
210,15,15.7
210,17,7.0
210,18,28.6
210,19,18.566666666666666
210,21,3.5225581395348837
210,22,4.445357142857143
210,24,18.3
210,25,10.804615384615385
210,26,6.786666666666666
210,27,7.051428571428572
210,29,1.725
210,31,24.450000000000003
210,32,25.0
210,33,9.6
210,34,17.28
210,35,6.4025
210,36,10.21
210,37,8.9825
210,39,5.712916666666666
210,40,11.9
210,41,15.9
210,42,20.8
210,43,21.9
210,45,11.637777777777778
210,47,13.200000000000001
210,48,15.5575
210,49,6.903333333333333
210,50,16.85
210,51,23.4125
210,52,7.8
210,55,3.1777272727272727
210,56,14.4
210,61,6.514482758620689
210,62,6.025555555555555
210,63,9.557500000000001
210,64,23.133333333333336
210,65,9.12625
210,66,15.543333333333335
210,67,5.526
210,68,14.3625
210,71,4.633
210,72,6.252941176470588
210,74,18.714285714285715
210,75,19.573
210,76,8.01392857142857
210,77,7.914285714285714
210,78,23.24285714285714
210,79,12.466666666666669
210,80,7.5
210,83,14.6
210,85,4.22
210,86,13.911428571428571
210,87,12.214285714285714
210,88,13.041333333333334
210,89,3.3864814814814816
210,90,13.299999999999999
210,91,3.0942105263157895
210,92,15.8
210,93,19.11
210,95,12.999166666666667
210,97,9.878461538461538
210,100,12.95
210,102,12.28
210,107,13.755333333333333
210,108,2.308333333333333
210,112,15.535
210,113,13.85
210,114,16.02
210,116,20.6
210,117,9.110000000000001
210,121,14.600000000000001
210,122,3.7
210,123,1.9254545454545455
210,124,10.325
210,126,20.7
210,129,16.49
210,130,13.485
210,131,15.1
210,132,14.272
210,133,4.7700000000000005
210,134,13.1825
210,136,14.35
210,137,14.6403125
210,139,16.22
210,140,14.661818181818182
210,141,15.6
210,142,15.18421052631579
210,143,16.799999999999997
210,144,9.925
210,145,14.799999999999999
210,147,21.8
210,148,12.138
210,149,1.717529411764706
210,150,1.8944444444444444
210,151,18.28
210,153,29.99
210,154,2.354
210,155,2.9784126984126984
210,159,19.05
210,160,10.55
210,161,17.826666666666668
210,162,16.65222222222222
210,163,16.35
210,164,17.5
210,165,3.1665909090909095
210,167,19.4
210,168,24.266666666666666
210,169,23.6
210,170,14.517391304347825
210,171,14.5
210,173,36.9
210,174,26.0
210,177,7.709999999999999
210,178,2.9
210,180,11.58
210,181,8.372307692307693
210,182,23.2
210,185,21.866666666666664
210,186,14.6
210,188,5.451052631578947
210,189,4.02
210,190,5.006666666666667
210,191,16.549999999999997
210,193,19.4
210,195,7.46
210,196,15.915
210,200,14.75
210,201,5.975
210,202,9.6
210,203,13.85
210,205,12.25
210,209,10.94
210,211,15.15
210,216,10.478181818181817
210,218,12.733333333333334
210,219,13.35
210,220,23.5
210,222,6.833636363636364
210,223,18.485
210,224,16.0
210,225,8.2775
210,227,8.043333333333333
210,228,10.084285714285715
210,229,19.383333333333333
210,230,15.0225
210,231,11.513333333333334
210,232,11.61111111111111
210,233,12.700000000000001
210,234,15.675
210,235,20.8
210,236,19.688888888888886
210,237,17.45714285714286
210,238,18.8
210,242,18.033333333333335
210,244,20.466666666666665
210,247,19.5
210,249,14.8
210,250,22.2
210,252,19.7
210,254,27.233333333333334
210,255,16.3
210,256,10.6
210,258,9.675
210,259,20.433333333333334
210,260,12.2
210,261,12.884
210,262,18.0
210,263,11.633333333333333
211,1,13.728582089552239
211,3,0.52
211,4,1.4716817359855334
211,7,8.235172413793103
211,9,15.02
211,10,15.33
211,11,16.9
211,12,2.024285714285714
211,13,1.669712918660287
211,14,8.90263157894737
211,15,17.29
211,17,4.344935064935065
211,20,17.703333333333333
211,21,14.52
211,24,6.723396226415094
211,25,3.308835616438356
211,26,7.9575000000000005
211,28,14.626666666666667
211,29,14.01
211,31,16.75
211,33,2.86605577689243
211,34,3.344736842105263
211,35,7.35
211,36,5.543235294117647
211,37,4.852686567164179
211,39,9.125
211,40,4.025573770491803
211,41,7.694466019417476
211,42,9.456914893617022
211,43,4.38
211,45,1.0662909836065575
211,47,11.4
211,48,3.370912408759124
211,49,3.9130147058823526
211,50,3.571759259259259
211,51,21.790000000000003
211,52,3.4818333333333333
211,53,12.97
211,54,3.855
211,55,14.557500000000001
211,56,9.813333333333333
211,60,13.69
211,61,5.318888888888889
211,62,5.066923076923077
211,63,12.163333333333332
211,64,16.31
211,65,2.608108108108108
211,66,2.616243654822335
211,67,9.27
211,68,2.11946855192589
211,69,10.736666666666666
211,70,10.549999999999999
211,71,6.85
211,72,7.135
211,73,12.26
211,74,7.954719101123596
211,75,6.758962962962963
211,76,14.85
211,78,13.42
211,79,1.192516717325228
211,80,3.9620430107526885
211,82,8.135
211,83,7.293333333333333
211,85,7.614999999999999
211,87,1.559952861952862
211,88,2.0319058295964125
211,89,7.945757575757575
211,90,1.5978580097087378
211,91,9.5
211,92,11.39090909090909
211,93,12.040000000000001
211,94,13.145
211,95,9.955714285714285
211,97,3.287348484848485
211,98,14.598571428571429
211,100,2.4501129943502824
211,102,10.0425
211,106,4.294117647058823
211,107,1.6234661354581672
211,108,14.325
211,109,23.2
211,112,4.725117647058823
211,113,0.9980516563728242
211,114,0.6985760781122864
211,115,14.01
211,116,9.465507246376811
211,117,24.24
211,119,10.98
211,120,10.1
211,121,12.515
211,123,9.27
211,124,14.545
211,125,0.7259369817578772
211,127,12.02764705882353
211,128,11.98
211,129,8.604074074074074
211,130,14.84
211,131,16.060000000000002
211,132,18.083813813813812
211,133,7.008666666666667
211,134,12.104000000000001
211,135,11.43
211,137,2.2494
211,138,11.11098712446352
211,139,18.0
211,140,4.927767220902613
211,141,4.596452074391989
211,142,4.454707692307692
211,143,4.500268948655257
211,144,0.6223689584751532
211,145,5.585833333333333
211,146,6.4435
211,147,11.366666666666667
211,148,0.9470596085409254
211,149,10.485
211,151,6.510676691729323
211,152,8.274230769230769
211,154,21.97
211,155,11.7
211,156,16.7
211,157,6.87
211,158,1.2914770354906053
211,159,10.08
211,160,9.626666666666667
211,161,3.04524397083567
211,162,3.100110441767068
211,163,3.6215475189234656
211,164,2.1775822928490354
211,165,11.4
211,166,7.220588235294118
211,167,11.36
211,168,9.188181818181818
211,169,11.4
211,170,2.439345335515548
211,171,12.395
211,173,11.183333333333332
211,177,6.271666666666667
211,178,9.2
211,179,9.272499999999999
211,180,12.666666666666666
211,181,4.49860606060606
211,182,14.52
211,186,2.0712901342673673
211,188,5.976
211,189,4.086909090909091
211,190,6.205
211,191,20.1
211,192,11.91
211,193,6.468571428571429
211,194,9.105
211,195,5.4772727272727275
211,196,8.92
211,197,13.7
211,198,7.226428571428571
211,200,16.09
211,201,14.49
211,202,7.343999999999999
211,209,1.3641025641025641
211,210,15.17
211,212,12.036
211,213,15.23
211,216,15.969999999999999
211,217,3.282
211,219,17.57
211,220,13.75
211,223,9.338333333333333
211,224,1.9004363636363637
211,225,5.476842105263158
211,226,5.840416666666666
211,227,7.9225
211,228,6.767826086956521
211,229,3.598677325581395
211,230,3.0658660130718958
211,231,0.8933787173056252
211,232,1.3833042212518196
211,233,2.9371844660194175
211,234,1.573826728826729
211,236,5.3618461538461535
211,237,4.080300324675325
211,238,5.991988472622478
211,239,5.324184782608695
211,240,15.608333333333334
211,241,12.5
211,242,14.395
211,243,11.367575757575757
211,244,9.984736842105264
211,245,14.65
211,246,2.594968982630273
211,247,10.55
211,248,11.94
211,249,1.002190136275146
211,251,16.035
211,254,16.0
211,255,3.693517786561265
211,256,2.9840298507462686
211,257,6.621875
211,258,11.3
211,259,17.33
211,260,7.2375
211,261,1.4044787234042553
211,262,5.850246913580247
211,263,5.762060185185185
212,3,5.277777777777778
212,4,10.576666666666666
212,7,6.890000000000001
212,9,12.4
212,13,14.88
212,16,6.9
212,17,13.765555555555556
212,18,5.332727272727272
212,20,3.21
212,24,5.2
212,25,16.4
212,26,21.475
212,31,2.2733333333333334
212,32,3.310833333333333
212,33,14.594999999999999
212,34,14.42
212,35,16.29
212,36,12.985
212,37,14.2
212,39,21.3
212,41,5.897931034482759
212,42,5.418225806451613
212,43,8.275
212,45,12.266666666666666
212,46,7.1
212,47,3.1664285714285714
212,48,11.008333333333333
212,49,15.766666666666666
212,50,11.493333333333332
212,51,6.0285714285714285
212,52,15.41
212,53,6.096666666666667
212,55,23.65
212,56,9.0
212,60,1.448888888888889
212,63,19.18
212,65,13.9
212,66,14.215
212,67,23.6
212,68,11.412222222222223
212,69,3.8526666666666665
212,70,9.53
212,71,21.07
212,72,10.4
212,74,5.080416666666666
212,75,6.3945454545454545
212,76,16.971
212,77,15.94
212,78,2.268
212,79,11.6475
212,80,13.05
212,81,5.935
212,82,9.09
212,83,8.7
212,85,15.701666666666666
212,86,22.4
212,87,12.7575
212,88,12.1
212,89,19.3
212,90,11.282857142857143
212,91,17.900000000000002
212,92,6.9239999999999995
212,94,3.968
212,95,9.0
212,97,12.450000000000001
212,100,10.504444444444443
212,107,10.282
212,112,12.3675
212,113,11.01
212,114,11.850000000000001
212,116,5.91
212,117,17.2
212,119,5.16375
212,120,6.43
212,121,12.25
212,124,17.172
212,125,13.75
212,126,2.4295454545454547
212,127,5.838461538461539
212,129,8.502857142857142
212,130,14.25
212,132,16.1
212,134,11.71
212,135,9.435
212,136,4.836
212,137,10.473157894736843
212,138,9.6
212,140,8.057647058823528
212,141,8.308
212,142,10.932222222222222
212,143,10.501999999999999
212,145,10.898333333333333
212,146,7.704000000000001
212,147,2.10875
212,148,12.67
212,149,11.8
212,150,22.3
212,151,7.5125
212,152,6.013333333333333
212,153,6.663333333333334
212,158,13.13
212,159,3.744347826086957
212,160,10.6
212,161,9.924166666666666
212,162,9.523333333333333
212,163,10.26
212,164,9.558333333333332
212,166,7.098000000000001
212,167,2.1115789473684208
212,168,3.979347826086957
212,169,3.408125
212,170,9.68818181818182
212,171,9.33
212,173,8.48
212,174,4.547222222222222
212,177,16.886666666666667
212,178,15.45
212,179,6.734
212,180,13.678
212,181,11.745
212,182,1.2053846153846153
212,183,3.9333333333333336
212,185,3.25
212,186,11.272307692307692
212,188,16.2
212,189,15.9
212,194,4.88
212,195,14.9
212,196,11.19
212,197,13.385
212,198,15.9
212,200,8.022499999999999
212,201,27.3
212,208,2.8484615384615384
212,209,12.622727272727273
212,211,12.5
212,213,1.5445945945945945
212,215,13.76
212,216,14.565833333333332
212,220,6.81
212,223,7.535
212,226,10.467777777777778
212,227,20.26
212,228,19.54
212,229,9.16
212,230,10.201666666666666
212,231,13.397
212,232,11.64
212,233,9.308333333333334
212,234,10.983333333333334
212,235,4.428571428571429
212,236,6.970000000000001
212,237,8.827142857142857
212,238,7.6461538461538465
212,239,9.555
212,240,7.21
212,241,5.806363636363636
212,242,2.7448
212,243,5.405
212,244,6.115
212,246,12.201818181818181
212,247,4.680526315789474
212,248,1.0230769230769232
212,249,13.7
212,250,1.41625
212,254,5.083846153846154
212,256,15.31
212,257,19.48
212,258,14.316666666666668
212,259,6.49125
212,260,8.129999999999999
212,261,12.1
212,262,6.9750000000000005
212,263,6.42875
213,3,4.8225
213,4,11.653333333333332
213,7,7.3875
213,10,14.6
213,13,15.146666666666667
213,14,11.5
213,17,14.17
213,18,5.43925925925926
213,19,12.084615384615384
213,20,4.220833333333333
213,21,24.323333333333334
213,22,25.839999999999996
213,24,7.288571428571428
213,25,16.414285714285715
213,26,17.1
213,28,12.344999999999999
213,31,4.33
213,32,4.305714285714286
213,33,13.2
213,35,15.97875
213,36,12.77
213,37,12.893333333333333
213,38,12.9
213,41,6.126190476190476
213,42,5.823673469387756
213,43,7.166666666666667
213,45,12.186666666666667
213,46,6.69
213,47,4.181153846153846
213,48,11.628
213,49,14.4125
213,50,11.397777777777778
213,51,5.629767441860466
213,53,4.76
213,55,22.7
213,56,8.7
213,58,3.275
213,60,2.956470588235294
213,61,15.450000000000001
213,62,18.8
213,63,14.45
213,64,9.6
213,65,12.5
213,66,10.523333333333333
213,67,16.7
213,68,12.547804878048781
213,69,4.368461538461538
213,70,7.07
213,71,19.825
213,72,17.39
213,74,5.609642857142857
213,75,6.5636363636363635
213,76,14.893888888888888
213,77,14.95
213,78,3.201724137931034
213,79,10.9125
213,80,12.085714285714285
213,81,5.949
213,82,9.9
213,83,10.04
213,85,19.2
213,86,21.0
213,87,11.833333333333334
213,88,13.025714285714287
213,90,10.594117647058823
213,91,18.5
213,92,7.245
213,93,10.3
213,94,4.728888888888889
213,95,8.006666666666666
213,96,11.55
213,97,10.85
213,100,11.041666666666666
213,102,14.850000000000001
213,107,10.887368421052633
213,108,23.45
213,112,11.309166666666668
213,113,12.079999999999998
213,114,13.59
213,116,6.707954545454545
213,117,9.6
213,119,5.555625
213,120,5.6
213,121,11.455
213,123,23.0
213,124,12.0
213,125,12.702222222222222
213,126,2.4934328358208955
213,127,6.942083333333334
213,128,6.890000000000001
213,129,10.49
213,130,11.996666666666666
213,131,12.05
213,134,9.075
213,136,5.328666666666667
213,137,10.609574468085105
213,139,15.631428571428572
213,140,8.3153125
213,141,8.395999999999999
213,142,9.8025
213,143,10.95142857142857
213,144,15.020000000000001
213,145,8.401111111111112
213,146,7.2
213,147,2.9994736842105265
213,148,13.11
213,149,21.97666666666667
213,151,8.883333333333333
213,152,7.00578947368421
213,153,7.96
213,155,23.73
213,157,10.1
213,158,14.69
213,159,4.115588235294118
213,160,10.850000000000001
213,161,9.51
213,162,9.343846153846155
213,163,10.598888888888888
213,164,10.546
213,166,6.7896
213,167,3.156
213,168,4.272857142857143
213,169,4.569333333333334
213,170,8.419444444444444
213,171,9.616666666666667
213,173,9.06125
213,174,5.217407407407408
213,177,14.600000000000001
213,178,22.64
213,179,7.065
213,180,11.4
213,181,14.035
213,182,1.9191304347826088
213,183,3.535
213,184,4.32
213,185,3.995294117647059
213,186,10.999090909090908
213,188,16.96166666666667
213,189,15.66
213,191,12.91375
213,192,8.323333333333332
213,193,7.99875
213,194,5.48
213,195,17.78
213,196,9.275
213,197,10.882105263157895
213,198,14.556666666666667
213,200,8.5825
213,202,9.905
213,205,13.25
213,208,2.6641025641025644
213,209,13.2375
213,210,21.7
213,211,12.8
213,212,1.5115384615384615
213,215,11.775
213,216,13.914285714285715
213,217,15.22
213,218,14.15
213,220,7.323333333333333
213,222,15.5
213,223,7.8125
213,225,16.22
213,226,10.45
213,228,18.2
213,229,8.375
213,230,10.495
213,231,14.354000000000001
213,232,10.086666666666668
213,233,8.492
213,234,10.416
213,235,5.355238095238096
213,236,7.1770588235294115
213,237,8.580833333333333
213,238,8.581111111111111
213,239,9.36625
213,240,6.02
213,241,5.791
213,242,3.0852941176470585
213,243,6.4788
213,244,6.784583333333334
213,246,12.715454545454547
213,247,5.679166666666667
213,248,2.08375
213,249,11.5425
213,250,1.6
213,252,5.316666666666666
213,254,5.907931034482759
213,256,13.08
213,258,12.955
213,259,7.022666666666667
213,260,8.9
213,261,13.178888888888888
213,262,9.075
213,263,6.944705882352942
214,6,1.6685714285714286
214,7,20.66
214,11,6.03
214,14,5.448
214,26,6.08
214,53,26.03
214,55,8.275
214,62,12.44
214,67,5.4079999999999995
214,68,15.27
214,72,13.82
214,89,11.39
214,108,8.68
214,115,2.97
214,138,24.89
214,140,18.76
214,149,9.6
214,162,18.46
214,172,2.22
214,198,20.465
214,210,11.15
214,221,1.9833333333333334
214,227,7.93
214,228,7.01
214,252,32.62
214,263,19.7
215,1,27.77
215,4,13.809999999999999
215,7,10.804285714285713
215,9,5.735555555555555
215,10,1.56
215,13,17.7125
215,14,18.552941176470586
215,15,10.99
215,16,7.716363636363636
215,17,11.080769230769231
215,18,16.5
215,19,5.478571428571429
215,21,16.65
215,24,14.91
215,25,12.84625
215,26,11.9
215,28,2.0630188679245283
215,32,13.933333333333332
215,33,15.413333333333334
215,35,8.278529411764705
215,36,9.07
215,37,9.841764705882353
215,38,3.324375
215,39,8.939655172413794
215,40,18.41
215,41,13.532
215,42,14.268571428571429
215,43,13.0
215,45,15.196666666666667
215,47,13.875
215,48,13.51
215,49,11.118571428571428
215,50,15.466666666666669
215,51,14.54
215,53,7.592499999999999
215,55,15.78111111111111
215,56,6.096
215,57,5.8100000000000005
215,58,13.225
215,59,16.3
215,61,10.329310344827586
215,62,10.857142857142858
215,63,5.71625
215,64,7.79
215,65,15.16625
215,66,14.135
215,68,13.634615384615385
215,69,17.133333333333333
215,70,7.974000000000001
215,71,11.337692307692306
215,72,10.795
215,73,6.8340000000000005
215,74,12.262222222222222
215,75,13.96
215,76,6.451917808219179
215,77,7.515000000000001
215,78,15.0
215,79,14.776
215,80,11.354000000000001
215,81,15.575999999999999
215,82,7.1554166666666665
215,83,8.700000000000001
215,85,11.912
215,86,8.798275862068966
215,87,15.049999999999999
215,88,15.69
215,89,13.64125
215,90,13.676666666666668
215,91,12.108666666666666
215,92,6.8865
215,93,4.492857142857143
215,94,15.785714285714286
215,95,4.1847916666666665
215,97,13.335
215,98,4.1850000000000005
215,100,13.358333333333334
215,101,7.507142857142857
215,102,5.135714285714286
215,107,13.263333333333334
215,108,16.7
215,112,12.426153846153845
215,113,13.476923076923075
215,114,14.930000000000001
215,116,14.3
215,117,10.38625
215,119,14.328
215,121,2.9231818181818183
215,122,2.2846153846153845
215,123,15.756
215,124,5.1225000000000005
215,125,15.2
215,126,15.136666666666665
215,127,19.302
215,129,8.116666666666667
215,130,1.296027397260274
215,131,2.453076923076923
215,132,3.9061538461538463
215,134,2.7449999999999997
215,135,4.085625
215,136,15.633333333333333
215,137,11.763571428571428
215,138,7.866666666666667
215,139,3.3195833333333336
215,140,14.004761904761907
215,141,13.46774193548387
215,142,12.871
215,143,16.040000000000003
215,144,13.675
215,145,11.081666666666665
215,146,11.344545454545454
215,147,14.166666666666666
215,148,13.74923076923077
215,150,16.21
215,151,16.342307692307692
215,152,16.049999999999997
215,153,18.86
215,155,11.178571428571429
215,157,8.89625
215,158,14.053333333333335
215,159,16.12857142857143
215,160,6.96
215,161,13.021052631578948
215,162,13.030434782608696
215,163,13.266666666666667
215,164,12.732631578947368
215,166,15.2725
215,167,14.516666666666666
215,168,14.55
215,169,15.613333333333335
215,170,12.31875
215,171,8.44125
215,173,6.93625
215,174,15.899999999999999
215,175,5.71
215,177,9.089333333333334
215,179,11.7925
215,180,3.574375
215,181,14.520000000000001
215,182,12.2
215,185,13.525
215,186,14.225000000000001
215,188,12.548461538461538
215,189,13.45
215,191,3.892333333333333
215,192,6.315714285714286
215,193,11.799
215,194,10.275
215,196,5.541428571428571
215,197,2.2901639344262295
215,198,8.764285714285714
215,200,19.0
215,201,10.585
215,202,11.606
215,203,6.688125
215,205,1.9398305084745764
215,208,11.0
215,209,14.799999999999999
215,210,13.565
215,211,14.544
215,212,14.263333333333334
215,213,12.911428571428571
215,216,2.4166666666666665
215,218,2.213409090909091
215,219,3.7152
215,220,17.35
215,222,7.363333333333333
215,223,11.133529411764707
215,224,13.805
215,225,9.515172413793103
215,226,10.52655172413793
215,227,19.466666666666665
215,228,22.445
215,229,12.90090909090909
215,230,13.588
215,231,15.773
215,232,13.644444444444444
215,233,12.459999999999999
215,234,13.106875
215,235,16.876666666666665
215,236,14.102222222222222
215,237,14.10388888888889
215,238,15.58888888888889
215,239,16.00076923076923
215,241,18.2
215,242,13.273333333333333
215,243,16.626666666666665
215,244,16.477105263157895
215,246,13.85
215,247,15.91909090909091
215,249,12.656666666666666
215,250,13.0
215,252,8.39
215,254,16.29
215,255,12.623333333333333
215,256,12.215
215,258,3.7442105263157894
215,259,17.166666666666668
215,260,9.615454545454547
215,261,15.627777777777778
215,262,14.534444444444444
215,263,14.205833333333333
216,1,33.55
216,4,12.9
216,7,10.865925925925925
216,9,7.894444444444444
216,10,2.019375
216,11,14.3425
216,13,23.356
216,14,15.554444444444446
216,15,10.865555555555556
216,16,10.110000000000001
216,17,8.0756
216,18,16.19
216,19,8.9025
216,20,17.98
216,21,14.145
216,22,15.35
216,25,10.115
216,26,13.722
216,27,12.51
216,28,3.0637777777777777
216,29,11.89
216,32,14.5
216,33,14.206666666666665
216,35,6.025490196078431
216,36,7.052380952380952
216,37,7.714666666666667
216,38,6.626923076923077
216,39,6.536216216216216
216,40,20.258333333333336
216,41,14.776666666666666
216,42,15.05
216,43,13.966666666666669
216,45,12.793333333333335
216,46,16.1
216,47,14.891
216,48,16.240625
216,49,9.738461538461538
216,50,18.78666666666667
216,51,17.833333333333332
216,53,8.866923076923076
216,54,24.4
216,55,13.719687500000001
216,56,6.6936
216,60,14.73
216,61,7.520625
216,62,8.231111111111112
216,63,3.7223333333333333
216,64,12.35
216,65,13.122142857142858
216,66,13.805
216,67,14.33
216,68,14.868
216,69,15.67
216,70,7.877272727272728
216,71,8.560270270270271
216,72,6.971470588235294
216,73,7.35375
216,74,14.904444444444444
216,75,13.4975
216,76,4.33135593220339
216,77,5.267666666666667
216,78,14.703333333333333
216,79,13.93
216,80,11.280000000000001
216,81,14.576666666666668
216,82,7.026666666666667
216,83,7.63125
216,85,8.975
216,86,8.85054054054054
216,87,14.636666666666665
216,88,26.15
216,89,11.147105263157894
216,90,13.437999999999999
216,91,9.934285714285716
216,92,7.590967741935484
216,93,5.8425
216,94,16.9
216,95,4.427361111111111
216,97,10.874166666666667
216,98,7.926666666666667
216,100,12.844999999999999
216,101,11.324285714285713
216,102,4.228888888888889
216,106,14.16
216,107,13.047999999999998
216,112,10.415
216,113,15.35
216,114,11.45
216,116,14.881818181818181
216,117,9.644444444444444
216,118,25.5
216,119,20.5
216,120,17.14
216,121,4.943181818181818
216,122,5.157
216,123,13.38875
216,124,2.9332432432432434
216,125,24.4
216,126,14.9
216,127,18.125
216,129,8.951176470588235
216,130,2.533178294573643
216,131,5.235217391304348
216,132,3.1627234042553187
216,133,17.150000000000002
216,134,2.7516417910447757
216,135,4.295
216,137,12.2332
216,138,9.612857142857141
216,139,5.462941176470588
216,140,14.002121212121212
216,141,13.07375
216,142,15.888
216,143,13.703333333333333
216,144,10.108
216,145,11.67
216,146,11.113333333333333
216,147,12.9
216,148,13.212
216,149,11.285
216,150,11.153333333333334
216,151,15.59
216,152,13.901666666666666
216,154,8.16
216,155,10.497333333333334
216,157,8.591111111111111
216,158,15.71
216,159,14.06
216,160,5.571363636363636
216,161,14.49888888888889
216,162,13.6075
216,163,14.404285714285715
216,164,16.02777777777778
216,165,10.879090909090909
216,166,15.24
216,167,14.562857142857142
216,168,13.70695652173913
216,169,16.224
216,170,12.610909090909091
216,171,8.448571428571428
216,173,7.790909090909091
216,174,16.1
216,175,8.694444444444445
216,177,6.270384615384615
216,178,12.2
216,179,11.452222222222222
216,180,1.8541071428571427
216,181,14.420999999999998
216,182,14.128888888888888
216,183,13.95
216,185,16.575
216,186,13.983
216,188,8.8612
216,189,8.0175
216,190,13.450000000000001
216,191,7.064385964912281
216,192,6.378
216,193,11.725
216,194,10.9
216,195,19.8675
216,196,5.428387096774194
216,197,1.6289497716894978
216,198,5.742857142857143
216,200,21.1
216,201,9.450833333333334
216,202,12.362499999999999
216,203,5.881666666666667
216,205,3.701724137931034
216,208,12.133333333333333
216,209,18.524
216,210,11.259090909090908
216,211,13.72875
216,212,13.866666666666667
216,213,15.924444444444443
216,215,2.0191549295774647
216,217,15.2
216,218,3.6142857142857148
216,219,4.341142857142857
216,220,24.91
216,222,5.086363636363637
216,223,10.351111111111111
216,224,13.67
216,225,7.377750000000001
216,226,10.039130434782608
216,228,18.21
216,229,12.353333333333333
216,230,14.125294117647059
216,231,16.013333333333335
216,232,12.924285714285714
216,233,12.620000000000001
216,234,14.404
216,235,17.086000000000002
216,236,12.927037037037039
216,237,13.0695
216,238,15.86
216,239,17.163333333333334
216,241,19.66
216,242,12.9
216,243,17.756666666666664
216,244,16.3675
216,246,12.66
216,247,15.959999999999999
216,248,20.92
216,249,13.76
216,250,11.786666666666667
216,252,9.752500000000001
216,254,17.917
216,255,9.9325
216,256,12.458333333333334
216,257,22.975
216,258,2.2407142857142857
216,259,18.104999999999997
216,260,9.739166666666668
216,261,23.975714285714286
216,262,15.97
216,263,14.465
217,4,2.8966666666666665
217,7,7.413636363636363
217,14,7.697999999999999
217,17,1.1015789473684212
217,18,15.934999999999999
217,21,10.8775
217,22,10.41
217,24,9.425
217,25,2.8886666666666665
217,26,8.165285714285716
217,28,12.4
217,29,13.475
217,31,15.79
217,33,2.652
217,34,1.2883333333333333
217,35,5.0575
217,36,2.485
217,37,2.123823529411765
217,38,16.09
217,39,8.137333333333334
217,40,4.305
217,41,9.862499999999999
217,45,3.27
217,47,13.2
217,48,7.293333333333333
217,49,1.3823076923076922
217,50,6.8774999999999995
217,54,3.8
217,55,14.363999999999999
217,56,7.653333333333333
217,57,10.12
217,61,2.8574074074074076
217,62,3.2315384615384612
217,63,6.157777777777778
217,65,2.396153846153846
217,66,2.302
217,67,9.015
217,68,6.072500000000001
217,70,9.17
217,71,5.116666666666666
217,72,4.5
217,75,9.154285714285715
217,76,6.9887500000000005
217,77,5.355
217,79,3.195
217,80,1.4933333333333334
217,82,5.838571428571428
217,83,5.646666666666667
217,85,4.58
217,86,24.380000000000003
217,87,3.8499999999999996
217,88,4.683333333333334
217,89,6.0311111111111115
217,90,4.9125
217,91,3.365
217,92,10.153333333333334
217,93,8.65
217,95,7.59
217,96,4.32
217,97,2.193
217,98,10.35
217,100,5.985714285714286
217,102,6.7275
217,106,4.746666666666667
217,107,3.830625
217,112,2.0385714285714287
217,113,3.8333333333333335
217,114,3.845
217,117,26.41
217,121,9.260000000000002
217,123,9.66
217,125,3.62
217,126,12.55
217,129,5.9725
217,130,12.6375
217,131,11.1
217,132,12.334
217,133,6.8109090909090915
217,134,9.370000000000001
217,135,9.0
217,137,4.2375
217,138,8.001666666666667
217,140,6.680909090909091
217,141,7.053999999999999
217,142,7.080000000000001
217,143,9.76
217,144,3.62
217,145,4.296666666666667
217,146,5.12
217,148,2.445333333333333
217,149,10.7575
217,150,15.5
217,152,11.08
217,157,2.9616666666666664
217,158,4.443333333333333
217,159,12.0
217,160,6.716666666666666
217,161,6.288333333333334
217,162,6.43
217,163,7.445
217,164,6.0200000000000005
217,165,4.78
217,166,11.3875
217,167,10.956666666666669
217,168,10.62
217,169,11.8
217,170,5.452727272727272
217,173,9.605
217,174,18.31
217,177,3.652222222222222
217,178,8.6225
217,179,8.67
217,180,7.584999999999999
217,181,4.143571428571429
217,186,6.086363636363637
217,188,3.6316666666666664
217,189,2.47
217,190,4.105
217,193,6.58
217,194,11.0
217,196,6.545
217,197,11.52
217,198,3.4373333333333336
217,203,18.3
217,206,15.34
217,208,13.9
217,209,3.7716666666666665
217,210,7.41
217,211,3.7633333333333336
217,215,16.25
217,216,12.735
217,218,13.433333333333332
217,220,16.86
217,222,6.8999999999999995
217,223,8.07
217,225,2.2221052631578946
217,226,4.9225
217,227,7.91
217,228,7.4799999999999995
217,229,6.445
217,230,6.726000000000001
217,231,3.8950000000000005
217,232,2.703076923076923
217,233,5.779999999999999
217,234,6.4375
217,235,16.14
217,236,8.096666666666666
217,237,6.652222222222223
217,238,9.8825
217,239,8.7475
217,241,15.95
217,242,15.1
217,243,14.59
217,244,13.633333333333333
217,246,5.976
217,248,11.72
217,249,4.470000000000001
217,250,13.4
217,252,12.02
217,254,19.05
217,255,1.4425000000000001
217,256,0.8883333333333334
217,257,5.9
217,258,7.24
217,260,4.779999999999999
217,261,4.243333333333333
217,262,8.446666666666667
217,263,8.114285714285714
218,3,15.0
218,4,14.1
218,7,13.6725
218,9,5.3
218,10,1.3143137254901962
218,14,18.133333333333333
218,15,11.55
218,16,10.021666666666667
218,17,10.366666666666667
218,18,16.133333333333333
218,19,7.438
218,20,16.80666666666667
218,21,14.134
218,25,12.402105263157896
218,26,16.0
218,28,3.6822222222222223
218,30,8.75
218,31,14.8
218,32,18.79
218,33,13.523333333333333
218,34,16.37
218,35,8.412608695652175
218,36,9.141
218,37,9.644545454545455
218,38,3.0185714285714282
218,39,8.7588
218,41,14.257142857142856
218,42,14.504999999999999
218,43,15.1
218,45,15.025
218,47,17.7
218,48,15.25
218,49,11.609
218,50,17.5
218,51,16.133333333333336
218,53,9.2
218,55,16.046666666666667
218,56,8.072
218,60,16.2
218,61,9.81972972972973
218,62,11.415000000000001
218,63,6.165
218,64,9.75
218,65,13.725714285714286
218,66,13.876666666666665
218,68,16.191111111111113
218,69,17.85
218,70,9.863333333333335
218,71,11.027
218,72,9.289444444444445
218,74,15.41111111111111
218,75,14.042
218,76,6.4441791044776116
218,77,7.35
218,78,15.950000000000001
218,79,14.864285714285714
218,80,12.51
218,81,18.44
218,82,9.406666666666666
218,83,11.9825
218,85,11.787333333333333
218,86,7.670588235294118
218,87,18.179
218,88,17.400000000000002
218,89,12.133636363636363
218,90,14.45
218,91,10.964
218,92,9.001428571428571
218,93,8.27
218,95,12.924444444444443
218,97,11.799230769230768
218,98,8.506666666666666
218,100,15.01
218,101,8.9
218,102,7.07
218,107,14.366666666666667
218,108,15.36
218,112,11.5
218,113,16.2475
218,116,16.189999999999998
218,117,8.042142857142858
218,121,5.28304347826087
218,122,3.259230769230769
218,124,4.836
218,125,16.955555555555556
218,126,16.746666666666666
218,129,10.932500000000001
218,130,3.196701030927835
218,131,3.9877777777777776
218,132,2.978
218,134,5.1475
218,135,12.355
218,137,16.427500000000002
218,139,2.0258333333333334
218,140,13.736046511627906
218,141,13.2
218,142,18.799999999999997
218,143,19.395
218,145,16.31
218,146,13.666666666666666
218,148,14.0
218,150,14.4
218,151,10.966666666666669
218,155,11.161999999999999
218,157,10.315000000000001
218,158,16.125
218,159,14.3
218,161,15.875
218,162,16.119999999999997
218,163,14.2
218,164,15.649999999999999
218,165,13.6
218,166,18.4
218,167,15.3
218,168,17.314285714285713
218,169,17.35
218,170,15.04375
218,171,11.523333333333333
218,173,8.65
218,174,20.2
218,175,8.166666666666666
218,177,8.023125
218,179,14.865
218,180,4.55
218,181,13.955454545454545
218,183,15.3
218,186,15.809999999999999
218,188,11.071111111111112
218,189,13.783333333333333
218,191,4.8096875
218,192,7.59
218,193,15.13
218,195,19.65
218,196,8.59
218,197,4.18375
218,198,9.508571428571429
218,201,9.0
218,202,13.8
218,203,3.0963636363636367
218,205,1.7789655172413794
218,209,18.85
218,210,12.796666666666667
218,213,11.026666666666666
218,215,2.2075
218,216,3.4925925925925925
218,217,12.850000000000001
218,219,2.583809523809524
218,222,7.1975
218,223,11.465
218,225,10.318181818181818
218,226,11.933
218,227,18.825
218,228,16.8
218,229,15.46
218,230,15.485882352941175
218,231,16.091666666666665
218,232,17.033333333333335
218,233,14.792000000000002
218,234,15.85
218,235,16.3
218,236,13.885714285714284
218,237,15.085714285714285
218,241,22.2
218,242,14.3
218,244,17.535
218,246,18.322222222222223
218,247,16.6875
218,249,15.385714285714286
218,250,14.45
218,254,18.022
218,255,15.95
218,257,19.9
218,258,5.516666666666667
218,259,22.66
218,260,14.5625
218,261,17.0
218,262,12.457142857142857
219,1,35.53
219,3,17.450000000000003
219,4,18.72
219,7,14.636666666666665
219,9,11.605
219,10,2.098076923076923
219,13,20.314999999999998
219,14,14.700000000000001
219,15,11.64
219,16,11.456666666666669
219,17,10.811052631578947
219,18,19.475
219,19,6.7875
219,25,17.046
219,26,17.53
219,27,10.84
219,28,5.38909090909091
219,29,13.870000000000001
219,33,15.718181818181819
219,35,9.181538461538462
219,36,8.887777777777778
219,37,8.958333333333334
219,38,3.5681818181818183
219,39,7.931111111111111
219,40,20.630000000000003
219,41,16.69666666666667
219,42,17.232
219,45,18.9
219,47,19.49
219,48,15.430000000000001
219,49,12.491249999999999
219,50,16.0475
219,51,18.573333333333334
219,52,22.143333333333334
219,53,16.12
219,54,23.88
219,55,14.388571428571428
219,56,9.31
219,60,19.700000000000003
219,61,9.876129032258065
219,62,11.750714285714285
219,63,6.2683333333333335
219,64,9.378
219,65,15.4375
219,66,15.379999999999999
219,67,17.0
219,68,17.14375
219,69,16.685000000000002
219,70,10.145
219,71,11.952
219,72,10.304285714285713
219,73,11.24
219,74,15.105
219,75,13.90457142857143
219,76,6.76551724137931
219,77,7.506666666666667
219,78,17.38125
219,79,14.64
219,80,14.876
219,81,19.29
219,82,13.030000000000001
219,83,8.85
219,85,13.233333333333334
219,86,6.534761904761904
219,87,19.125999999999998
219,88,18.762
219,89,13.551333333333334
219,90,16.732142857142858
219,91,12.99
219,92,8.415
219,93,6.1971428571428575
219,95,9.684444444444445
219,97,13.59375
219,98,14.625
219,100,15.096666666666666
219,101,12.088
219,102,6.83
219,106,18.064999999999998
219,107,14.337777777777777
219,108,12.8
219,112,13.053333333333333
219,113,16.145
219,114,16.626666666666665
219,116,17.900000000000002
219,117,8.193333333333333
219,119,15.649999999999999
219,121,7.129090909090909
219,122,11.217777777777776
219,123,14.965
219,124,4.434
219,125,17.525
219,127,18.33
219,129,13.104999999999999
219,130,4.28703125
219,131,5.3549999999999995
219,132,4.8021875000000005
219,133,15.32
219,134,5.851666666666667
219,135,6.386666666666667
219,136,19.2
219,137,14.95
219,138,8.625
219,139,1.5230769230769232
219,140,15.834999999999999
219,141,15.360000000000001
219,142,16.7209375
219,143,19.885
219,144,15.35
219,145,12.79375
219,146,12.993333333333332
219,147,20.12
219,148,15.758333333333333
219,149,12.74
219,150,12.626666666666667
219,151,18.25
219,152,18.1
219,155,10.991428571428571
219,157,11.719999999999999
219,158,15.165
219,159,16.77
219,160,11.365
219,161,14.815999999999999
219,162,14.925
219,163,17.093
219,164,14.57913043478261
219,165,12.5
219,166,17.716
219,167,13.67
219,168,18.61
219,169,20.3
219,170,15.693636363636363
219,171,11.105
219,173,8.2
219,174,22.38
219,175,8.799999999999999
219,177,8.722
219,179,13.4
219,180,4.671428571428572
219,181,17.82857142857143
219,186,15.87
219,188,11.629473684210527
219,189,12.213333333333333
219,190,11.3
219,191,4.913529411764706
219,194,15.08
219,195,15.1
219,196,9.04
219,197,5.214615384615385
219,198,10.88
219,201,9.635
219,202,14.215
219,203,1.7233333333333332
219,204,32.9
219,205,2.4840816326530613
219,208,16.0
219,209,17.595
219,210,13.473333333333334
219,211,16.7375
219,215,3.1260000000000003
219,216,3.7589361702127655
219,217,18.04
219,218,1.33125
219,222,7.5725
219,223,12.9275
219,224,13.35
219,225,9.83578947368421
219,226,12.726363636363637
219,227,23.41
219,228,21.517500000000002
219,229,11.4825
219,230,16.43730769230769
219,231,19.160526315789475
219,232,15.3525
219,233,14.148333333333333
219,234,16.82125
219,235,18.65
219,236,17.116999999999997
219,237,15.08875
219,238,17.33857142857143
219,239,18.231428571428573
219,242,14.928571428571429
219,243,18.64
219,244,18.044
219,246,16.175
219,249,16.31
219,250,18.18
219,252,13.415
219,254,18.686666666666667
219,255,13.93
219,256,15.086000000000002
219,257,22.055
219,258,6.414615384615384
219,259,22.183333333333334
219,260,14.765
219,261,28.18
219,262,15.780000000000001
219,263,15.604999999999999
220,1,27.07
220,3,6.836666666666666
220,4,13.971428571428572
220,7,10.165
220,9,14.61
220,10,18.450000000000003
220,13,14.625
220,14,22.75
220,17,16.05
220,18,2.579047619047619
220,19,20.03
220,20,4.296
220,24,8.385714285714284
220,29,4.3
220,32,5.113
220,33,6.3
220,35,21.393333333333334
220,38,20.0
220,39,22.45
220,41,7.384166666666666
220,42,5.957857142857143
220,43,10.0
220,45,14.7975
220,47,4.928
220,48,10.981666666666667
220,50,9.138333333333334
220,51,8.535
220,55,25.599999999999998
220,56,14.6
220,58,10.255
220,60,5.835
220,61,18.1
220,62,17.1
220,68,11.212727272727273
220,69,5.356
220,72,21.96666666666667
220,74,6.462222222222222
220,75,8.67315789473684
220,76,20.333333333333332
220,77,20.3
220,78,4.868333333333333
220,79,12.833333333333334
220,80,15.59
220,81,4.2716666666666665
220,82,11.97
220,83,12.1
220,86,26.6
220,87,15.795000000000002
220,88,12.385714285714286
220,89,18.4
220,90,11.671666666666667
220,91,27.4
220,92,13.744444444444445
220,94,2.252
220,95,14.465
220,97,12.326666666666668
220,100,11.7
220,107,12.435714285714285
220,113,12.213999999999999
220,116,5.234285714285714
220,117,23.9
220,119,4.46
220,120,5.7
220,125,12.913333333333334
220,126,8.155
220,127,1.8348571428571427
220,128,12.655000000000001
220,129,12.434999999999999
220,130,16.6
220,132,22.8
220,135,16.0
220,136,1.9557142857142857
220,137,11.04
220,140,10.26705882352941
220,141,10.291111111111112
220,142,10.1608
220,143,10.461538461538462
220,144,13.65
220,147,8.41
220,148,14.692499999999999
220,149,21.4
220,151,7.53
220,152,6.262727272727273
220,153,0.8720000000000001
220,158,11.926666666666668
220,159,6.65
220,160,16.55
220,161,10.96888888888889
220,162,10.787692307692309
220,163,10.155714285714286
220,164,12.19125
220,165,24.6
220,166,6.678947368421053
220,167,6.405
220,168,6.569166666666667
220,169,3.9711764705882358
220,170,11.667499999999999
220,171,13.0
220,173,12.7
220,174,2.897
220,179,13.0
220,181,17.7
220,182,7.94
220,183,9.05
220,185,5.369999999999999
220,186,12.045
220,189,16.2
220,191,20.0
220,192,14.0
220,193,10.8
220,195,22.5
220,197,17.285
220,200,1.4236363636363636
220,202,14.42
220,205,17.799999999999997
220,208,10.402
220,209,14.0
220,211,14.295
220,212,7.05
220,213,9.156666666666666
220,215,19.166666666666668
220,216,19.75
220,218,27.04
220,222,19.775
220,225,17.6
220,226,12.42
220,229,10.02
220,230,10.836363636363636
220,231,14.253333333333334
220,232,14.04
220,233,12.2375
220,234,12.062857142857142
220,235,3.2826666666666666
220,236,9.196
220,237,9.915000000000001
220,238,8.238823529411764
220,239,8.484210526315788
220,240,4.3
220,241,1.3215999999999999
220,242,6.94625
220,243,2.9804000000000004
220,244,4.950952380952382
220,246,11.57625
220,247,5.274615384615386
220,248,6.294
220,249,12.345
220,250,8.078
220,254,4.025833333333334
220,255,8.37
220,259,6.29
220,260,10.5
220,261,14.333333333333334
220,262,9.715
220,263,9.176
221,6,1.8980000000000001
221,7,19.805
221,12,12.67
221,14,4.0425
221,22,5.283333333333334
221,25,10.66
221,26,5.945
221,33,11.56
221,36,17.07
221,38,20.55
221,45,13.97
221,48,12.4
221,52,10.82
221,56,19.51
221,61,12.1
221,62,10.4
221,63,19.15
221,65,10.395
221,67,4.6775
221,74,21.64
221,88,11.83
221,90,12.7
221,91,1.63
221,118,8.44
221,123,9.26
221,137,16.35
221,140,18.115000000000002
221,141,18.21
221,149,13.14
221,159,23.41
221,177,15.85
221,183,29.67
221,186,12.566666666666668
221,188,9.2
221,195,14.02
221,214,3.12
221,225,16.11
221,227,5.98
221,228,6.58
221,231,10.925
221,246,30.45
221,258,20.5
222,3,17.6
222,4,14.143333333333333
222,7,15.465
222,10,6.780625
222,11,9.75
222,13,16.9
222,14,13.133
222,16,15.2
222,17,5.663461538461538
222,18,5.7
222,20,17.4
222,21,9.33375
222,22,10.3
222,25,9.015789473684212
222,26,11.295
222,28,8.472857142857142
222,29,8.18090909090909
222,33,8.1125
222,35,3.0179069767441864
222,36,7.955000000000001
222,37,4.392352941176471
222,38,10.36
222,39,1.7842857142857143
222,41,10.600000000000001
222,42,18.296666666666667
222,45,9.043333333333335
222,46,27.1
222,47,18.7
222,48,13.325
222,49,5.884090909090909
222,50,18.85
222,51,20.900000000000002
222,52,20.3
222,53,15.4
222,55,10.07
222,56,12.0
222,57,12.97
222,60,17.675
222,61,4.144444444444445
222,62,4.41
222,63,3.599285714285714
222,64,17.57
222,65,8.632916666666667
222,66,7.51
222,67,11.86
222,68,14.8625
222,69,18.5
222,70,13.633333333333333
222,71,5.077500000000001
222,72,2.7196774193548388
222,74,14.685714285714285
222,75,15.354761904761904
222,76,1.6687412587412587
222,77,1.7173913043478262
222,78,17.833333333333332
222,79,12.575
222,80,5.275714285714286
222,82,8.5
222,83,8.865
222,85,4.522307692307693
222,86,12.52
222,87,12.343243243243244
222,88,10.42
222,89,5.881333333333333
222,90,14.933333333333332
222,91,4.2916
222,92,11.475714285714286
222,93,11.7
222,95,8.225
222,97,6.576153846153845
222,100,12.9
222,101,14.319999999999999
222,102,5.3566666666666665
222,106,14.34
222,107,12.321428571428571
222,108,10.1625
222,112,11.666666666666666
222,113,9.5
222,114,9.766666666666666
222,116,20.5
222,117,10.079166666666667
222,119,17.766666666666666
222,121,9.944444444444445
222,122,11.0975
222,123,7.945909090909091
222,124,3.1391666666666667
222,125,22.0
222,126,17.733333333333334
222,129,11.0
222,130,8.258333333333333
222,131,9.802857142857144
222,132,4.055
222,133,8.850000000000001
222,134,7.765000000000001
222,135,8.83125
222,136,2.7
222,137,14.169230769230769
222,138,11.4
222,139,8.315
222,140,14.126521739130435
222,141,14.049999999999999
222,142,13.7
222,143,20.0
222,144,9.1
222,145,10.14
222,147,15.571428571428571
222,148,13.6
222,149,7.0842857142857145
222,150,13.468
222,152,20.55
222,154,5.65
222,155,5.113333333333333
222,157,7.376
222,159,25.8
222,160,5.9
222,161,14.809999999999999
222,162,14.600000000000001
222,163,17.400000000000002
222,164,17.200000000000003
222,165,6.996666666666667
222,166,16.5
222,167,14.05
222,168,16.27777777777778
222,169,21.0
222,170,11.705882352941176
222,171,11.54
222,174,20.1
222,175,14.8
222,177,2.9228125
222,178,8.44
222,179,14.0
222,180,3.9260000000000006
222,181,10.374285714285715
222,182,17.3
222,186,15.466666666666667
222,188,4.156000000000001
222,189,9.233333333333333
222,190,5.95
222,191,12.041764705882354
222,192,8.6
222,194,17.96
222,196,7.631176470588235
222,197,6.078888888888889
222,198,5.399166666666667
222,201,9.595
222,203,8.850000000000001
222,205,8.49470588235294
222,208,18.2
222,209,11.269565217391303
222,210,6.765000000000001
222,212,15.6
222,213,2.3
222,215,8.592307692307692
222,216,5.1590625
222,217,6.0
222,218,7.238333333333333
222,219,7.275
222,220,22.2
222,224,10.2
222,225,4.68741935483871
222,226,11.4925
222,227,9.133333333333333
222,228,15.296666666666667
222,229,18.3
222,230,16.576363636363638
222,231,11.166666666666666
222,232,14.0
222,233,13.933333333333332
222,234,15.085
222,235,24.85
222,236,15.450000000000001
222,237,14.059999999999999
222,238,16.9
222,240,20.2
222,241,21.74
222,243,15.799999999999999
222,244,21.71666666666667
222,247,13.4
222,249,12.2
222,250,16.2
222,254,23.2
222,255,7.4
222,256,5.5
222,258,4.776666666666666
222,260,10.3
222,261,19.88
222,263,16.29
223,1,24.465
223,3,11.62
223,4,8.843333333333334
223,7,1.576046511627907
223,8,5.550000000000001
223,9,9.468571428571428
223,10,10.152857142857142
223,11,16.8
223,13,13.05
223,14,16.023333333333333
223,15,9.25
223,16,10.351764705882353
223,17,8.214117647058822
223,18,11.31
223,20,8.96
223,21,17.71
223,22,14.7
223,24,5.914
223,25,11.552307692307693
223,26,12.7
223,28,8.302631578947368
223,29,21.055
223,32,8.815
223,33,10.186153846153845
223,34,7.640000000000001
223,35,13.35
223,36,7.232222222222223
223,37,8.395135135135135
223,38,13.73
223,39,15.825
223,40,11.12
223,41,5.166399999999999
223,42,5.047631578947368
223,43,6.47
223,45,8.806000000000001
223,46,14.19
223,47,8.709999999999999
223,48,7.203636363636363
223,49,8.508571428571429
223,50,5.8145454545454545
223,51,12.24625
223,52,10.805
223,53,6.908181818181817
223,54,10.99
223,55,21.59
223,56,6.224166666666666
223,58,9.615
223,60,7.766666666666667
223,61,9.7536
223,62,10.653333333333334
223,63,11.013
223,64,12.183333333333332
223,65,9.233571428571429
223,66,9.35153846153846
223,67,16.38
223,68,7.536071428571428
223,69,6.065555555555555
223,70,2.981081081081081
223,71,13.42
223,72,13.425
223,73,8.386666666666667
223,74,4.049122807017544
223,75,5.245901639344262
223,76,13.976470588235294
223,77,12.4225
223,78,7.68375
223,79,8.440714285714286
223,80,6.323333333333333
223,81,13.0
223,82,4.242040816326531
223,83,3.6990476190476196
223,85,12.302727272727271
223,86,17.3
223,87,11.233571428571429
223,88,10.397142857142857
223,89,13.935714285714285
223,90,7.734615384615385
223,92,5.503
223,93,8.046666666666667
223,94,10.23
223,95,7.190930232558139
223,96,10.05
223,97,8.874444444444444
223,98,9.022
223,100,6.740454545454545
223,101,12.6
223,102,10.473749999999999
223,106,10.9025
223,107,7.179090909090909
223,108,21.7
223,112,5.508571428571429
223,113,8.697142857142858
223,114,8.831999999999999
223,116,6.04037037037037
223,117,18.424999999999997
223,119,7.53
223,120,6.26
223,121,8.157142857142857
223,122,11.5425
223,123,20.02
223,124,14.27
223,125,9.742857142857144
223,126,5.566666666666666
223,127,8.512857142857143
223,128,9.495000000000001
223,129,2.45
223,130,9.35090909090909
223,131,10.149
223,132,13.604
223,133,14.39
223,134,8.0925
223,135,8.125333333333334
223,136,8.206666666666665
223,137,7.257380952380952
223,138,2.8522826086956523
223,139,14.33
223,140,5.600888888888889
223,141,5.734444444444445
223,142,7.201481481481482
223,143,7.366666666666667
223,144,8.71125
223,145,3.9003846153846156
223,146,2.587241379310345
223,147,6.49
223,148,8.933181818181819
223,149,16.4
223,151,7.191363636363636
223,152,5.509090909090909
223,153,11.41
223,155,15.99
223,157,4.784999999999999
223,158,11.887500000000001
223,159,5.606
223,160,6.84
223,161,6.509024390243902
223,162,6.3187096774193545
223,163,7.812758620689655
223,164,7.2958333333333325
223,165,14.464444444444446
223,166,6.156666666666666
223,167,5.981428571428572
223,168,4.9875
223,169,7.266666666666667
223,170,6.342272727272728
223,171,6.845000000000001
223,173,3.6578947368421053
223,174,10.452
223,175,10.264
223,177,12.80090909090909
223,178,16.58
223,179,1.3503311258278146
223,180,11.809999999999999
223,181,11.392
223,182,9.073333333333332
223,183,10.395000000000001
223,184,10.8
223,185,10.27
223,186,6.9948148148148155
223,188,11.7275
223,189,9.1675
223,190,10.932500000000001
223,191,13.13
223,192,6.376
223,193,2.777297297297297
223,194,2.88
223,195,13.615
223,196,7.192352941176471
223,197,10.436
223,198,6.204090909090909
223,200,11.921666666666667
223,201,18.7
223,202,2.9872727272727273
223,203,16.7625
223,205,12.13
223,207,2.1766666666666667
223,208,9.47
223,209,10.234285714285715
223,210,21.23
223,211,8.200000000000001
223,212,6.518000000000001
223,213,6.881428571428572
223,215,10.448571428571428
223,216,11.223157894736843
223,218,12.668000000000001
223,219,14.453333333333333
223,220,9.947777777777778
223,222,14.306000000000001
223,224,7.63875
223,225,8.315555555555555
223,226,3.243846153846154
223,227,14.549999999999999
223,228,13.15
223,229,5.244814814814815
223,230,7.048478260869565
223,231,10.203333333333333
223,232,7.843076923076923
223,233,6.9815625
223,234,7.580625
223,235,8.134615384615385
223,236,6.3
223,237,5.807096774193549
223,238,6.8428571428571425
223,239,7.562820512820513
223,240,11.3
223,241,10.816666666666668
223,242,8.988
223,243,7.928695652173913
223,244,6.977857142857142
223,246,8.4225
223,247,6.6499999999999995
223,248,7.02
223,249,9.038
223,250,6.781999999999999
223,252,7.4584210526315795
223,253,4.63
223,254,11.68
223,255,6.281153846153846
223,256,6.784000000000001
223,257,14.215
223,258,11.665555555555555
223,259,11.61
223,260,2.6694202898550725
223,261,11.67875
223,262,5.916060606060606
223,263,5.760166666666667
224,1,11.90375
224,4,0.9480769230769232
224,7,6.116153846153846
224,12,3.9699999999999998
224,13,4.676204379562043
224,14,11.117999999999999
224,17,5.493333333333333
224,18,14.74
224,19,14.7
224,20,10.9
224,21,13.8
224,22,11.17
224,24,6.5200000000000005
224,25,5.203888888888889
224,26,9.77
224,28,11.1
224,33,5.3876
224,34,4.279999999999999
224,36,7.081666666666667
224,37,6.625454545454545
224,39,25.9
224,40,6.066666666666666
224,41,6.791724137931035
224,42,7.6255319148936165
224,43,4.211666666666667
224,45,2.810106382978723
224,47,8.5
224,48,2.9856363636363636
224,49,6.045384615384616
224,50,3.552054794520548
224,51,15.971875
224,52,5.295
224,54,6.56
224,55,15.184999999999999
224,56,8.99
224,60,10.86
224,61,7.0985
224,62,7.114999999999999
224,63,6.9
224,65,4.327419354838709
224,66,4.682
224,67,11.35
224,68,2.030560975609756
224,69,7.517142857142858
224,71,10.53
224,72,8.48
224,74,5.981232876712329
224,75,4.957878787878788
224,76,13.655
224,77,9.6
224,78,10.626666666666667
224,79,0.995265306122449
224,80,5.0495
224,81,15.718
224,82,7.625
224,83,7.66
224,85,10.11
224,86,21.24
224,87,3.5494444444444446
224,88,3.7691269841269843
224,89,9.87857142857143
224,90,1.5541735537190082
224,92,10.99
224,95,10.366
224,97,5.372307692307692
224,100,2.1382456140350876
224,102,9.1
224,106,6.9350000000000005
224,107,0.8217094017094018
224,108,16.165
224,112,4.9912
224,113,1.2629573170731707
224,114,1.6875280898876404
224,116,8.5
224,119,9.15
224,125,2.4562666666666666
224,127,11.003
224,128,10.8
224,129,8.053333333333333
224,130,12.453333333333333
224,132,17.266944444444444
224,133,9.86
224,134,14.0
224,135,11.38
224,136,11.32
224,137,0.9013475177304964
224,138,10.059065420560747
224,140,2.8329761904761903
224,141,2.977361111111111
224,142,4.10059829059829
224,143,4.399607843137255
224,144,1.8969117647058824
224,145,3.652333333333333
224,146,4.4624999999999995
224,147,8.25
224,148,1.5866577540106952
224,151,5.92125
224,152,8.121538461538462
224,157,6.763333333333333
224,158,2.1993
224,159,7.1499999999999995
224,160,8.853333333333333
224,161,2.3670165745856355
224,162,1.9565744680851065
224,163,2.9435326086956524
224,164,1.5517302052785924
224,165,11.331999999999999
224,166,6.7171875
224,167,8.93
224,168,6.763333333333333
224,169,9.2
224,170,1.4299068322981368
224,173,9.805
224,177,6.7
224,178,10.7
224,179,4.86
224,180,11.54
224,181,7.413225806451613
224,182,14.2
224,186,1.9226534653465346
224,188,10.54
224,189,6.32
224,190,7.793333333333334
224,192,10.12
224,193,4.08
224,194,7.88
224,195,7.076666666666667
224,197,11.295
224,198,6.792222222222222
224,200,15.945
224,201,26.1
224,202,5.6075
224,205,12.9
224,208,12.25
224,209,3.305731707317073
224,210,11.0
224,211,2.262536231884058
224,212,11.23
224,215,12.3
224,217,5.470000000000001
224,220,12.195
224,222,11.0
224,223,7.045999999999999
224,225,6.256
224,226,4.610625
224,227,9.43
224,228,9.665
224,229,2.043211920529801
224,230,2.599109947643979
224,231,3.6400429184549354
224,232,1.9231073446327682
224,233,1.4847678018575852
224,234,1.1578850102669405
224,236,4.371833333333333
224,237,3.1467510548523205
224,238,5.557974683544304
224,239,4.751071428571429
224,242,11.32
224,243,10.51
224,244,9.665
224,246,2.452871287128713
224,247,7.5575
224,249,1.7682153846153845
224,250,12.1
224,254,13.91
224,255,4.802142857142857
224,256,3.784166666666667
224,257,8.876666666666667
224,260,6.29
224,261,3.9966666666666666
224,262,3.8701360544217684
224,263,3.8721893491124257
225,1,18.68
225,3,17.933333333333334
225,4,4.254117647058823
225,7,7.794444444444445
225,8,9.54
225,9,7.546666666666667
225,10,9.7345
225,11,8.0
225,13,5.548333333333333
225,14,10.507560975609756
225,16,12.283333333333333
225,17,1.377516339869281
225,18,17.732000000000003
225,20,15.25
225,21,8.866666666666667
225,22,10.022222222222222
225,24,11.3675
225,25,3.1304395604395605
225,26,6.935882352941176
225,28,7.9558333333333335
225,29,11.856666666666667
225,32,13.25
225,33,3.893333333333333
225,34,2.833157894736842
225,35,2.549831932773109
225,36,1.5777310924369747
225,37,1.3860893854748604
225,38,12.995000000000001
225,39,4.394782608695652
225,40,4.686875
225,41,12.876285714285714
225,42,12.675652173913045
225,43,10.334999999999999
225,45,4.8982758620689655
225,46,6.35
225,47,14.9225
225,48,8.728139534883722
225,49,1.9077450980392157
225,50,9.054285714285713
225,51,16.00111111111111
225,52,4.259
225,53,12.17909090909091
225,54,4.556666666666667
225,55,12.83736842105263
225,56,7.610833333333333
225,57,9.033333333333333
225,60,12.976470588235294
225,61,1.6180555555555556
225,62,2.707450980392157
225,63,3.4242105263157896
225,65,3.3495833333333334
225,66,3.819722222222222
225,67,8.658
225,68,7.744242424242424
225,69,13.680625
225,70,9.600000000000001
225,71,3.6737254901960785
225,72,2.840740740740741
225,73,12.045
225,74,12.041282051282051
225,75,10.690178571428572
225,76,3.8569230769230765
225,77,2.877551020408163
225,78,17.415
225,79,4.618169014084507
225,80,2.036
225,81,19.28
225,82,5.888333333333333
225,83,5.925
225,85,4.491509433962264
225,86,13.446315789473683
225,87,5.314468085106383
225,88,5.54
225,89,4.559380530973452
225,90,6.7578125
225,91,4.924107142857143
225,92,11.4405
225,93,9.894
225,94,17.200000000000003
225,95,6.448947368421052
225,96,4.248
225,97,3.0224431818181823
225,100,7.272432432432432
225,101,14.719999999999999
225,102,3.9909999999999997
225,106,3.891428571428571
225,107,5.869777777777777
225,108,9.1
225,112,3.224819277108434
225,113,5.832777777777777
225,114,5.513
225,116,13.60608695652174
225,117,13.593478260869563
225,119,12.9525
225,120,12.6
225,121,8.954545454545455
225,122,11.74
225,123,6.746666666666667
225,124,5.848571428571428
225,125,5.595882352941176
225,126,15.565000000000001
225,127,16.165
225,128,17.66
225,129,7.939473684210526
225,130,8.852173913043478
225,131,9.85375
225,132,9.847959183673469
225,133,6.45
225,134,6.49
225,135,8.812857142857142
225,136,15.5
225,137,6.274
225,138,9.923
225,139,12.73625
225,140,7.891803278688524
225,141,7.575
225,142,8.907272727272728
225,143,8.860454545454546
225,144,4.841111111111111
225,145,4.919574468085107
225,146,5.703636363636364
225,147,14.8875
225,148,4.564901960784314
225,149,6.477142857142858
225,150,11.227500000000001
225,151,12.55625
225,152,12.879
225,154,8.596
225,155,6.013076923076923
225,156,17.5
225,157,2.8577777777777778
225,158,6.562857142857142
225,159,13.440000000000001
225,160,4.145555555555556
225,161,7.715510204081633
225,162,7.061764705882353
225,163,8.423125
225,164,7.74625
225,165,6.763333333333333
225,166,12.281
225,167,14.231666666666667
225,168,12.348571428571429
225,169,16.051
225,170,7.204210526315789
225,171,11.55125
225,173,10.01
225,174,19.753999999999998
225,177,1.7823809523809524
225,178,6.565
225,179,7.895789473684211
225,180,5.705294117647059
225,181,3.5956363636363635
225,182,15.971111111111112
225,185,16.05
225,186,7.633823529411765
225,188,3.0751470588235295
225,189,2.6010389610389613
225,190,3.5081249999999997
225,191,12.527222222222223
225,192,10.172857142857143
225,193,5.793636363636363
225,194,9.2
225,195,5.545000000000001
225,196,6.4799999999999995
225,197,7.5475
225,198,2.251359223300971
225,200,19.740000000000002
225,201,13.7
225,202,6.94
225,203,11.78
225,205,11.174761904761905
225,206,15.47
225,207,9.85
225,208,16.48
225,209,5.839117647058823
225,210,8.2
225,211,5.342777777777778
225,212,15.190000000000001
225,213,15.9225
225,215,9.115333333333332
225,216,7.344324324324324
225,217,2.15
225,218,10.804285714285713
225,219,10.770000000000001
225,220,18.4775
225,221,13.93
225,222,4.368837209302326
225,223,8.161052631578947
225,224,4.864
225,226,5.0972
225,227,6.647692307692308
225,228,6.5361290322580645
225,229,7.613913043478261
225,230,8.227714285714287
225,231,6.126909090909091
225,232,4.734358974358975
225,233,6.709130434782609
225,234,6.667555555555556
225,235,15.315000000000001
225,236,9.060666666666666
225,237,8.00375
225,238,10.252857142857142
225,239,10.854285714285714
225,241,17.606
225,242,14.998181818181818
225,243,15.55842105263158
225,244,13.878749999999998
225,246,8.227500000000001
225,247,14.250714285714285
225,248,13.607999999999999
225,249,7.1370000000000005
225,250,16.525
225,252,12.350000000000001
225,254,17.733999999999998
225,255,2.8250467289719623
225,256,2.4194444444444443
225,257,4.854285714285715
225,258,4.9285
225,259,18.255000000000003
225,260,5.574375
225,261,5.602799999999999
225,262,8.9125
225,263,8.492142857142857
226,1,15.159999999999998
226,3,13.772142857142857
226,4,5.3132
226,7,1.7168454935622317
226,8,3.505
226,9,9.983333333333334
226,10,9.974375
226,11,14.833333333333334
226,13,9.5
226,14,12.549444444444445
226,15,11.311538461538463
226,16,11.580625
226,17,4.7821875
226,18,12.085
226,19,13.886000000000001
226,20,12.905
226,21,11.56
226,22,14.936666666666667
226,24,5.925000000000001
226,25,6.313809523809524
226,26,11.285
226,27,18.79
226,28,8.627391304347826
226,29,18.896666666666665
226,30,13.44
226,32,11.545
226,33,6.765714285714286
226,34,4.5875
226,35,8.503636363636362
226,36,3.8142622950819676
226,37,4.127888888888889
226,38,13.483333333333334
226,39,14.655714285714286
226,40,7.818571428571429
226,41,7.364400000000001
226,42,7.430000000000001
226,43,4.233333333333333
226,45,6.162352941176471
226,47,9.815
226,48,4.836078431372549
226,49,5.061764705882353
226,50,4.5725
226,51,14.638333333333334
226,52,7.095000000000001
226,53,9.384545454545455
226,54,7.2925
226,55,18.869999999999997
226,56,4.668681318681319
226,57,6.12
226,60,11.485
226,61,6.0261818181818185
226,62,6.827333333333333
226,63,7.888636363636365
226,64,12.938333333333333
226,65,5.918709677419354
226,66,5.67875
226,67,12.076666666666666
226,68,5.354383561643836
226,69,7.974545454545455
226,70,4.89741935483871
226,71,7.868333333333333
226,72,9.171999999999999
226,73,8.546153846153846
226,74,6.100877192982456
226,75,5.04625
226,76,8.735681818181819
226,77,9.940000000000001
226,78,12.585
226,79,5.112266666666667
226,80,2.689375
226,81,15.797777777777778
226,82,2.8607547169811323
226,83,2.2304347826086954
226,85,7.912000000000001
226,86,14.243333333333334
226,87,8.098837209302326
226,88,7.366470588235295
226,89,10.9775
226,90,5.226590909090909
226,91,10.806666666666667
226,92,7.2418571428571425
226,93,7.2536000000000005
226,94,12.01875
226,95,5.443695652173913
226,96,6.24
226,97,5.744400000000001
226,98,9.272
226,100,4.416610169491525
226,101,14.932500000000001
226,102,4.991578947368422
226,106,7.941333333333334
226,107,4.440615384615384
226,108,16.52
226,111,11.1
226,112,2.4097938144329896
226,113,4.76125
226,114,5.9465
226,116,8.753714285714286
226,117,12.776666666666666
226,119,9.346666666666668
226,120,8.8425
226,121,8.157105263157895
226,122,9.805454545454545
226,123,12.975
226,124,10.430000000000001
226,125,6.598999999999999
226,126,9.525
226,127,11.668888888888889
226,128,10.92
226,129,3.0001749271137026
226,130,9.721764705882354
226,131,10.553529411764705
226,132,13.047193763919822
226,133,10.375
226,134,8.455862068965518
226,135,7.87952380952381
226,136,9.776
226,137,4.131363636363636
226,138,5.693978494623655
226,139,16.948
226,140,3.107388535031847
226,141,3.274054054054054
226,142,4.250980392156863
226,143,4.421111111111111
226,144,5.409354838709677
226,145,1.6043396226415094
226,146,1.2534586466165414
226,147,7.612
226,148,5.546734693877552
226,149,14.068000000000001
226,150,21.729999999999997
226,151,5.693333333333333
226,152,8.398333333333333
226,155,16.916
226,157,2.466666666666667
226,158,6.113571428571428
226,159,8.3975
226,160,4.156938775510204
226,161,3.488299319727891
226,162,3.3046938775510206
226,163,3.2963513513513516
226,164,4.087837837837838
226,165,13.982
226,166,6.951363636363637
226,167,8.612
226,168,7.26625
226,169,10.759090909090908
226,170,3.8408490566037736
226,171,8.847916666666666
226,173,4.367058823529412
226,174,13.816666666666668
226,175,11.568000000000001
226,177,7.481764705882353
226,179,2.56576
226,180,8.4
226,181,7.294
226,182,13.52
226,183,12.5
226,185,12.719444444444443
226,186,4.5647142857142855
226,188,7.654400000000001
226,189,6.0785
226,190,7.7524999999999995
226,191,12.612307692307693
226,192,7.0095
226,193,1.72
226,195,8.779
226,196,4.1939215686274505
226,197,8.435614035087719
226,198,3.6586363636363632
226,200,13.86
226,201,14.6
226,202,2.9805555555555556
226,203,16.21
226,205,12.204375
226,206,20.03
226,207,2.9975
226,208,13.742
226,209,7.0200000000000005
226,210,17.67
226,211,6.14551724137931
226,212,9.64125
226,213,9.204285714285716
226,215,10.877368421052632
226,216,10.106056338028168
226,217,4.079166666666667
226,218,12.965714285714286
226,219,12.428333333333333
226,220,13.938333333333333
226,221,16.1
226,223,3.164807692307692
226,224,4.915714285714286
226,225,5.0204545454545455
226,227,11.723846153846154
226,228,10.547777777777778
226,229,2.873367346938775
226,230,4.0017582417582425
226,231,7.113333333333334
226,232,5.416896551724138
226,233,3.545064935064935
226,234,4.643731343283582
226,235,11.481818181818182
226,236,4.121287128712871
226,237,3.413421052631579
226,238,5.825714285714286
226,239,4.90452380952381
226,240,13.62
226,241,12.771999999999998
226,242,12.77
226,243,10.39611111111111
226,244,9.890526315789472
226,246,5.361714285714285
226,247,10.426
226,248,10.597999999999999
226,249,5.613333333333333
226,250,11.582857142857142
226,252,9.157272727272728
226,254,14.232857142857142
226,255,3.3677272727272727
226,256,3.396136363636364
226,257,9.725714285714286
226,258,7.3153999999999995
226,259,15.195714285714287
226,260,1.469924528301887
226,261,8.674736842105263
226,262,3.6928947368421055
226,263,4.065466666666667
227,3,21.3
227,4,9.26
227,7,12.4825
227,9,14.3
227,10,15.700000000000001
227,11,3.8628571428571425
227,13,6.59
227,14,2.126825396825397
227,17,6.352727272727273
227,18,22.060000000000002
227,19,23.9
227,21,3.784090909090909
227,22,3.114722222222222
227,25,4.111428571428571
227,26,1.4175925925925925
227,28,18.865000000000002
227,29,8.2825
227,33,4.779999999999999
227,34,5.989999999999999
227,35,7.706
227,36,7.8585714285714285
227,37,7.558571428571428
227,38,24.515
227,39,12.603636363636362
227,40,3.17625
227,41,13.7
227,42,11.831999999999999
227,45,5.4399999999999995
227,47,16.5
227,48,9.84
227,49,6.814285714285714
227,50,9.603333333333333
227,52,3.725
227,53,20.83
227,54,3.9000000000000004
227,55,7.18375
227,60,16.3
227,61,5.568823529411765
227,62,4.05
227,63,8.036666666666667
227,65,4.899090909090909
227,66,5.279999999999999
227,67,1.8076190476190477
227,68,9.335
227,69,15.2
227,70,13.5
227,71,4.661428571428571
227,72,5.473846153846154
227,74,6.04
227,75,12.486
227,76,12.45
227,77,10.206666666666667
227,78,18.575
227,79,8.040000000000001
227,80,9.815
227,82,11.1
227,85,3.4000000000000004
227,86,19.525
227,87,6.1414285714285715
227,89,3.5876923076923073
227,90,9.315
227,91,5.416153846153846
227,92,15.0
227,95,16.49
227,97,4.251111111111111
227,98,17.3
227,100,8.6
227,102,14.985
227,106,3.21
227,107,9.003333333333334
227,108,7.267777777777777
227,111,0.86
227,112,8.7325
227,113,8.59
227,114,8.565
227,116,14.2
227,117,15.933333333333332
227,121,19.04
227,123,4.69
227,124,17.75
227,125,6.77875
227,127,20.5
227,129,13.5225
227,130,17.97142857142857
227,132,26.686666666666667
227,133,2.67
227,134,22.05
227,135,14.05
227,136,21.28
227,137,9.423
227,138,15.309999999999999
227,139,20.7
227,140,10.3025
227,141,12.77
227,142,9.0
227,143,12.4
227,144,8.36
227,145,12.566666666666668
227,147,15.2
227,148,7.699999999999999
227,149,5.199999999999999
227,150,9.643333333333333
227,151,12.799999999999999
227,152,14.3
227,153,23.58
227,154,12.5
227,155,7.04
227,157,10.1
227,158,7.93
227,159,15.28
227,160,12.88
227,161,10.5725
227,162,10.73
227,163,12.875
227,164,9.756666666666668
227,165,3.3146153846153847
227,166,13.52
227,169,19.52
227,170,10.053
227,173,14.979999999999999
227,175,18.1
227,177,5.68
227,178,2.5666666666666664
227,179,14.105
227,180,19.59
227,181,2.666923076923077
227,183,18.2
227,185,18.75
227,186,8.73
227,188,5.835555555555556
227,189,3.7725
227,190,1.7
227,193,11.68
227,195,4.42
227,197,11.8
227,198,11.045
227,201,21.16
227,203,18.700000000000003
227,205,20.0
227,209,7.88
227,210,8.493636363636362
227,211,6.4
227,212,22.62
227,214,7.9433333333333325
227,215,16.9
227,216,21.23
227,217,7.62
227,218,21.296666666666667
227,222,12.825
227,223,14.21
227,224,10.965
227,225,6.890000000000001
227,226,10.14
227,228,1.3633333333333333
227,230,9.6
227,231,6.430000000000001
227,232,6.906666666666666
227,233,9.316666666666668
227,234,9.1
227,235,22.1
227,238,17.7
227,244,16.93
227,246,9.1
227,247,15.9
227,249,7.985
227,250,17.4
227,255,8.549999999999999
227,256,8.31
227,257,2.50375
227,258,12.959999999999999
227,259,23.2
227,260,12.7
227,261,6.6625
227,263,12.04
228,4,8.295333333333334
228,6,7.175000000000001
228,7,12.715789473684211
228,10,17.8
228,11,4.0424999999999995
228,12,8.8
228,13,5.1414285714285715
228,14,2.544285714285714
228,15,19.13
228,16,16.9
228,17,5.307959183673469
228,18,12.1
228,19,20.96
228,21,5.6659375
228,22,4.0275
228,25,2.8211627906976746
228,26,2.251578947368421
228,28,17.235
228,29,8.717368421052631
228,31,18.6
228,32,21.46
228,33,3.571739130434783
228,34,7.13
228,35,8.165625
228,36,8.525
228,37,7.183333333333333
228,38,25.06
228,39,12.54090909090909
228,40,2.1395
228,41,13.342500000000001
228,42,14.311538461538463
228,43,12.13
228,45,5.263333333333333
228,48,8.91578947368421
228,49,4.1378571428571425
228,50,8.918333333333333
228,51,21.2
228,52,2.995
228,54,3.6714285714285713
228,55,8.082692307692309
228,56,12.265
228,57,15.63
228,61,5.49925
228,62,4.444999999999999
228,63,8.82
228,65,4.03
228,66,4.545
228,67,2.6326666666666667
228,68,8.53076923076923
228,69,17.1525
228,70,14.959999999999999
228,71,5.1379166666666665
228,72,6.548
228,74,13.794666666666666
228,75,12.5672
228,76,14.578666666666667
228,77,11.543636363636365
228,78,16.46666666666667
228,79,7.0227272727272725
228,80,7.778518518518519
228,81,21.4
228,82,12.157142857142857
228,83,10.99
228,84,17.485
228,85,4.4465
228,86,22.346666666666664
228,87,5.030952380952381
228,88,5.172
228,89,4.131578947368421
228,90,7.2715000000000005
228,91,7.114166666666667
228,92,14.957142857142857
228,94,21.665
228,95,14.806666666666667
228,96,9.47
228,97,3.3475
228,98,16.475
228,100,9.154
228,102,13.896666666666667
228,106,1.7259090909090908
228,107,8.911111111111111
228,108,6.65
228,111,1.02
228,112,8.072
228,113,7.778333333333333
228,114,6.331666666666667
228,116,15.959999999999999
228,117,16.25
228,119,17.796666666666667
228,120,14.11
228,121,16.18
228,122,18.71
228,123,7.303
228,124,17.475
228,125,6.110714285714286
228,126,13.317499999999999
228,127,17.665
228,129,9.494
228,130,15.346153846153847
228,131,18.204
228,132,21.99153846153846
228,133,3.040769230769231
228,134,14.82
228,135,16.156666666666666
228,136,21.08
228,137,9.10423076923077
228,138,14.018333333333333
228,140,11.015384615384615
228,141,10.755
228,142,10.83736842105263
228,143,9.714
228,144,6.1481818181818175
228,145,10.871333333333332
228,146,11.702
228,147,16.436666666666667
228,148,6.204545454545454
228,149,7.466111111111112
228,150,9.038461538461538
228,151,12.177
228,152,14.626666666666667
228,154,13.93
228,155,9.92153846153846
228,157,10.10625
228,158,6.247857142857143
228,159,14.4
228,160,11.943333333333333
228,161,9.468235294117648
228,162,9.805
228,163,9.873333333333333
228,164,8.488
228,165,5.1185
228,166,12.673333333333332
228,167,17.92
228,168,13.3025
228,169,18.674545454545456
228,170,9.533448275862069
228,171,8.87
228,172,7.79
228,173,15.563333333333333
228,177,6.569285714285714
228,178,3.526
228,179,13.26
228,180,17.705000000000002
228,181,2.303177570093458
228,182,11.5
228,185,21.42
228,186,8.165384615384616
228,188,4.256530612244898
228,189,3.302
228,190,3.0411111111111113
228,192,15.003333333333332
228,193,10.39
228,195,2.896
228,196,12.033333333333333
228,197,16.32625
228,198,10.042222222222222
228,200,19.24
228,201,19.766666666666666
228,202,10.799999999999999
228,203,25.06
228,205,22.15
228,208,21.51
228,209,5.7625
228,210,9.204444444444444
228,211,6.024166666666667
228,213,20.925
228,214,6.39
228,215,16.952
228,216,20.0125
228,217,7.173333333333333
228,218,20.0
228,219,19.845714285714287
228,220,20.81
228,221,5.355
228,222,15.1075
228,223,12.703636363636365
228,224,8.224545454545455
228,225,6.101875
228,226,10.056363636363637
228,227,1.4044927536231884
228,229,9.64
228,230,9.581666666666667
228,231,6.425
228,232,6.641666666666667
228,233,9.735454545454546
228,234,7.6157894736842096
228,235,17.42
228,236,12.121
228,237,10.68818181818182
228,238,11.548
228,239,10.432222222222222
228,240,5.2
228,241,18.125
228,242,19.8
228,243,16.162
228,244,16.169999999999998
228,246,8.01
228,247,13.8675
228,248,0.7
228,249,6.4911111111111115
228,250,21.38
228,255,7.591538461538462
228,256,6.732777777777778
228,257,2.499166666666667
228,258,18.0625
228,260,10.6475
228,261,4.525555555555556
228,262,11.213333333333333
228,263,12.32846153846154
229,1,18.597340425531915
229,3,12.057500000000001
229,4,3.000798898071625
229,7,3.4565889212827985
229,9,11.33
229,10,15.37
229,11,14.620000000000001
229,12,5.916818181818181
229,13,6.618559139784947
229,14,13.547428571428572
229,15,15.36
229,16,12.9275
229,17,7.3240625
229,18,10.862222222222222
229,19,10.603333333333333
229,20,10.98
229,21,12.966666666666667
229,22,15.874
229,23,20.0
229,24,4.078922155688622
229,25,7.292040816326531
229,26,13.13888888888889
229,28,11.428
229,29,17.473333333333333
229,31,10.443999999999999
229,32,11.1
229,33,6.9493442622950825
229,34,6.996428571428572
229,35,16.408571428571427
229,36,6.717272727272727
229,37,6.782666666666667
229,38,14.6
229,39,13.81857142857143
229,40,8.149285714285716
229,41,4.3164
229,42,5.417777777777777
229,43,1.76022351797862
229,45,4.9416078431372545
229,46,16.9
229,47,7.675000000000001
229,48,1.5945907297830375
229,49,7.648333333333333
229,50,1.8644079885877318
229,51,12.503333333333332
229,52,7.702121212121212
229,54,8.116153846153846
229,55,15.159
229,56,8.539090909090909
229,60,8.92
229,61,9.167
229,62,9.621666666666668
229,63,9.03
229,64,16.775
229,65,6.8078125
229,66,6.695102040816327
229,67,12.813333333333333
229,68,2.513131067961165
229,69,6.318125
229,70,7.6546666666666665
229,71,13.477500000000001
229,72,11.144117647058822
229,73,9.8
229,74,3.5981052631578945
229,75,2.70955615942029
229,76,8.9
229,77,17.4
229,78,8.955
229,79,2.4981094324213964
229,80,5.258192771084337
229,81,14.0
229,82,6.282222222222223
229,83,4.664
229,85,12.73
229,87,5.564841498559078
229,88,5.798737373737374
229,89,11.997407407407408
229,90,2.581460674157303
229,91,11.17
229,92,9.895333333333333
229,93,10.4575
229,94,9.835
229,95,8.257093023255814
229,96,9.03
229,97,7.689464285714286
229,98,12.13
229,100,1.7198727128082738
229,101,8.819999999999999
229,102,7.802
229,106,8.669230769230769
229,107,1.867517217630854
229,108,18.119999999999997
229,111,8.8
229,112,3.7970560747663553
229,113,2.7304522096608426
229,114,3.2110169491525427
229,116,6.760487804878048
229,117,19.849999999999998
229,118,20.07
229,119,7.607692307692308
229,120,2.66
229,121,10.7775
229,123,13.64
229,124,12.714999999999998
229,125,4.307857142857143
229,126,7.412727272727273
229,127,9.21609756097561
229,128,9.59
229,129,5.400632911392405
229,130,12.486
229,131,13.723333333333334
229,132,16.626727664155005
229,133,11.729999999999999
229,134,11.16529411764706
229,135,11.476666666666667
229,136,9.698333333333332
229,137,1.3424509488581537
229,138,9.438776276276277
229,139,19.38
229,140,0.9639134236991692
229,141,0.9412519628836545
229,142,1.8483445440956652
229,143,2.203820346320346
229,144,3.6593040293040295
229,145,2.444158415841584
229,146,2.3848427672955976
229,147,6.107272727272728
229,148,3.588230593607306
229,149,16.585
229,150,21.26
229,151,3.909176755447942
229,152,5.859999999999999
229,153,10.76
229,155,18.393333333333334
229,157,5.4746875
229,158,3.967145922746781
229,159,5.553125
229,160,6.662727272727272
229,161,0.8628079584775086
229,162,0.7171038937735511
229,163,0.935413412335039
229,164,1.5911170212765957
229,165,12.692499999999999
229,166,4.758035190615836
229,167,10.344000000000001
229,168,5.254146341463414
229,169,8.761666666666667
229,170,1.13239672801636
229,171,12.496666666666668
229,173,7.94
229,174,11.438333333333333
229,175,14.596
229,176,25.4
229,177,10.356
229,179,4.003636363636363
229,180,11.575
229,181,8.865213675213676
229,182,10.7
229,183,11.684999999999999
229,184,13.24
229,185,10.96923076923077
229,186,2.033345537757437
229,188,10.086785714285714
229,189,8.432
229,190,10.2425
229,191,18.6
229,192,10.59
229,193,2.615735294117647
229,194,5.947368421052632
229,195,9.087777777777779
229,196,7.190833333333334
229,197,10.360625
229,198,6.137241379310344
229,200,12.413181818181819
229,201,17.255000000000003
229,202,3.5614285714285714
229,204,29.71
229,208,10.833333333333334
229,209,5.332893617021277
229,210,17.32
229,211,3.7805903398926652
229,212,8.778888888888888
229,213,8.329166666666667
229,215,11.615
229,216,13.588125
229,217,6.187857142857142
229,218,16.7
229,219,15.573333333333332
229,220,10.546190476190477
229,221,16.745
229,222,12.685
229,223,4.828333333333333
229,224,2.1577258566978195
229,225,7.719545454545455
229,226,2.991191335740072
229,227,12.558571428571428
229,228,10.967619047619047
229,230,1.2024306625577812
229,231,5.84459595959596
229,232,4.008397790055248
229,233,0.7819164937759336
229,234,2.1652911813643927
229,235,7.69
229,236,1.875805112881806
229,237,1.0259910529938059
229,238,3.1992745709828396
229,239,2.7121598639455784
229,240,12.136666666666665
229,241,11.013333333333334
229,242,9.776
229,243,8.488313253012048
229,244,7.824972375690607
229,246,2.834963503649635
229,247,6.288823529411765
229,248,8.955
229,249,3.2798441796516955
229,250,9.2
229,252,12.75
229,254,13.782857142857143
229,255,5.245586206896552
229,256,5.945411764705883
229,257,10.877272727272727
229,258,10.19
229,259,13.78
229,260,4.054177215189874
229,261,6.147086092715232
229,262,1.69910443490701
229,263,1.7332239057239058
230,1,17.96550582750583
230,3,15.025714285714285
230,4,3.4904338394793926
230,5,28.33
230,6,18.8
230,7,4.53840425531915
230,8,6.245
230,9,13.687142857142858
230,10,16.921521739130434
230,11,15.336666666666666
230,12,5.386302083333334
230,13,4.857091948966124
230,14,13.308437499999998
230,15,17.2125
230,16,14.160769230769231
230,17,8.243417721518988
230,18,12.184999999999999
230,19,16.0
230,20,12.768947368421053
230,21,14.68
230,22,14.302727272727275
230,23,21.965
230,24,3.532716049382716
230,25,7.472324324324323
230,26,12.424666666666667
230,28,12.599375
230,29,18.74
230,30,19.79
230,31,13.426666666666666
230,32,12.984583333333333
230,33,7.01793893129771
230,34,7.252380952380953
230,35,12.973076923076924
230,36,7.851733333333334
230,37,7.793333333333334
230,38,20.81
230,39,17.933846153846154
230,40,8.044159292035399
230,41,4.191839270919636
230,42,5.654602649006622
230,43,1.693478607494021
230,45,4.4085597381342065
230,46,19.43
230,47,8.545
230,48,0.7894249022892238
230,49,8.220149253731343
230,50,0.9954966887417218
230,51,16.220294117647057
230,52,7.803333333333334
230,53,13.416999999999998
230,54,8.06304347826087
230,55,17.364814814814817
230,56,8.515
230,58,13.4
230,60,10.2825
230,61,9.452153846153847
230,62,9.643666666666666
230,63,11.314285714285715
230,64,16.55
230,65,6.623670886075949
230,66,6.803676012461059
230,67,12.94857142857143
230,68,1.3411656112482557
230,69,8.285217391304348
230,70,10.315652173913042
230,71,13.083333333333334
230,72,12.383333333333333
230,73,12.252857142857144
230,74,4.605378151260504
230,75,3.434174041297935
230,76,14.0404
230,77,13.670000000000002
230,78,10.841818181818182
230,79,2.987203838517538
230,80,6.537786259541985
230,81,14.534545454545453
230,82,7.303283582089552
230,83,6.411379310344828
230,84,28.45
230,85,10.053333333333335
230,86,20.263076923076923
230,87,5.470310249307479
230,88,5.772829537612147
230,89,12.06
230,90,1.5329113557358052
230,91,14.721111111111112
230,92,11.520344827586205
230,93,12.054117647058822
230,94,10.993571428571428
230,95,9.799931972789116
230,96,10.346666666666666
230,97,7.417857142857143
230,98,12.91875
230,100,0.7540038684719537
230,101,17.368000000000002
230,102,10.035454545454545
230,106,8.629705882352942
230,107,2.056887270424319
230,108,18.69
230,109,29.03
230,112,4.8425
230,113,2.3360453283996296
230,114,2.734618362831858
230,115,18.29
230,116,6.422881944444445
230,117,18.446666666666665
230,118,19.063333333333333
230,119,8.897096774193548
230,120,7.98888888888889
230,121,12.213125
230,122,15.15
230,123,13.541428571428572
230,124,15.929999999999998
230,125,3.065361111111111
230,126,9.163571428571428
230,127,9.366634615384616
230,128,9.669285714285715
230,129,6.804556213017752
230,130,13.4515
230,131,14.435909090909092
230,132,17.45211148951425
230,133,11.033103448275861
230,134,12.343
230,135,10.89
230,136,10.253076923076922
230,137,1.856089482858803
230,138,11.52529323654799
230,139,19.458571428571428
230,140,2.197569416498994
230,141,1.9387438825448613
230,142,1.157415337557352
230,143,1.4974357298474945
230,144,3.4407595505617974
230,145,3.5842009132420087
230,146,3.590363636363636
230,147,9.445714285714287
230,148,3.8689559819413093
230,149,15.22875
230,150,18.37
230,151,3.200057766367137
230,152,5.407918367346939
230,153,10.643
230,155,17.118636363636366
230,156,23.29
230,157,6.609347826086956
230,158,2.5107773205304067
230,159,7.447272727272727
230,160,7.857674418604651
230,161,0.759098450120061
230,162,0.946560606060606
230,163,0.7890946205571566
230,164,1.1393314037626627
230,165,12.796923076923077
230,166,4.289271653543307
230,167,11.397777777777778
230,168,6.659285714285715
230,169,9.69
230,170,1.1966357723577237
230,171,13.493076923076924
230,173,10.724545454545455
230,174,13.48
230,175,14.16
230,177,12.234814814814817
230,178,13.004
230,179,4.943824701195219
230,180,12.754000000000001
230,181,8.902886904761905
230,182,11.97
230,183,13.7
230,185,12.767142857142858
230,186,0.9672120281303047
230,187,21.7
230,188,10.346666666666668
230,189,8.24647619047619
230,190,9.257142857142858
230,191,16.573333333333334
230,192,6.87
230,193,3.7249206349206347
230,194,6.645789473684211
230,195,8.87625
230,196,8.551136363636363
230,197,12.208461538461538
230,198,7.745714285714286
230,200,12.119767441860464
230,201,24.7425
230,202,4.690103092783505
230,203,21.53333333333333
230,205,15.381818181818181
230,206,18.68
230,207,10.61
230,208,15.815333333333335
230,209,5.197605633802817
230,210,19.74857142857143
230,211,3.204920144255538
230,212,11.607142857142858
230,213,11.351875
230,214,17.4
230,215,14.65
230,216,14.603666666666667
230,217,6.777777777777778
230,218,17.77777777777778
230,219,15.93642857142857
230,220,10.740704225352113
230,221,19.93
230,222,13.109090909090908
230,223,6.197259259259259
230,224,2.6543463497453312
230,225,8.955348837209302
230,226,4.266666666666667
230,227,11.89782608695652
230,228,10.292769230769231
230,229,1.2190913015324845
230,231,3.9085300529430085
230,232,4.425069252077562
230,233,1.2220582066072365
230,234,1.695264516129032
230,235,9.053225806451612
230,236,2.4489725190839695
230,237,1.521785176051514
230,238,2.6001645123384254
230,239,1.9325795249340185
230,240,13.275
230,241,11.4465
230,242,12.47111111111111
230,243,8.425961820851688
230,244,7.4069419354838715
230,245,18.3
230,246,1.4782218637548084
230,247,8.116363636363637
230,248,11.352
230,249,2.2589569488587116
230,250,12.220303030303029
230,251,22.655
230,252,14.030625
230,253,12.21
230,254,14.225000000000001
230,255,6.328725212464589
230,256,6.454911660777385
230,257,10.960731707317073
230,258,10.934375
230,259,13.785384615384617
230,260,5.5600000000000005
230,261,5.236137479541735
230,262,2.9676228733459356
230,263,2.762048398091343
231,1,13.888039867109635
231,3,14.957142857142857
231,4,2.73
231,7,9.603666666666667
231,9,14.37
231,10,17.42375
231,11,9.660769230769231
231,12,1.3936305732484078
231,13,0.9120529270248596
231,14,8.472358490566037
231,15,17.63
231,17,4.60659793814433
231,18,15.80625
231,20,15.165454545454544
231,21,12.34375
231,22,10.98857142857143
231,23,19.37
231,24,6.973064516129032
231,25,2.8835135135135137
231,26,7.635599999999999
231,28,13.219999999999999
231,29,13.924999999999999
231,31,16.565
231,32,16.677142857142858
231,33,2.2744426751592357
231,34,3.0329032258064514
231,35,7.162777777777778
231,36,6.219607843137255
231,37,5.4328260869565215
231,38,13.65
231,39,12.466666666666667
231,40,3.5814893617021277
231,41,8.52088785046729
231,42,10.30888888888889
231,43,5.7471014492753625
231,45,0.9300967741935484
231,47,12.10375
231,48,3.8108736059479553
231,49,3.7372596153846156
231,50,3.7666439290586626
231,51,17.5904
231,52,3.1038509316770186
231,53,14.493333333333332
231,54,3.436382978723404
231,55,13.052
231,56,11.69
231,58,17.2
231,59,13.833333333333334
231,60,13.041999999999998
231,61,5.258455882352941
231,62,6.067049180327868
231,63,10.728571428571428
231,64,17.5
231,65,2.317099567099567
231,66,2.1858974358974357
231,67,8.42090909090909
231,68,2.517213426219126
231,69,11.078888888888889
231,70,10.969999999999999
231,71,8.046530612244897
231,72,7.665000000000001
231,73,13.238
231,74,9.274090909090908
231,75,8.057285067873304
231,76,10.49470588235294
231,77,8.856
231,78,13.268571428571429
231,79,2.009634514976642
231,80,5.011166666666667
231,81,18.103333333333335
231,82,9.406818181818181
231,83,8.24375
231,85,7.3788
231,86,19.335652173913044
231,87,1.1020262793914246
231,88,1.349334456613311
231,89,7.248118811881189
231,90,2.093066310636404
231,91,8.40576923076923
231,92,13.362083333333333
231,93,13.313999999999998
231,94,11.7125
231,95,11.860645161290323
231,96,12.625
231,97,3.101219512195122
231,100,3.057086156824782
231,102,9.494
231,106,4.196666666666667
231,107,2.6366123188405797
231,108,6.985
231,112,5.726292134831461
231,113,1.5661154273029967
231,114,1.2367451737451738
231,116,9.74741379310345
231,117,17.852
231,118,13.5
231,119,11.635625
231,120,10.18
231,121,12.44
231,122,15.610000000000001
231,123,11.041818181818181
231,124,15.25
231,125,0.804773519163763
231,126,11.915714285714285
231,127,12.892826086956523
231,128,11.9
231,129,9.476222222222223
231,130,14.39722222222222
231,131,15.652000000000001
231,132,20.95408620689655
231,133,6.6225000000000005
231,134,12.89375
231,135,13.28375
231,136,14.022916666666667
231,137,3.801331828442438
231,138,12.733934911242603
231,139,18.8
231,140,6.497131367292225
231,141,6.387661943319839
231,142,4.826687898089172
231,143,4.654487179487179
231,144,0.9770233091325945
231,145,6.815754716981132
231,146,7.883333333333333
231,147,11.618333333333334
231,148,1.4470014450867053
231,149,10.62142857142857
231,150,14.095
231,151,6.687571428571429
231,152,8.79983606557377
231,153,13.773333333333333
231,154,13.88
231,155,9.275
231,156,17.1675
231,157,7.604545454545454
231,158,1.4722022471910112
231,159,11.068333333333333
231,160,9.136666666666665
231,161,4.2430401691331925
231,162,5.1807495926127105
231,163,4.529428759028233
231,164,2.9455177743431222
231,165,8.489333333333333
231,166,7.52459807073955
231,167,11.479444444444445
231,168,10.680681818181817
231,169,12.814705882352941
231,170,3.884767649687221
231,173,13.219999999999999
231,174,15.604666666666667
231,175,20.18
231,177,6.6940740740740745
231,178,8.845555555555556
231,179,10.474333333333334
231,180,14.33
231,181,4.5521021021021015
231,182,14.43074074074074
231,183,17.1125
231,185,16.4625
231,186,2.6310973663208297
231,188,6.0735514018691585
231,189,3.9484615384615385
231,190,5.130625
231,191,17.392
231,192,13.973749999999999
231,193,8.051
231,194,10.5
231,195,4.355757575757576
231,196,9.4575
231,197,12.79409090909091
231,198,8.106774193548388
231,200,14.653846153846153
231,201,22.947499999999998
231,202,8.427333333333333
231,203,14.160000000000002
231,205,16.29047619047619
231,206,16.01
231,208,15.1725
231,209,0.9678871548619448
231,210,13.90875
231,211,0.8247586484312147
231,212,13.136666666666665
231,213,13.29611111111111
231,214,11.8
231,215,13.95
231,216,14.50125
231,217,3.5696363636363637
231,218,18.3
231,219,19.066666666666666
231,220,14.546153846153846
231,221,13.686666666666667
231,222,12.77875
231,223,10.441666666666666
231,224,3.3321428571428573
231,225,5.652465753424657
231,226,8.078260869565218
231,227,6.8554545454545455
231,228,6.131269841269841
231,229,5.5254554655870445
231,230,3.828491761723701
231,232,1.85418648905804
231,233,4.826529175050301
231,234,2.260348738304508
231,235,12.924285714285714
231,236,7.208912310286678
231,237,5.970074525745257
231,238,6.228067700987306
231,239,5.530462962962963
231,240,15.5
231,241,14.709166666666667
231,242,15.445
231,243,11.922241379310345
231,244,10.375530303030303
231,245,14.52
231,246,2.6886152882205514
231,247,11.5125
231,248,13.966666666666667
231,249,1.3580365714285714
231,250,16.0875
231,251,14.2
231,252,15.78
231,254,15.80896551724138
231,255,4.3751984126984125
231,256,3.522419928825623
231,257,6.139830508474576
231,258,10.03
231,259,16.906363636363636
231,260,8.716000000000001
231,261,0.9719164619164619
231,262,7.474500000000001
231,263,7.4665395894428155
232,1,13.347999999999999
232,3,13.45
232,4,0.9804564315352696
232,6,12.8
232,7,8.061333333333334
232,9,12.39
232,10,12.6
232,12,2.068
232,13,3.157364864864865
232,14,9.372777777777777
232,16,15.565000000000001
232,17,3.8242372881355933
232,18,14.487499999999999
232,19,15.8
232,20,13.86
232,21,12.184000000000001
232,22,11.0
232,23,15.5
232,24,7.7387500000000005
232,25,4.825
232,26,7.94
232,28,13.346
232,29,12.083333333333334
232,32,12.706
232,33,3.322926829268293
232,34,2.8414285714285716
232,35,6.369047619047619
232,36,4.843636363636364
232,37,3.918717948717948
232,38,16.75
232,39,13.225000000000001
232,40,4.595714285714286
232,41,8.253
232,42,8.917321428571428
232,43,5.585151515151515
232,45,1.1282456140350878
232,46,16.1
232,47,10.973333333333334
232,48,4.684608695652174
232,49,3.890862068965517
232,50,5.246530612244897
232,51,17.5
232,52,3.6846153846153844
232,53,14.7
232,54,4.12
232,55,13.360833333333334
232,56,8.264
232,60,11.15
232,61,4.884057971014493
232,62,5.557777777777778
232,63,8.772857142857143
232,64,15.1
232,65,3.072222222222222
232,66,3.0705882352941174
232,67,8.775
232,68,3.4738327526132404
232,69,10.1625
232,70,10.083333333333334
232,71,8.585333333333333
232,72,6.920000000000001
232,73,11.7
232,74,7.544751381215469
232,75,6.689305019305019
232,76,9.54
232,77,9.286
232,78,11.55625
232,79,1.1531294964028778
232,80,3.2824731182795697
232,81,16.566666666666666
232,82,7.71375
232,83,6.4037500000000005
232,85,7.260000000000001
232,86,22.339999999999996
232,87,1.9953462603878118
232,88,2.3683040935672515
232,89,7.449130434782609
232,90,2.692745901639344
232,91,9.91
232,92,11.371333333333332
232,93,10.370000000000001
232,94,11.646666666666667
232,95,9.328181818181818
232,97,3.681777777777778
232,100,3.8809554140127385
232,102,9.058333333333334
232,106,4.2
232,107,1.9601293103448276
232,108,13.616666666666667
232,111,8.38
232,112,3.6948235294117646
232,113,1.900582191780822
232,114,1.468957055214724
232,116,9.95109375
232,117,20.75
232,118,32.34
232,119,10.464
232,120,10.5
232,121,11.496666666666664
232,122,16.513333333333332
232,123,8.355
232,125,1.7261904761904763
232,126,10.811428571428573
232,127,12.287368421052632
232,128,13.056666666666667
232,129,7.706363636363636
232,130,14.120000000000001
232,131,13.4
232,132,17.011121495327103
232,133,8.086
232,134,11.898
232,135,10.6225
232,136,12.907499999999999
232,137,2.426798866855524
232,138,10.446825396825396
232,140,4.493671328671329
232,141,4.703091787439614
232,142,5.674918032786885
232,143,6.087384615384615
232,144,0.9734782608695652
232,145,5.162258064516129
232,146,6.414545454545455
232,147,9.23
232,148,0.7226354679802955
232,149,9.7325
232,150,16.43
232,151,7.459433962264152
232,152,9.446111111111112
232,153,12.31
232,155,11.216923076923077
232,157,6.087647058823529
232,158,2.682272727272727
232,159,8.988235294117647
232,160,6.242727272727273
232,161,4.021523178807947
232,162,3.715760517799353
232,163,4.685066666666667
232,164,3.2378490566037734
232,165,9.205714285714285
232,166,8.686833333333334
232,167,10.847857142857142
232,168,9.028571428571428
232,169,11.933333333333332
232,170,3.0607643312101906
232,171,13.48
232,173,10.05
232,174,14.875714285714285
232,177,6.260000000000001
232,178,9.19
232,179,8.587142857142856
232,181,5.097450980392157
232,182,11.788888888888888
232,183,14.02
232,185,20.64
232,186,3.323963963963964
232,188,6.332
232,189,4.3741666666666665
232,190,4.7725
232,192,11.57
232,193,6.330000000000001
232,194,13.0
232,195,5.1259999999999994
232,196,8.273076923076925
232,197,11.120999999999999
232,198,6.348518518518518
232,200,15.145
232,201,17.3
232,202,7.849999999999999
232,203,17.9
232,205,16.5
232,208,13.253333333333332
232,209,1.7516363636363634
232,210,13.585714285714285
232,211,1.383938053097345
232,212,10.66
232,213,11.213750000000001
232,215,14.65
232,216,11.832857142857142
232,217,2.4694736842105263
232,218,17.0
232,219,19.009999999999998
232,220,13.833000000000002
232,222,16.36
232,223,8.876521739130435
232,224,1.630088495575221
232,225,4.323125
232,226,6.138333333333333
232,227,8.82625
232,228,7.643809523809525
232,229,3.751818181818182
232,230,4.436211453744494
232,231,1.8067082294264338
232,233,3.191333333333333
232,234,2.444014778325123
232,235,11.415555555555555
232,236,6.015056818181819
232,237,4.960056497175141
232,238,7.37625
232,239,6.688731343283582
232,241,13.463333333333333
232,242,13.743076923076924
232,243,11.364693877551021
232,244,11.42625
232,246,4.158909090909091
232,247,10.428
232,248,12.54
232,249,2.0531641791044772
232,250,10.715000000000002
232,252,12.2
232,254,16.06833333333333
232,255,2.861891891891892
232,256,2.1725384615384615
232,257,7.93
232,258,10.8825
232,259,14.3
232,260,6.640555555555555
232,261,2.458612716763006
232,262,5.717979797979798
232,263,5.775625000000001
233,1,18.505044247787612
233,4,2.353827160493827
233,6,15.4
233,7,4.149430894308943
233,8,4.81
233,10,13.23
233,11,14.0375
233,12,5.448787878787879
233,13,5.966889352818371
233,14,13.015806451612903
233,15,12.15
233,16,14.733333333333334
233,17,6.742666666666667
233,18,9.950000000000001
233,19,16.23
233,20,11.288333333333334
233,21,13.6675
233,22,13.409285714285714
233,24,4.761384615384616
233,25,6.659605263157895
233,26,11.700909090909091
233,27,18.733333333333334
233,28,10.205625
233,29,17.68
233,31,11.686666666666667
233,32,11.19
233,33,6.0744
233,34,6.508
233,35,10.883
233,36,6.846470588235294
233,37,6.6559375
233,38,18.6
233,39,12.899999999999999
233,40,7.163492063492064
233,41,5.134093567251462
233,42,6.0917341040462425
233,43,2.2032815533980585
233,45,4.09125
233,46,15.03
233,47,8.732
233,48,1.551864847303444
233,49,7.5460377358490565
233,50,2.017378640776699
233,51,13.385652173913044
233,52,6.664871794871795
233,53,11.82
233,54,7.293636363636364
233,55,16.26375
233,56,8.654285714285715
233,57,8.21
233,58,12.049999999999999
233,60,8.5
233,61,8.823611111111111
233,62,8.595714285714285
233,63,11.041666666666666
233,64,19.38
233,65,6.071392405063291
233,66,5.976335877862596
233,67,11.816666666666668
233,68,1.9338329383886255
233,69,7.0962499999999995
233,70,9.141739130434782
233,71,11.236666666666666
233,72,11.624444444444444
233,73,11.469999999999999
233,74,4.34152
233,75,3.3431666666666664
233,76,12.895333333333333
233,77,13.57
233,78,9.904
233,79,1.9451104861390116
233,80,5.6
233,81,11.885
233,82,6.480526315789473
233,83,5.003076923076923
233,85,10.706
233,86,22.2
233,87,4.781253918495298
233,88,5.065699373695198
233,89,11.415172413793105
233,90,1.9790655209452201
233,91,12.342105263157896
233,92,10.129259259259259
233,93,10.316666666666666
233,94,9.543333333333333
233,95,8.56109375
233,96,13.39
233,97,6.794310344827586
233,98,10.466666666666667
233,100,1.2019923954372622
233,101,15.4
233,102,9.123333333333333
233,106,8.557333333333334
233,107,1.2817063331988705
233,108,15.675
233,109,28.11
233,112,3.7696842105263157
233,113,2.122596053997923
233,114,2.539978563772776
233,116,7.37375
233,117,21.5
233,118,20.46
233,119,8.653333333333334
233,120,8.02
233,121,10.70875
233,122,14.184000000000001
233,123,14.418571428571427
233,124,12.883333333333333
233,125,3.7115463917525773
233,126,7.74
233,127,9.62657894736842
233,128,10.165
233,129,6.251290322580645
233,130,12.033
233,131,12.585
233,132,16.339801242236025
233,133,11.036666666666667
233,134,10.053793103448276
233,135,9.9625
233,136,9.665
233,137,0.890973751058425
233,138,9.990388821385176
233,139,15.799999999999999
233,140,1.5643249826026444
233,141,1.4147020884520887
233,142,2.3442166666666666
233,143,2.7016846652267823
233,144,2.932742424242424
233,145,2.659269406392694
233,146,3.155263157894737
233,147,7.3172727272727265
233,148,2.9387336244541484
233,149,14.27076923076923
233,150,17.355
233,151,4.407692307692308
233,152,6.807619047619048
233,153,10.2
233,155,15.548333333333332
233,157,5.43
233,158,3.0794303797468356
233,159,6.626
233,160,7.37304347826087
233,161,0.9308349249658936
233,162,0.7763182984965163
233,163,1.4484219178082192
233,164,1.1037626373626372
233,165,12.266923076923076
233,166,5.768388429752067
233,167,9.945
233,168,5.741666666666667
233,169,9.395000000000001
233,170,0.7074195906432749
233,171,12.8
233,173,9.048
233,174,10.51
233,175,13.4
233,177,8.360000000000001
233,178,11.74
233,179,4.2753061224489795
233,180,10.18888888888889
233,181,8.489803921568628
233,182,10.676666666666668
233,183,11.963333333333333
233,184,12.35
233,185,11.3675
233,186,1.4849177115987462
233,188,10.011904761904763
233,189,7.884444444444445
233,190,9.345
233,191,12.588571428571429
233,192,9.15
233,193,3.2965686274509802
233,194,6.22
233,195,8.668571428571429
233,196,7.525499999999999
233,197,10.988888888888889
233,198,6.387777777777778
233,200,13.357222222222223
233,201,20.933333333333334
233,202,4.465151515151515
233,203,17.4
233,205,14.873333333333333
233,206,21.78
233,208,11.838
233,209,4.5093359375
233,210,16.65909090909091
233,211,3.0012252252252254
233,212,9.522857142857143
233,213,9.312727272727273
233,215,13.32125
233,216,12.237647058823528
233,217,5.507419354838709
233,218,14.066666666666668
233,219,16.435
233,220,11.53076923076923
233,221,16.02
233,222,13.7
233,223,5.994426229508197
233,224,1.542623828647925
233,225,7.670967741935484
233,226,3.6504672897196264
233,227,10.822
233,228,9.838717948717948
233,229,0.8038969957081544
233,230,1.1602348623853211
233,231,5.006388888888889
233,232,3.198940677966102
233,234,1.5751612903225807
233,235,9.172142857142857
233,236,2.360631970260223
233,237,1.4651377633711506
233,238,3.818438095238095
233,239,3.181486643437863
233,240,10.92
233,241,9.88875
233,242,11.59
233,243,9.31090909090909
233,244,8.459006622516556
233,245,18.33
233,246,2.195230078563412
233,247,6.926363636363636
233,248,10.783333333333333
233,249,2.669340245051838
233,250,8.620000000000001
233,252,13.573333333333332
233,254,11.952222222222224
233,255,5.246666666666667
233,256,5.400733944954128
233,257,10.308
233,258,9.6
233,259,11.925714285714283
233,260,5.2702857142857145
233,261,5.4222379603399435
233,262,2.3993343653250774
233,263,2.328651933701657
234,1,15.933603238866397
234,3,15.29
234,4,1.7512547819433817
234,6,14.6
234,7,5.6303921568627455
234,9,12.21
234,10,15.352857142857143
234,11,13.530000000000001
234,12,3.8610204081632653
234,13,3.3537854363535295
234,14,11.332028985507247
234,15,13.7
234,16,14.129999999999999
234,17,5.967184466019417
234,18,12.802000000000001
234,19,15.74
234,20,13.132857142857144
234,21,15.191176470588236
234,22,12.11875
234,23,23.125
234,24,5.517588932806325
234,25,4.9839552238805975
234,26,10.25125
234,27,24.22
234,28,12.414
234,29,16.317
234,31,13.93
234,32,14.15857142857143
234,33,4.760757855822551
234,34,4.662
234,35,9.416666666666666
234,36,7.2996491228070175
234,37,6.237304347826087
234,38,21.25
234,39,15.614444444444445
234,40,6.106531791907515
234,41,6.003539094650205
234,42,7.360302267002519
234,43,2.80377094972067
234,44,28.945
234,45,2.435587703435805
234,47,8.1
234,48,1.9135057218309857
234,49,5.756042780748664
234,50,2.3388954108858058
234,51,15.217272727272729
234,52,5.184228187919463
234,53,12.176666666666668
234,54,6.248888888888889
234,55,15.893333333333333
234,56,8.741333333333333
234,57,10.55
234,58,12.97
234,59,11.72
234,60,9.8225
234,61,6.96664
234,62,6.434117647058823
234,63,9.748000000000001
234,64,15.605
234,65,4.198894736842105
234,66,4.364587155963303
234,67,12.07125
234,68,1.0976355421686745
234,69,8.772777777777778
234,70,9.357777777777777
234,71,11.340714285714286
234,72,9.715833333333334
234,73,12.6
234,74,5.7399466666666665
234,75,4.506176470588235
234,76,11.42
234,77,11.45
234,78,12.023684210526316
234,79,1.2764797119512532
234,80,5.393402777777777
234,81,16.625
234,82,8.3056
234,83,7.14375
234,84,27.8
234,85,9.129545454545454
234,87,3.4465204957102005
234,88,4.159771167048055
234,89,10.194782608695652
234,90,0.749532293986637
234,91,12.56875
234,92,11.130555555555555
234,93,4.725
234,94,11.527777777777779
234,95,9.22629213483146
234,96,12.5
234,97,4.689268292682927
234,100,1.1080782094160022
234,101,17.843333333333334
234,102,8.482
234,106,6.387567567567568
234,107,0.7408216892596454
234,108,15.299999999999999
234,111,9.51
234,112,4.6685
234,113,0.8083808070532383
234,114,1.1575355546525803
234,116,8.241821862348178
234,117,20.53333333333333
234,118,18.174999999999997
234,119,9.248333333333333
234,120,9.209999999999999
234,121,12.482
234,122,14.14
234,123,11.437999999999999
234,124,14.756666666666668
234,125,1.7079536290322581
234,126,9.94
234,127,10.9665625
234,128,11.0875
234,129,7.471637931034483
234,130,11.761818181818182
234,131,13.705714285714285
234,132,16.963584699453552
234,133,9.350434782608696
234,134,11.33
234,135,10.833333333333334
234,136,11.200000000000001
234,137,0.9746394094264622
234,138,10.25542435424354
234,139,15.524000000000001
234,140,3.1547918834547346
234,141,2.85428618968386
234,142,2.8766853342667136
234,143,3.224527063969382
234,144,1.6091097467382962
234,145,3.6848203592814373
234,146,4.212575757575757
234,147,9.13
234,148,1.917651317694758
234,149,8.713333333333333
234,150,17.845
234,151,5.132789223454833
234,152,7.0714598540145985
234,153,13.2475
234,155,13.573333333333332
234,156,6.0
234,157,6.695555555555556
234,158,1.3419521316379954
234,159,7.71611111111111
234,160,7.967499999999999
234,161,1.4355237986791165
234,162,1.600472239948947
234,163,1.9993076923076925
234,164,0.8496926473085413
234,165,11.502666666666666
234,166,6.154861111111111
234,167,9.15
234,168,7.153888888888889
234,169,10.956999999999999
234,170,1.011193342776204
234,171,12.760833333333332
234,172,16.97
234,173,10.358461538461539
234,174,14.364444444444445
234,175,12.95
234,177,8.017
234,178,10.122222222222222
234,179,5.944375
234,180,11.5
234,181,6.450484848484848
234,182,11.81388888888889
234,183,13.39
234,185,13.095769230769232
234,186,0.8428606483275217
234,188,7.75688524590164
234,189,5.529465648854962
234,190,7.017142857142858
234,191,14.235555555555557
234,192,10.623333333333333
234,193,4.571739130434783
234,194,7.4725
234,195,7.072750000000001
234,196,7.774166666666666
234,197,11.729999999999999
234,198,7.406909090909091
234,200,13.1275
234,201,17.6
234,202,5.503023255813954
234,203,20.7
234,205,14.2
234,208,13.108333333333334
234,209,3.2081200631911533
234,210,17.14625
234,211,1.5319568115169289
234,212,11.638095238095238
234,213,11.110666666666667
234,214,16.35
234,215,15.753333333333332
234,216,13.530000000000001
234,217,4.2907692307692304
234,218,16.905
234,219,15.723333333333333
234,220,12.101612903225806
234,222,14.425
234,223,7.304684684684685
234,224,1.0706773977196513
234,225,6.4362790697674415
234,226,5.017799999999999
234,227,10.132631578947368
234,228,8.591886792452831
234,229,2.1460298255486774
234,230,1.570501002004008
234,231,2.233591576506955
234,232,2.5926779935275084
234,233,1.5144372421921037
234,235,11.195
234,236,3.3681733668341707
234,237,2.419028409090909
234,238,4.523381777529346
234,239,3.84068569163694
234,241,12.531538461538462
234,242,13.069999999999999
234,243,10.265633187772925
234,244,9.000946969696969
234,246,1.4477196351416226
234,247,8.859411764705882
234,248,10.509411764705883
234,249,1.1176777190039995
234,250,12.18
234,251,18.9
234,252,14.075000000000001
234,254,14.66
234,255,4.919938837920489
234,256,4.256131805157594
234,257,8.862777777777778
234,258,10.452857142857143
234,259,15.26
234,260,6.275294117647058
234,261,3.2538287153652394
234,262,3.970094722598106
234,263,3.8024863523573202
235,3,6.191428571428571
235,4,12.305
235,7,9.544
235,9,14.3
235,10,17.233333333333334
235,13,14.223333333333334
235,14,32.666666666666664
235,16,10.905
235,17,14.523333333333333
235,18,1.8932
235,20,2.066153846153846
235,22,21.28
235,24,5.773999999999999
235,25,9.0
235,26,17.1
235,28,15.784
235,31,2.92
235,32,4.384444444444444
235,33,11.675
235,35,18.009999999999998
235,36,14.325999999999999
235,37,17.474
235,39,19.5
235,41,4.5169565217391305
235,42,3.7872115384615386
235,43,6.933333333333334
235,45,12.736666666666666
235,47,1.9310526315789474
235,48,9.387142857142857
235,49,14.3
235,50,8.855
235,51,8.080769230769231
235,52,16.97
235,53,9.54888888888889
235,55,20.14
235,59,2.525
235,60,2.67375
235,61,17.38909090909091
235,62,16.1
235,63,17.545
235,65,4.6
235,68,10.125555555555556
235,69,2.299736842105263
235,70,10.299999999999999
235,71,18.266666666666666
235,72,18.14
235,74,4.715
235,75,5.874242424242424
235,76,17.57
235,77,16.6
235,78,2.445909090909091
235,79,11.23
235,80,12.636666666666665
235,81,7.006666666666667
235,82,10.606
235,85,17.742857142857144
235,86,23.56
235,87,12.780666666666667
235,88,11.9
235,89,15.940000000000001
235,90,10.338461538461539
235,91,21.679999999999996
235,92,9.274117647058823
235,94,1.5757142857142856
235,95,13.744
235,97,13.615714285714287
235,100,9.508461538461539
235,102,14.7
235,106,15.6
235,107,10.034375
235,112,13.33
235,113,8.506666666666666
235,114,14.4
235,116,3.2083333333333335
235,117,25.244444444444444
235,119,1.2774074074074075
235,120,1.55
235,121,14.1
235,123,14.3
235,124,19.15
235,125,11.8
235,126,5.1
235,127,1.5315789473684212
235,128,2.1855555555555557
235,129,8.216666666666667
235,130,16.956153846153846
235,131,15.481666666666667
235,132,20.64
235,134,13.833333333333334
235,135,14.899999999999999
235,136,1.4079166666666667
235,137,9.9985
235,138,9.84
235,139,20.9
235,140,7.874444444444445
235,141,7.78875
235,142,13.290000000000001
235,143,13.47
235,145,8.5
235,146,12.75
235,147,4.511
235,148,10.8
235,150,21.56
235,151,6.145625
235,152,4.122083333333333
235,153,2.513333333333333
235,155,26.2
235,157,10.100000000000001
235,158,11.02
235,159,3.753103448275862
235,160,19.1
235,161,9.482916666666666
235,162,8.842083333333333
235,163,9.055
235,164,9.71
235,165,24.2
235,166,5.416551724137931
235,167,2.9892307692307694
235,168,4.195348837209303
235,169,1.225625
235,170,9.736923076923077
235,171,9.0
235,173,12.511666666666665
235,174,4.124102564102564
235,177,19.35
235,179,6.8
235,181,15.504999999999999
235,182,4.144
235,184,6.16
235,185,4.599333333333333
235,186,10.282000000000002
235,188,17.84
235,190,15.8
235,191,15.7
235,192,10.6
235,193,8.5825
235,194,6.160000000000001
235,196,14.533333333333333
235,197,15.633333333333333
235,198,14.875
235,200,5.4475
235,201,24.0
235,202,9.555
235,203,20.22
235,205,15.461538461538462
235,208,6.46
235,209,9.87
235,211,12.67
235,212,4.506
235,213,5.037931034482758
235,215,15.39
235,216,16.63
235,218,20.77
235,219,22.8
235,220,2.481818181818182
235,222,20.9975
235,223,8.2625
235,224,11.4
235,225,16.628999999999998
235,226,10.1
235,227,19.48
235,228,13.25
235,229,8.524999999999999
235,230,9.198
235,231,12.5795
235,232,11.551428571428572
235,233,9.334166666666667
235,234,10.895000000000001
235,236,6.874545454545455
235,237,8.175555555555555
235,238,6.858666666666666
235,239,7.2562500000000005
235,240,4.465999999999999
235,241,2.4082142857142856
235,242,4.445
235,243,2.257068965517241
235,244,2.4685416666666664
235,246,9.3825
235,247,2.3636363636363638
235,248,4.1575
235,249,11.283636363636363
235,250,5.37
235,254,5.404736842105263
235,255,13.51
235,256,13.4
235,259,6.332727272727272
235,260,11.035
235,261,12.504999999999999
235,262,6.653333333333333
235,263,11.608
236,1,20.558427672955975
236,3,11.32
236,4,5.060156862745098
236,7,4.803259668508288
236,8,5.96
236,9,14.52
236,10,16.978
236,11,16.405714285714286
236,12,8.295454545454545
236,13,8.413263888888888
236,14,15.396451612903226
236,15,13.030000000000001
236,16,2.5
236,17,9.668085106382978
236,18,8.4155
236,20,9.31111111111111
236,21,13.1
236,22,15.79875
236,23,22.62
236,24,2.164101123595506
236,25,9.285684210526316
236,26,14.053636363636365
236,28,13.13875
236,29,16.074
236,31,8.871875
236,32,9.331
236,33,8.850343137254901
236,34,9.03875
236,35,13.046000000000001
236,36,9.816875
236,37,9.374074074074073
236,38,20.655
236,39,14.612
236,40,10.180816326530612
236,41,2.091081643265731
236,42,2.9899023861171368
236,43,1.1306295681063123
236,45,7.161481481481482
236,46,14.49
236,47,5.878
236,48,2.835781041388518
236,49,10.070983606557379
236,50,3.0355210420841683
236,51,12.160666666666666
236,52,9.441020408163265
236,53,11.49
236,54,10.26142857142857
236,55,18.58533333333333
236,56,9.815
236,58,10.04
236,59,6.55
236,60,7.548
236,61,11.320555555555556
236,62,11.24
236,63,12.5272
236,64,17.8
236,65,8.755454545454546
236,66,8.511011235955056
236,67,15.54125
236,68,3.8157734986945173
236,69,4.7299999999999995
236,70,8.0205
236,71,12.933846153846154
236,72,13.2375
236,73,12.6
236,74,1.89898798228969
236,75,0.9152679970744959
236,76,15.86125
236,77,14.96625
236,78,7.8825
236,79,4.899017857142857
236,80,7.857674418604651
236,81,12.286
236,82,7.561764705882353
236,83,6.76
236,84,26.99
236,85,13.006
236,86,20.32
236,87,7.554025735294118
236,88,7.6797200000000005
236,89,13.812999999999999
236,90,3.936652173913043
236,91,16.405384615384616
236,92,11.268888888888888
236,93,10.91
236,94,8.226
236,95,11.452
236,97,9.511267605633803
236,98,12.6
236,100,3.0205270863836016
236,101,20.19
236,102,10.333333333333334
236,106,11.091818181818182
236,107,3.6534934725848562
236,108,17.0
236,111,12.27
236,112,5.520774193548387
236,113,4.173575794621027
236,114,5.120123966942148
236,116,4.28526582278481
236,117,21.5
236,119,5.175625
236,120,5.915
236,121,12.445
236,122,10.299999999999999
236,123,16.331666666666667
236,124,15.945
236,125,6.355777777777778
236,126,3.9050000000000002
236,127,7.730884955752213
236,128,7.77
236,129,6.492970297029703
236,130,14.216666666666667
236,131,12.44
236,132,18.75956692913386
236,133,13.43625
236,134,11.792307692307693
236,135,11.17875
236,136,8.284375
236,137,3.593606710158434
236,138,8.734139991463936
236,139,19.48
236,140,1.3460749544713888
236,141,1.0972674223623315
236,142,1.9263697194453402
236,143,2.265263028515241
236,144,5.787242857142857
236,145,3.7403468208092487
236,146,3.7474000000000003
236,147,4.4625
236,148,5.998989898989899
236,149,15.824000000000002
236,150,20.786
236,151,1.825825661680092
236,152,3.4875714285714285
236,153,12.0
236,155,15.546666666666665
236,157,7.2071875
236,158,5.436047619047619
236,159,4.113333333333333
236,160,8.416153846153845
236,161,1.8865638902619872
236,162,1.762824767300688
236,163,1.731392714349178
236,164,2.8046724436741766
236,165,14.216
236,166,2.6195460072963113
236,167,5.297777777777778
236,168,3.445047619047619
236,169,6.722222222222222
236,170,2.6379378733572283
236,171,12.153636363636364
236,173,8.705
236,174,11.119285714285713
236,175,16.23
236,177,11.89
236,178,15.4175
236,179,5.40961038961039
236,180,14.407499999999999
236,181,10.921197183098592
236,182,8.516666666666667
236,183,10.472857142857142
236,184,11.723333333333334
236,185,9.642631578947368
236,186,3.3190119884249687
236,188,11.912580645161292
236,189,10.7896
236,190,11.071111111111112
236,191,23.176666666666666
236,192,13.63
236,193,3.9254166666666666
236,194,3.9092307692307693
236,195,10.995
236,196,8.626999999999999
236,197,14.425882352941176
236,198,8.068888888888889
236,200,10.021818181818182
236,201,27.6
236,202,4.898137254901961
236,203,18.14
236,204,32.64
236,205,13.11111111111111
236,206,22.049999999999997
236,207,8.3
236,208,10.133
236,209,7.259940476190477
236,210,18.255
236,211,5.713444148936171
236,212,7.28923076923077
236,213,7.056666666666667
236,214,19.939999999999998
236,215,13.280000000000001
236,216,14.585
236,217,8.678108108108107
236,218,15.1
236,220,8.989402985074626
236,221,21.23
236,222,19.9
236,223,6.155638297872341
236,224,4.316338028169014
236,225,9.678888888888888
236,226,4.415582524271845
236,227,12.75
236,228,11.87095238095238
236,229,1.9851020077720207
236,230,2.451832291876638
236,231,7.722837741243746
236,232,5.962690058479533
236,233,2.6551491442542785
236,234,3.454163666121113
236,235,7.145454545454545
236,237,1.0199569962839181
236,238,1.4199453099105073
236,239,1.4306986126840318
236,240,8.503333333333332
236,241,9.471363636363636
236,242,9.0925
236,243,6.961306990881459
236,244,5.907619047619047
236,245,21.515
236,246,4.257501094091904
236,247,4.784626865671641
236,248,8.101
236,249,4.88022026431718
236,250,8.12
236,252,17.4675
236,254,12.216
236,255,7.197087378640776
236,256,8.089176470588235
236,257,12.755833333333333
236,258,11.616
236,259,11.34
236,260,5.459807692307693
236,261,8.088777777777777
236,262,0.8864395487252376
236,263,0.6999362178934666
237,1,19.29303135888502
237,3,11.969999999999999
237,4,4.107338709677419
237,7,3.6267128712871286
237,8,5.609999999999999
237,9,14.233333333333334
237,10,14.92625
237,11,15.51818181818182
237,12,6.707142857142857
237,13,7.262551640340218
237,14,14.250851063829787
237,15,14.45
237,16,15.733333333333334
237,17,8.064109589041095
237,18,8.672
237,19,7.636666666666667
237,20,11.677272727272726
237,21,14.629999999999999
237,22,14.706
237,24,3.0853629032258065
237,25,8.416190476190476
237,26,13.36888888888889
237,27,29.44
237,28,11.55
237,29,20.0875
237,31,10.577777777777778
237,32,9.8925
237,33,7.810124688279302
237,34,8.094285714285714
237,35,11.7
237,36,7.372142857142856
237,37,7.2684482758620685
237,38,19.4975
237,39,17.027142857142856
237,40,9.201649484536082
237,41,3.0844017725258492
237,42,3.9636263736263735
237,43,1.1317156549520766
237,45,5.937723577235773
237,46,14.895
237,47,6.2
237,48,1.857155297532656
237,49,9.022678571428571
237,50,2.0355023923444975
237,51,13.169473684210526
237,52,8.73
237,53,12.2775
237,54,9.070714285714285
237,55,17.335
237,56,8.347272727272726
237,58,11.345
237,60,7.149230769230769
237,61,9.906436781609196
237,62,10.5805
237,63,11.393333333333333
237,64,14.67
237,65,7.620326086956522
237,66,7.664780487804878
237,67,13.962857142857144
237,68,2.878447837150127
237,69,6.0503846153846155
237,70,8.005555555555556
237,71,12.088571428571429
237,72,12.063636363636363
237,73,12.573333333333332
237,74,2.746274184632394
237,75,1.7258484905306584
237,76,11.85
237,77,12.600000000000001
237,78,10.088571428571429
237,79,3.695979194934419
237,80,6.1369444444444445
237,81,13.346
237,82,6.343452380952381
237,83,5.696666666666666
237,85,14.236428571428572
237,87,6.558052516411379
237,88,6.777707948243992
237,89,12.883777777777777
237,90,2.9002557077625575
237,91,13.36
237,92,11.159473684210527
237,93,11.945
237,94,9.056000000000001
237,95,9.093543307086614
237,96,11.8
237,97,8.549255319148935
237,98,11.2
237,100,1.9631760594145915
237,101,18.260833333333334
237,102,8.06090909090909
237,106,9.655806451612902
237,107,2.4657074542897326
237,108,18.346666666666668
237,111,10.01
237,112,4.313314606741573
237,113,3.0863910034602076
237,114,3.711001878522229
237,116,5.193265895953757
237,117,15.2
237,118,19.68
237,119,5.934666666666667
237,120,5.646
237,121,13.463750000000001
237,123,16.927272727272726
237,124,9.7
237,125,4.751480865224625
237,126,6.258333333333333
237,127,8.576666666666666
237,128,9.255
237,129,5.379432624113475
237,130,11.946666666666667
237,131,9.455
237,132,17.721899921813918
237,133,12.859523809523811
237,134,11.579473684210527
237,135,11.596
237,136,9.053999999999998
237,137,2.3265028717294194
237,138,9.44538357400722
237,140,0.8982542662116042
237,141,0.7580010815926452
237,142,1.270206831257738
237,143,1.6755079583415209
237,144,4.272837746096402
237,145,2.873283261802575
237,146,2.611304347826087
237,147,7.006
237,148,4.88595703125
237,149,14.280000000000001
237,150,19.788999999999998
237,151,2.762680632749038
237,152,4.387005988023952
237,153,9.843333333333334
237,155,17.02
237,157,5.8607407407407415
237,158,4.089461490294302
237,159,5.321666666666666
237,160,7.492916666666667
237,161,1.041389817911557
237,162,0.9738980553918679
237,163,0.9515772532188842
237,164,1.8745958291956306
237,165,14.245384615384616
237,166,3.5333424845573096
237,167,7.065
237,168,4.279175257731959
237,169,7.838
237,170,1.6104146500981034
237,171,11.30875
237,173,7.553
237,174,12.431000000000001
237,175,13.9
237,177,11.774
237,178,13.225833333333334
237,179,3.8728125
237,180,11.82
237,181,9.912170212765957
237,182,8.955
237,183,10.9275
237,184,12.3
237,185,11.131363636363638
237,186,2.319
237,188,11.401739130434782
237,189,9.480933333333335
237,190,10.202727272727273
237,191,15.563999999999998
237,192,10.476666666666667
237,193,3.2654761904761904
237,194,4.9253846153846155
237,195,10.027619047619048
237,196,8.122121212121211
237,197,12.23
237,198,6.3878378378378375
237,200,11.377142857142857
237,201,25.90375
237,202,3.897293233082707
237,203,18.03
237,205,15.440000000000001
237,207,9.44
237,208,11.140476190476189
237,209,6.280407523510972
237,210,19.575555555555557
237,211,4.186255591054313
237,212,7.988333333333333
237,213,8.70875
237,215,13.956666666666669
237,216,13.732666666666667
237,217,7.178484848484848
237,218,19.299999999999997
237,219,18.495
237,220,10.119272727272728
237,222,13.936666666666667
237,223,4.768411764705882
237,224,3.178156862745098
237,225,8.495531914893617
237,226,3.307544378698225
237,227,13.116666666666667
237,228,12.12861111111111
237,229,1.072360857444968
237,230,1.472767773983235
237,231,6.006226164079823
237,232,4.942121212121212
237,233,1.548479188900747
237,234,2.4021169284467714
237,235,7.654444444444445
237,236,1.0368793671191068
237,238,2.1683708966193045
237,239,1.765212934488864
237,240,12.69
237,241,10.104615384615386
237,242,10.795
237,243,8.027453183520599
237,244,6.8279892761394105
237,246,3.1360381013884404
237,247,5.673666666666667
237,248,8.485
237,249,3.639096989966555
237,250,9.753684210526316
237,251,17.4
237,252,13.243333333333332
237,254,11.89
237,255,5.769181494661922
237,256,6.911258278145695
237,257,11.676153846153845
237,258,12.0125
237,259,12.295714285714284
237,260,4.088550724637681
237,261,6.97364238410596
237,262,1.4337112310786493
237,263,1.1766615886833516
238,1,19.90815217391304
238,3,11.136666666666665
238,4,6.4278260869565225
238,6,21.27
238,7,6.008205128205128
238,10,19.838333333333335
238,11,11.85
238,12,7.41
238,13,6.824975124378109
238,14,13.994615384615384
238,15,14.7
238,16,10.3475
238,17,10.458333333333334
238,18,8.836666666666666
238,19,19.7
238,20,8.808666666666666
238,21,14.91
238,22,21.669999999999998
238,24,0.9515275526742301
238,25,10.406666666666666
238,26,15.030000000000001
238,28,15.205
238,29,19.749000000000002
238,31,11.396
238,32,11.343
238,33,9.792758620689655
238,34,9.605625
238,35,15.515
238,36,11.03076923076923
238,37,10.703571428571427
238,38,18.544444444444444
238,39,16.516666666666666
238,40,10.8405
238,41,1.7848062015503878
238,42,2.869839255499154
238,43,1.3404915324246178
238,45,7.615
238,46,15.355
238,47,6.168571428571428
238,48,2.391272344900105
238,49,10.746538461538462
238,50,2.4611063829787234
238,51,12.48923076923077
238,52,10.586923076923076
238,53,13.41
238,54,10.78
238,55,19.5075
238,56,10.671428571428573
238,58,11.636666666666665
238,60,7.895714285714286
238,61,12.492181818181818
238,62,12.48
238,63,13.3
238,65,9.567037037037037
238,66,9.656666666666666
238,67,15.22
238,68,3.5679334038054966
238,69,6.1579999999999995
238,70,9.181111111111111
238,71,14.54
238,72,14.433333333333332
238,73,15.51
238,74,2.650969515242379
238,75,1.5228131298589114
238,76,17.085714285714285
238,77,15.440000000000001
238,78,8.213846153846154
238,79,6.140460921843688
238,80,9.325555555555557
238,81,13.23142857142857
238,82,8.982173913043479
238,83,7.443333333333334
238,85,13.301666666666668
238,86,17.6
238,87,8.021208053691275
238,88,8.166992481203009
238,89,12.973333333333333
238,90,4.424504201680672
238,91,15.466666666666667
238,92,11.44909090909091
238,93,13.66625
238,94,7.291428571428571
238,95,12.690000000000001
238,97,10.580833333333333
238,100,3.0897428139183054
238,101,17.7
238,102,14.703333333333333
238,106,11.13375
238,107,5.041431226765799
238,108,25.7
238,112,6.70695652173913
238,113,5.377530562347188
238,114,5.87811320754717
238,116,3.0166420274551218
238,117,27.689999999999998
238,119,5.277575757575757
238,120,4.075833333333333
238,121,14.177142857142856
238,123,15.788
238,124,20.74
238,125,6.095131578947369
238,126,8.49
238,127,6.633507109004739
238,128,7.048536585365854
238,129,8.256499999999999
238,130,13.585384615384616
238,131,14.825
238,132,19.94182783018868
238,133,13.132857142857144
238,134,14.245
238,135,17.043333333333333
238,136,8.062142857142858
238,137,4.9231870229007635
238,138,9.746813643926789
238,139,21.48
238,140,2.6201521438450897
238,141,2.3151118326118327
238,142,1.3591206030150755
238,143,1.3716286253646817
238,144,6.766243386243386
238,145,5.086956521739131
238,146,5.490869565217392
238,147,7.444285714285714
238,148,7.151466666666666
238,149,14.219999999999999
238,150,24.13
238,151,0.7735647851186658
238,152,2.2201326899879374
238,153,7.7
238,157,8.181666666666667
238,158,5.174745308310992
238,159,4.6878125
238,160,10.278
238,161,2.7867340590979786
238,162,2.9708056394763345
238,163,2.175278810408922
238,164,3.7229001367989056
238,165,14.27
238,166,1.3195265241488519
238,167,6.906923076923078
238,168,4.589065420560748
238,169,6.977894736842106
238,170,3.775933869526363
238,173,11.02125
238,174,11.3676
238,175,18.35
238,177,17.766666666666666
238,178,15.780000000000001
238,179,6.2871428571428565
238,181,11.241940298507464
238,182,9.897499999999999
238,183,11.292
238,185,10.861052631578948
238,186,3.6234874504623513
238,188,13.56
238,189,10.508333333333333
238,190,12.678571428571429
238,191,16.6
238,192,14.21
238,193,4.6675
238,194,5.265909090909091
238,195,11.151250000000001
238,196,9.180000000000001
238,197,16.82
238,198,10.23625
238,200,8.841935483870968
238,202,6.184285714285714
238,203,20.575
238,205,17.012857142857143
238,206,20.53
238,208,14.107894736842105
238,209,8.678985507246377
238,210,13.966666666666669
238,211,6.543140495867769
238,212,7.927777777777777
238,213,8.952499999999999
238,215,16.7975
238,216,17.1
238,217,10.5
238,218,18.7
238,219,19.32
238,220,7.799130434782609
238,223,7.340000000000001
238,224,5.635309734513274
238,225,12.053333333333335
238,226,5.536785714285714
238,227,13.065000000000001
238,228,11.909473684210527
238,229,3.177738193869097
238,230,2.4746943138093203
238,231,6.553239436619718
238,232,7.32089430894309
238,233,3.948537005163511
238,234,4.555682062298604
238,235,6.915757575757576
238,236,1.3542790607413158
238,237,2.071425260718424
238,239,0.7986912891986062
238,240,10.299999999999999
238,241,9.193529411764706
238,242,10.799999999999999
238,243,5.775357624831309
238,244,4.476220218931101
238,246,3.806676522767593
238,247,5.282784810126582
238,248,9.966
238,249,5.187775377969762
238,250,10.238888888888889
238,252,12.62
238,254,12.064705882352941
238,255,8.4375
238,256,9.180454545454545
238,257,11.9525
238,258,13.805
238,259,12.328333333333333
238,260,6.8307692307692305
238,261,7.755760869565217
238,262,2.0125700164744647
238,263,1.6852447980416156
239,1,19.75760135135135
239,3,14.04
239,4,5.859411764705882
239,7,5.471278195488721
239,9,17.599999999999998
239,10,19.103
239,11,15.642
239,12,6.735
239,13,5.927424242424242
239,14,14.19888888888889
239,15,16.33
239,16,18.31
239,17,10.306451612903226
239,18,9.63875
239,20,10.717777777777778
239,21,18.0
239,22,16.198
239,24,1.544945054945055
239,25,9.575714285714286
239,26,12.94
239,28,15.293333333333335
239,29,20.78
239,31,12.02
239,32,10.85
239,33,9.242564102564103
239,34,9.855
239,35,15.253333333333336
239,36,8.241111111111111
239,37,9.189117647058824
239,38,21.75875
239,39,16.725
239,40,9.598125
239,41,2.395055103018687
239,42,3.5508130939809925
239,43,1.310323390019515
239,45,6.93104347826087
239,47,8.595
239,48,1.6858731196860692
239,49,10.578055555555556
239,50,1.6636224066390042
239,51,13.85
239,52,10.07325
239,53,13.15
239,54,10.532
239,55,15.65
239,56,11.3675
239,58,12.92
239,59,7.404999999999999
239,60,9.8475
239,61,11.853953488372094
239,62,11.714210526315789
239,63,9.725
239,64,19.4
239,65,9.003589743589743
239,66,8.757
239,67,15.388
239,68,2.698691634241245
239,69,6.563448275862069
239,70,9.358571428571429
239,71,13.395000000000001
239,72,12.898
239,73,14.38
239,74,3.2384271284271287
239,75,2.1662807017543857
239,76,15.803
239,77,13.4
239,78,9.4825
239,79,5.369105211406096
239,80,7.875
239,81,14.004999999999999
239,82,7.626315789473685
239,83,7.515
239,85,13.225999999999999
239,87,7.355570032573289
239,88,7.63467680608365
239,89,13.537441860465117
239,90,3.474
239,91,15.85
239,92,12.116470588235293
239,94,8.156190476190476
239,95,11.491111111111111
239,96,16.3
239,97,9.841860465116278
239,98,17.395
239,100,2.3996845194424066
239,101,21.985
239,102,8.82
239,106,10.741428571428571
239,107,4.190217391304348
239,108,17.3
239,112,6.1072727272727265
239,113,4.405725108225108
239,114,4.991399594320487
239,116,3.8912879708383965
239,117,24.255714285714284
239,118,21.876666666666665
239,119,6.374666666666667
239,120,5.587142857142857
239,121,12.709
239,123,18.0
239,125,4.978397435897436
239,126,7.734999999999999
239,127,7.272285714285714
239,128,7.539756097560976
239,129,7.929375
239,130,15.21
239,131,16.30272727272727
239,132,20.696751795690343
239,133,11.324
239,134,13.928333333333333
239,135,13.299999999999999
239,136,7.56875
239,137,4.125338582677165
239,138,10.9396174282678
239,139,21.15
239,140,2.263159120310479
239,141,1.973200490496628
239,142,0.8655892275821249
239,143,0.9031712336185421
239,144,5.813820754716981
239,145,4.57252427184466
239,146,4.3747727272727275
239,147,7.41
239,148,6.536495535714286
239,149,17.29
239,151,1.2566981132075472
239,152,3.007709497206704
239,153,8.775652173913043
239,155,14.698000000000002
239,157,8.16
239,158,4.2245906040268455
239,159,8.191578947368422
239,160,8.403
239,161,2.1826457680250786
239,162,2.4303533755274263
239,163,1.5716490727532098
239,164,2.976508226691042
239,165,17.1
239,166,2.0027968946705834
239,167,6.97
239,168,5.739318181818182
239,169,7.676
239,170,3.1628451882845185
239,171,15.0775
239,173,11.973333333333334
239,174,11.350999999999999
239,175,17.89
239,177,14.71875
239,178,13.125
239,179,5.955689655172414
239,181,11.035113636363636
239,182,9.0425
239,183,12.058333333333332
239,184,15.5
239,185,11.553125
239,186,2.766248124062031
239,188,13.555833333333334
239,189,10.97
239,190,11.414285714285715
239,191,19.89
239,192,13.11
239,193,4.885384615384615
239,194,6.466363636363636
239,195,11.589411764705883
239,196,10.2925
239,197,13.091666666666667
239,198,8.877222222222223
239,200,9.67504761904762
239,202,5.557368421052632
239,203,26.36
239,206,21.57
239,207,13.765
239,208,12.588750000000001
239,209,7.23520325203252
239,210,18.7
239,211,5.389800884955752
239,212,8.468
239,213,9.707777777777778
239,216,18.57857142857143
239,217,9.06
239,219,20.344285714285714
239,220,8.548736842105264
239,221,18.29
239,222,17.945
239,223,6.89304347826087
239,224,5.011836734693878
239,225,10.235625
239,226,4.816119402985075
239,227,12.665000000000001
239,228,13.442
239,229,2.641853020739405
239,230,1.8225479357401968
239,231,5.6427889908256885
239,232,6.6477272727272725
239,233,3.2457042957042956
239,234,3.721980973698937
239,235,7.054375
239,236,1.4841688212927757
239,237,1.6972084048027443
239,238,0.8409839645956665
239,240,10.975714285714286
239,241,10.295833333333333
239,242,11.302222222222222
239,243,6.377265625
239,244,5.151666666666666
239,246,2.802331081081081
239,247,6.5675
239,248,9.94888888888889
239,249,4.232746062992126
239,250,9.578333333333333
239,252,14.21
239,254,11.414
239,255,7.390105263157896
239,256,8.693529411764706
239,257,12.03857142857143
239,258,11.19
239,259,11.4
239,260,6.568333333333333
239,261,6.857548076923076
239,262,2.026775553213909
239,263,1.816611394557823
240,3,3.7800000000000002
240,4,14.2
240,7,10.2
240,17,22.5
240,18,2.31
240,20,2.365
240,32,1.69
240,35,16.46
240,37,17.3
240,41,9.535714285714286
240,42,14.66
240,48,14.04
240,50,12.55
240,51,5.2700000000000005
240,60,4.725
240,63,18.0
240,69,5.26
240,74,8.705
240,75,9.76
240,78,5.59
240,81,2.035
240,94,4.155
240,107,13.1
240,113,15.89
240,114,14.2
240,116,6.65
240,117,25.9
240,125,16.85
240,127,5.3100000000000005
240,137,14.06
240,140,12.553333333333333
240,141,11.48
240,142,9.9
240,143,10.46
240,145,12.6
240,147,5.9
240,151,8.379999999999999
240,153,4.05
240,159,7.115
240,161,13.11
240,164,13.366666666666667
240,166,8.7
240,167,6.1
240,168,7.648000000000001
240,169,5.5600000000000005
240,170,12.89
240,174,1.7233333333333334
240,180,18.1
240,181,20.814999999999998
240,183,5.54
240,185,3.59
240,186,13.066666666666668
240,188,17.0
240,197,17.16
240,198,17.6125
240,200,1.4066666666666665
240,202,12.3375
240,208,6.49
240,211,16.0
240,212,4.734999999999999
240,213,5.046
240,215,17.16
240,220,1.44
240,222,23.8
240,230,15.5
240,233,12.8
240,235,4.37
240,236,12.28
240,238,9.3
240,239,10.16
240,241,2.0
240,243,5.413333333333333
240,244,8.215
240,247,6.623333333333332
240,248,5.615
240,250,5.47
240,254,0.9975
240,256,18.85
240,259,1.75
240,262,9.2
240,263,12.68
241,3,3.4840000000000004
241,4,13.48
241,7,10.584999999999999
241,13,15.1
241,15,9.6
241,17,16.766666666666666
241,18,1.1783333333333335
241,19,17.075
241,20,1.8445454545454545
241,22,20.7
241,24,7.105
241,25,18.153333333333332
241,28,14.84
241,29,7.1
241,31,3.6
241,32,2.8475
241,35,18.075
241,36,14.5
241,38,16.075
241,39,21.49
241,41,6.6979487179487185
241,42,6.1909375
241,43,10.22
241,45,12.8
241,46,13.85
241,47,3.373333333333333
241,48,11.71
241,49,19.2
241,50,10.248571428571427
241,51,5.3100000000000005
241,55,24.875
241,56,13.703333333333333
241,57,12.0
241,59,3.3
241,60,4.766
241,61,18.22
241,62,18.384999999999998
241,63,22.11
241,65,15.9
241,66,15.1
241,68,12.19
241,69,4.15
241,70,12.4
241,71,20.05
241,72,19.9
241,74,6.6306666666666665
241,75,7.801428571428571
241,76,19.433333333333334
241,77,19.583333333333332
241,78,2.81875
241,79,12.562000000000001
241,80,14.5
241,81,3.5933333333333337
241,82,11.7
241,83,11.71
241,85,19.5
241,86,24.65
241,87,17.27
241,88,16.23
241,89,16.84
241,90,11.815000000000001
241,92,11.762500000000001
241,94,1.3608333333333331
241,95,13.0
241,97,16.5
241,100,10.915000000000001
241,102,21.85
241,107,11.81857142857143
241,111,17.1
241,112,13.25
241,114,14.635
241,116,6.26608695652174
241,119,3.7215789473684215
241,120,5.55
241,122,16.94666666666667
241,125,14.433333333333332
241,126,5.707777777777777
241,127,1.9217391304347828
241,128,1.5
241,129,10.686
241,130,16.273333333333333
241,133,19.8
241,136,1.0599999999999998
241,137,11.76923076923077
241,138,12.26
241,139,18.0
241,140,10.038181818181819
241,141,9.8
241,142,9.79076923076923
241,143,12.1425
241,145,11.626666666666665
241,147,6.138571428571429
241,148,14.02
241,149,28.8
241,150,27.5
241,151,9.028
241,152,6.723333333333334
241,153,1.2825
241,158,12.1
241,159,5.371176470588235
241,161,12.245384615384616
241,162,10.814615384615385
241,163,10.833333333333334
241,164,12.03
241,165,21.1
241,166,7.6155
241,167,5.224444444444445
241,168,6.485
241,169,2.5013636363636365
241,170,11.503333333333334
241,171,10.3
241,173,11.4
241,174,1.5335
241,177,17.549999999999997
241,179,9.316666666666668
241,182,4.88
241,183,6.8125
241,185,4.925
241,186,12.392999999999999
241,188,18.75
241,191,16.4
241,193,9.4
241,194,7.83
241,196,13.96
241,197,18.683333333333334
241,200,3.2600000000000002
241,202,10.1
241,205,23.19
241,208,7.90125
241,209,13.9
241,210,15.366666666666667
241,211,14.0
241,212,5.048
241,213,6.944166666666667
241,216,18.5
241,217,2.2
241,218,21.50333333333333
241,220,1.449090909090909
241,222,19.65
241,223,10.336
241,224,11.766666666666666
241,225,19.118000000000002
241,226,13.633333333333335
241,228,18.5
241,230,11.379090909090909
241,231,14.3904
241,232,13.959999999999999
241,233,11.16
241,234,13.491111111111111
241,235,2.4924999999999997
241,236,8.485000000000001
241,237,10.343684210526316
241,238,12.432
241,239,8.9
241,242,5.003636363636364
241,243,3.3304347826086955
241,244,5.543285714285715
241,246,11.982
241,247,4.466842105263158
241,248,5.53
241,249,12.1
241,250,4.53
241,254,3.40125
241,256,14.0
241,258,18.854999999999997
241,259,3.388333333333333
241,260,12.15
241,261,16.963333333333335
241,262,7.659999999999999
241,263,8.11375
242,3,1.9923076923076921
242,7,8.4225
242,14,22.44
242,17,17.115000000000002
242,18,3.8305555555555557
242,20,2.4040000000000004
242,24,7.919999999999999
242,25,18.72
242,28,11.896666666666667
242,31,1.92
242,32,2.885294117647059
242,33,17.6
242,35,17.525
242,36,18.1
242,37,11.1575
242,38,12.719999999999999
242,39,20.34
242,41,7.455
242,42,7.997209302325581
242,45,13.8
242,46,4.1
242,47,4.054615384615385
242,48,12.985
242,49,19.17
242,50,15.4
242,51,3.6809375
242,53,5.8999999999999995
242,55,16.25
242,58,1.7
242,59,2.44
242,60,2.81
242,61,17.09875
242,63,13.3
242,65,14.149999999999999
242,68,12.453999999999999
242,69,5.417419354838709
242,70,8.45
242,71,14.766666666666667
242,72,16.5
242,74,7.063823529411765
242,75,7.426666666666667
242,76,13.868571428571428
242,77,15.48
242,78,1.9052777777777778
242,79,12.083333333333334
242,80,14.364999999999998
242,81,3.6149999999999998
242,82,8.93
242,85,19.400000000000002
242,86,21.7
242,87,14.2
242,89,20.753333333333334
242,90,14.03
242,94,3.2942857142857145
242,95,10.35
242,97,16.125
242,100,13.373333333333333
242,107,11.975000000000001
242,108,22.82
242,113,15.1
242,114,13.540000000000001
242,116,7.967142857142857
242,117,23.166666666666668
242,119,7.565
242,120,4.8
242,123,24.9
242,126,3.7014285714285715
242,127,5.309166666666667
242,129,9.66
242,130,12.634545454545457
242,132,17.02
242,136,4.0200000000000005
242,137,11.41
242,139,14.8
242,140,9.302941176470588
242,141,9.16
242,142,11.293333333333335
242,143,11.373333333333333
242,144,13.6
242,145,11.729999999999999
242,147,3.922857142857143
242,148,12.585
242,151,9.844999999999999
242,152,8.481
242,153,5.91
242,159,5.770555555555556
242,161,11.038333333333334
242,162,10.020000000000001
242,163,10.120000000000001
242,164,12.699999999999998
242,166,7.433333333333334
242,167,4.49
242,168,5.6937500000000005
242,169,3.6821428571428574
242,170,11.164285714285715
242,171,6.9
242,173,8.2
242,174,3.881333333333333
242,177,15.338
242,179,8.394
242,182,1.2603846153846154
242,183,2.436
242,184,0.7
242,185,1.5055555555555555
242,186,19.75
242,188,18.16
242,189,16.85
242,191,11.84
242,192,9.116666666666667
242,196,8.9
242,197,13.3
242,198,13.12
242,200,8.216
242,202,11.9
242,203,16.46666666666667
242,205,14.20125
242,208,2.4248387096774193
242,209,13.9
242,211,13.33
242,212,2.841111111111111
242,213,2.9864285714285717
242,215,14.533333333333333
242,216,13.733333333333334
242,217,14.86
242,218,17.25
242,219,15.86
242,220,6.058571428571428
242,222,20.0
242,223,8.870000000000001
242,225,15.25
242,226,10.172
242,227,20.7
242,228,20.0
242,229,9.9
242,230,11.305
242,231,14.335
242,232,13.5
242,233,11.538
242,234,14.11
242,235,5.122
242,236,10.149999999999999
242,237,10.556666666666667
242,238,10.357142857142858
242,239,10.5
242,240,4.4799999999999995
242,241,4.960909090909091
242,243,6.6196
242,244,7.1855
242,246,13.0
242,247,5.494545454545454
242,248,2.0975
242,250,1.6085714285714285
242,252,5.550000000000001
242,254,4.067
242,256,15.4
242,259,4.945454545454545
242,261,16.42142857142857
242,262,9.46
242,263,8.861666666666666
243,1,23.1825
243,3,8.965
243,4,11.106538461538461
243,7,7.967692307692308
243,12,12.455
243,13,11.205263157894738
243,14,22.583333333333332
243,16,13.344
243,17,15.491818181818182
243,18,4.435217391304348
243,20,5.035
243,21,18.8
243,22,3.3
243,24,5.062413793103448
243,25,13.5725
243,26,14.743333333333332
243,28,14.1
243,29,33.4
243,31,3.8
243,32,6.096666666666667
243,33,15.53
243,34,13.809999999999999
243,35,18.1
243,36,14.275
243,37,14.012727272727272
243,38,20.51
243,39,18.0
243,41,4.562571428571428
243,42,3.507379679144385
243,43,7.036896551724138
243,45,12.220833333333333
243,46,10.55
243,47,2.7475
243,48,8.038301886792452
243,49,14.6
243,50,7.851428571428572
243,51,8.554444444444444
243,53,10.7275
243,55,27.595
243,56,11.643846153846154
243,58,8.5
243,60,4.19
243,61,13.9
243,62,16.4
243,63,17.7
243,65,13.213333333333333
243,66,13.6675
243,68,8.92
243,69,2.9089473684210527
243,71,19.763333333333335
243,72,23.23
243,73,12.8
243,74,4.559171270718232
243,75,5.939891891891892
243,76,19.712
243,77,19.035
243,78,3.786
243,79,10.924375
243,80,14.09
243,81,8.925
243,82,13.045
243,83,9.66
243,85,17.6
243,86,24.59
243,87,13.132
243,88,12.848157894736843
243,89,18.856666666666666
243,90,9.605
243,91,16.944444444444443
243,92,12.406666666666666
243,93,11.0
243,94,2.2776923076923077
243,95,12.719285714285714
243,97,14.468333333333334
243,100,8.736315789473684
243,101,17.8
243,106,13.978333333333333
243,107,9.876111111111111
243,112,12.44
243,113,10.28
243,114,10.936363636363636
243,116,2.831435643564357
243,117,22.4
243,118,33.07
243,119,1.8099999999999998
243,120,1.2574999999999998
243,121,13.7
243,125,10.144444444444444
243,126,4.876153846153846
243,127,1.4061581920903954
243,128,2.0485714285714285
243,129,8.940000000000001
243,130,15.531
243,132,21.380555555555556
243,133,7.0
243,134,18.9
243,135,12.8
243,136,3.06125
243,137,9.545660377358491
243,138,10.273243243243243
243,140,7.623440860215054
243,141,7.534999999999999
243,142,7.286440677966102
243,143,7.637424242424243
243,144,11.2576
243,145,9.805555555555555
243,146,8.97
243,147,4.6725
243,148,12.138947368421052
243,151,5.827916666666667
243,152,3.645223880597015
243,153,2.345714285714286
243,157,11.31
243,158,9.593125
243,159,4.959333333333333
243,161,8.106461538461538
243,162,8.628333333333334
243,163,8.114470588235294
243,164,9.1885
243,165,21.316666666666666
243,166,4.152357142857143
243,167,4.336
243,168,4.827333333333333
243,169,2.264444444444445
243,170,9.361481481481482
243,173,12.375
243,174,5.887777777777778
243,175,13.655000000000001
243,177,16.5775
243,178,20.713333333333335
243,179,7.382857142857143
243,180,17.95
243,181,16.1
243,182,5.174444444444444
243,183,8.41
243,185,5.38
243,186,9.092666666666666
243,188,17.166666666666668
243,189,14.538333333333334
243,191,15.4
243,193,10.286666666666667
243,195,16.18
243,196,13.313333333333333
243,198,15.913333333333334
243,200,4.039583333333334
243,201,29.2
243,202,8.440000000000001
243,205,18.2
243,208,8.337272727272728
243,209,12.326666666666666
243,210,24.799999999999997
243,211,11.101666666666667
243,212,5.555
243,213,5.691999999999999
243,214,25.8
243,215,17.689999999999998
243,216,16.4
243,218,20.1275
243,220,2.7525
243,222,20.288888888888888
243,223,7.5375000000000005
243,224,10.344444444444443
243,225,15.326666666666666
243,226,9.56875
243,228,16.835
243,229,8.354615384615384
243,230,8.25943661971831
243,231,11.133125
243,232,11.380344827586208
243,233,9.070238095238095
243,234,10.012708333333334
243,235,2.52875
243,236,6.771976744186047
243,237,7.886097560975609
243,238,5.821015625
243,239,6.51495867768595
243,240,5.7299999999999995
243,241,4.231428571428571
243,242,6.835833333333333
243,244,1.4964900662251654
243,246,8.74219512195122
243,247,3.7509090909090905
243,248,3.9875
243,249,10.26125
243,250,5.55
243,251,30.5
243,252,10.9
243,254,6.74
243,255,13.122
243,256,14.770000000000001
243,259,7.733333333333333
243,260,9.567499999999999
243,261,12.755263157894737
243,262,6.604814814814814
243,263,6.578717948717949
244,1,23.807142857142857
244,3,8.58470588235294
244,4,10.282142857142857
244,7,7.891707317073171
244,9,13.6
244,10,15.771428571428572
244,11,5.8
244,13,10.206388888888888
244,14,17.942
244,15,12.5
244,16,12.925
244,17,14.14125
244,18,5.527586206896551
244,20,3.9924999999999997
244,21,19.95285714285714
244,22,20.484
244,24,3.3951875
244,25,14.145
244,26,18.916153846153847
244,28,14.276
244,31,7.646000000000001
244,32,7.159000000000001
244,33,13.649090909090908
244,34,14.74
244,35,15.5568
244,36,11.988888888888889
244,37,14.611666666666666
244,38,19.009999999999998
244,39,19.566315789473684
244,40,12.54
244,41,3.1962623762376237
244,42,2.3919931271477664
244,43,5.392784810126582
244,44,35.88
244,45,11.126129032258065
244,47,3.662
244,48,6.926472222222222
244,49,13.95
244,50,6.548695652173913
244,51,9.926190476190476
244,53,11.93
244,54,13.569999999999999
244,55,22.398
244,56,11.876666666666667
244,59,3.6
244,60,4.481111111111111
244,61,15.710588235294116
244,62,15.684444444444445
244,63,15.373333333333335
244,65,12.086923076923076
244,66,13.3025
244,67,20.0
244,68,7.93474358974359
244,69,2.496046511627907
244,70,8.663333333333334
244,71,17.200000000000003
244,72,17.82
244,73,14.71
244,74,3.9065106382978723
244,75,5.087877984084881
244,76,17.90642857142857
244,77,18.275
244,78,3.7041176470588235
244,79,10.373181818181818
244,80,12.055
244,81,9.153809523809523
244,82,9.694736842105263
244,83,9.066666666666668
244,85,18.973333333333333
244,86,25.016666666666666
244,87,11.880799999999999
244,88,12.114193548387098
244,89,17.875999999999998
244,90,8.558181818181819
244,91,23.108
244,92,12.3
244,93,14.933333333333332
244,94,3.7395833333333335
244,95,13.103
244,97,14.167000000000002
244,98,15.333333333333334
244,100,7.574375
244,102,15.7
244,106,13.5
244,107,9.346323529411764
244,108,22.95
244,112,11.678333333333333
244,113,9.3986
244,114,9.893333333333333
244,116,1.2185649546827795
244,117,22.349999999999998
244,118,23.03
244,119,2.06974358974359
244,120,1.4196774193548387
244,121,14.34
244,122,15.833333333333334
244,123,18.2
244,124,18.4
244,125,9.248148148148148
244,126,5.811428571428571
244,127,2.7287096774193547
244,128,3.207
244,129,8.957647058823529
244,130,15.404375
244,131,16.225
244,132,20.78560975609756
244,133,16.24
244,134,13.916666666666666
244,135,12.800999999999998
244,136,3.4130434782608696
244,137,8.98475
244,138,10.165232558139536
244,139,12.285
244,140,7.170184331797235
244,141,7.05231884057971
244,142,6.0845424836601305
244,143,5.757723214285714
244,144,10.600857142857143
244,145,9.4675
244,146,7.515000000000001
244,147,4.52375
244,148,10.784516129032259
244,149,21.1
244,151,4.043022388059701
244,152,1.9278521126760564
244,153,4.36125
244,155,20.419999999999998
244,157,12.43
244,158,8.61326923076923
244,159,3.108888888888889
244,160,10.9
244,161,7.406709677419355
244,162,7.920769230769231
244,163,6.9108888888888895
244,164,8.25257731958763
244,165,17.278333333333332
244,166,2.738
244,167,4.295416666666667
244,168,3.8761538461538456
244,169,2.8979411764705882
244,170,8.555104166666666
244,171,12.85
244,173,10.565
244,174,6.763750000000001
244,175,13.649999999999999
244,176,28.16
244,177,19.03
244,178,18.2
244,179,7.857692307692308
244,180,16.65
244,181,13.312857142857142
244,182,6.460833333333333
244,183,7.668333333333333
244,185,7.128333333333333
244,186,8.05776923076923
244,188,16.16181818181818
244,189,13.8
244,191,16.98
244,192,13.486
244,193,8.98
244,194,6.348000000000001
244,195,13.55
244,196,13.1825
244,197,14.745862068965517
244,198,14.4
244,200,5.251555555555555
244,202,8.7
244,203,19.133333333333333
244,205,18.266666666666666
244,207,8.98
244,208,8.677894736842106
244,209,11.76625
244,210,22.933333333333334
244,211,9.890434782608695
244,212,5.964
244,213,6.3236585365853655
244,215,15.48076923076923
244,216,15.91375
244,217,13.574736842105263
244,218,19.491304347826087
244,219,20.075
244,220,4.107605633802817
244,222,14.976666666666668
244,223,7.170588235294118
244,224,9.485217391304348
244,225,13.189444444444444
244,226,9.883
244,227,19.865000000000002
244,228,17.0975
244,229,7.832772277227723
244,230,7.1348356807511735
244,231,10.097901234567901
244,232,10.855
244,233,8.47
244,234,8.798252427184467
244,235,2.506666666666667
244,236,5.966391304347826
244,237,7.252611464968154
244,238,4.748403361344537
244,239,5.222831632653061
244,240,6.2628571428571425
244,241,5.0843902439024395
244,242,7.406333333333333
244,243,1.4247121212121212
244,246,7.278734177215189
244,247,2.188
244,248,6.286470588235295
244,249,8.798030303030302
244,250,6.522142857142858
244,254,7.9771875
244,255,12.18142857142857
244,256,13.581
244,257,15.872
244,258,16.1075
244,259,7.9925
244,260,8.746666666666666
244,261,11.845769230769232
244,262,6.337627118644068
244,263,5.916351351351351
245,6,4.27
245,13,12.7
245,22,9.97
245,37,14.969999999999999
245,39,19.36
245,55,9.3
245,67,8.68
245,155,16.73
245,161,16.0
245,165,15.54
245,172,6.93
245,188,14.46
245,221,3.93
245,228,8.5
245,236,23.13
245,238,22.75
246,1,16.77688888888889
246,3,15.299999999999999
246,4,3.1628338762214985
246,5,25.05
246,7,6.19625
246,9,13.993333333333334
246,10,20.65142857142857
246,11,13.802000000000001
246,12,3.8544936708860758
246,13,3.1088711151736748
246,14,10.485714285714286
246,15,15.995
246,16,16.05666666666667
246,17,7.387702702702703
246,18,11.65
246,20,12.365
246,21,12.15
246,22,12.087777777777779
246,24,4.407432432432433
246,25,5.986330935251798
246,26,10.56857142857143
246,27,23.935000000000002
246,28,12.02
246,29,17.614285714285714
246,31,14.032499999999999
246,32,13.405000000000001
246,33,5.663684210526316
246,34,5.765833333333333
246,35,9.85
246,36,8.16709677419355
246,37,8.649538461538462
246,39,11.75
246,40,6.494579439252336
246,41,5.652219917012448
246,42,6.975238095238095
246,43,3.1416466346153844
246,44,29.84
246,45,3.5708831168831168
246,46,6.3
246,47,9.076666666666666
246,48,1.1050671650508117
246,49,6.5614634146341455
246,50,1.148127623845508
246,51,16.482
246,52,6.298947368421052
246,53,16.7
246,54,6.377999999999999
246,55,15.084285714285715
246,56,9.594
246,60,9.022
246,61,8.032705882352941
246,62,7.909090909090909
246,63,12.99
246,65,5.366559139784946
246,66,5.49268156424581
246,67,11.558
246,68,0.8728189028420357
246,69,10.12875
246,70,13.9125
246,71,10.563333333333333
246,72,11.216
246,73,11.79
246,74,6.268510638297872
246,75,5.136897321428571
246,76,14.02818181818182
246,77,13.065000000000001
246,78,10.995000000000001
246,79,2.6308333333333334
246,80,6.988148148148148
246,81,14.819999999999999
246,82,10.3725
246,83,8.035
246,85,10.175333333333333
246,86,25.294
246,87,4.117174578866768
246,88,4.046547277936963
246,89,9.57625
246,90,1.2005940594059408
246,91,13.0725
246,92,13.094
246,93,11.33
246,94,10.12
246,95,10.581764705882351
246,97,5.788440366972478
246,100,1.0191579943235571
246,101,18.72
246,102,9.248000000000001
246,106,7.077142857142857
246,107,1.9225925925925924
246,108,16.705000000000002
246,109,22.52
246,111,8.32
246,112,5.47
246,113,2.029596412556054
246,114,2.3502277294038847
246,115,13.79
246,116,6.939811320754717
246,119,8.161818181818182
246,120,8.815
246,121,12.55
246,124,20.330000000000002
246,125,2.283085501858736
246,126,9.81
246,127,9.773636363636363
246,128,10.087
246,129,8.274137931034483
246,130,16.35
246,131,14.3125
246,132,18.451507128309572
246,133,9.22475
246,134,13.16625
246,135,12.375
246,136,11.4
246,137,1.8733150984682714
246,138,11.610305522914219
246,140,3.834861944777911
246,141,3.54970695970696
246,142,2.035058408041293
246,143,1.968597317868793
246,144,2.8943406229290924
246,145,4.365325443786983
246,146,4.884883720930233
246,147,11.665555555555555
246,148,3.2899603803486532
246,149,13.133333333333333
246,150,17.674999999999997
246,151,4.0436173184357544
246,152,6.002659574468085
246,153,11.455
246,155,18.28
246,156,19.836666666666666
246,157,7.874545454545455
246,158,1.4697771775827142
246,159,10.549090909090909
246,160,10.321666666666667
246,161,1.8171948103007667
246,162,2.116070659198621
246,163,2.0113286544046467
246,164,1.2793690926275991
246,165,11.037777777777778
246,166,4.931763668430335
246,167,9.78
246,168,9.742
246,169,10.596666666666668
246,170,1.6316517590936197
246,171,12.64
246,172,21.21
246,174,13.444444444444445
246,175,19.9
246,176,17.77
246,177,10.797142857142857
246,178,10.35
246,179,6.621290322580645
246,180,12.652857142857142
246,181,7.392650602409638
246,183,15.18
246,185,13.663333333333332
246,186,0.9894332247557004
246,187,18.106666666666666
246,188,9.236521739130435
246,189,7.067704918032787
246,190,7.99625
246,191,11.046666666666667
246,192,10.523333333333333
246,193,4.8605
246,194,10.629999999999999
246,195,6.473513513513514
246,196,8.220666666666666
246,197,13.840000000000002
246,198,7.83
246,200,11.861923076923079
246,201,27.125
246,202,6.215263157894737
246,203,20.466666666666665
246,205,18.215
246,206,16.9
246,208,15.81
246,209,3.871031746031746
246,210,15.906666666666666
246,211,2.6045011600928074
246,212,12.33
246,213,12.775384615384617
246,214,16.18
246,215,13.8
246,216,13.6775
246,217,6.3500000000000005
246,218,13.319999999999999
246,219,16.15
246,220,10.963448275862069
246,221,14.206666666666665
246,222,23.7
246,223,8.385365853658536
246,224,2.4400611620795107
246,225,8.125
246,226,5.6029629629629625
246,227,8.2925
246,228,7.9369696969696975
246,229,2.7500625
246,230,1.434899413243923
246,231,2.753641039523552
246,232,4.464474272930649
246,233,2.132254385964912
246,234,1.5331426678445228
246,235,9.093571428571428
246,236,4.248753009147809
246,237,3.1049958506224065
246,238,3.5633477088948786
246,239,2.820128726287263
246,240,11.8
246,241,12.8275
246,242,13.355
246,243,8.873703703703702
246,244,7.649002624671916
246,247,9.3908
246,248,11.773333333333333
246,249,1.703417099153237
246,250,13.15
246,251,17.16
246,254,15.115599999999999
246,255,6.341485714285715
246,256,5.980838323353293
246,257,8.485714285714286
246,258,10.89
246,259,14.89
246,260,6.725882352941177
246,261,3.5833466135458165
246,262,4.740833333333334
246,263,4.607231869254341
247,3,7.71125
247,4,9.186
247,7,6.208
247,11,22.09
247,13,12.21888888888889
247,14,21.13
247,16,14.526666666666666
247,17,12.195
247,18,3.6876923076923074
247,20,4.207241379310345
247,21,20.3275
247,22,21.785
247,24,3.3666666666666667
247,25,11.1075
247,26,18.5
247,28,12.77
247,31,6.208888888888889
247,32,6.622941176470588
247,33,17.0175
247,35,17.517777777777777
247,36,12.803333333333333
247,37,16.28142857142857
247,39,18.45
247,41,2.8446835443037974
247,42,1.7494074074074073
247,43,3.6733333333333333
247,45,11.36125
247,46,11.196666666666667
247,47,2.5171739130434783
247,48,8.544166666666667
247,49,12.765
247,50,7.88
247,51,9.589615384615385
247,53,10.7
247,55,20.865
247,56,11.013333333333334
247,58,7.576666666666665
247,59,2.07
247,60,3.761153846153846
247,61,14.5275
247,62,14.955
247,63,16.252499999999998
247,65,12.943333333333333
247,66,13.280000000000001
247,68,8.736875
247,69,1.2854716981132075
247,70,9.35
247,71,17.7
247,72,17.692
247,73,13.68
247,74,2.737857142857143
247,75,4.0506
247,76,18.29375
247,77,14.6
247,78,4.053636363636364
247,79,9.766363636363637
247,80,11.304285714285713
247,81,9.2075
247,82,9.915555555555555
247,83,8.353333333333333
247,85,15.733333333333334
247,86,20.35
247,87,11.636923076923077
247,88,11.35125
247,89,17.72
247,90,8.82
247,91,20.58
247,92,9.525
247,93,9.71
247,94,2.9478947368421053
247,95,9.97
247,97,13.74625
247,98,13.4
247,100,8.448125000000001
247,102,16.4
247,106,14.285
247,107,9.128461538461538
247,108,26.0
247,112,11.44818181818182
247,113,11.7
247,114,10.006666666666668
247,116,1.6265957446808512
247,117,24.113333333333333
247,119,1.21796875
247,121,13.195
247,122,13.8
247,124,20.5
247,125,10.946666666666667
247,126,4.244230769230769
247,127,3.8071428571428574
247,128,4.81
247,129,7.761666666666667
247,130,14.340666666666667
247,131,14.3
247,132,16.86
247,134,11.963043478260868
247,135,12.664545454545454
247,136,3.472
247,137,8.4236
247,138,8.356428571428571
247,140,5.972333333333334
247,141,6.157894736842105
247,142,6.547916666666667
247,143,7.758
247,144,11.085
247,145,7.865833333333334
247,146,6.3742857142857146
247,147,2.34
247,148,11.37857142857143
247,151,4.8295
247,152,2.8059090909090907
247,153,4.9125
247,155,18.3
247,158,6.654999999999999
247,159,1.3855555555555557
247,160,13.32
247,161,7.630625
247,162,6.923333333333334
247,163,8.395454545454545
247,164,8.615333333333332
247,166,3.462222222222222
247,167,1.647391304347826
247,168,1.9289156626506023
247,169,2.426885245901639
247,170,9.07421052631579
247,171,9.8
247,173,9.436666666666667
247,174,6.266595744680852
247,177,15.052222222222222
247,179,5.024
247,180,18.869999999999997
247,181,12.622
247,182,5.9012
247,183,8.396
247,184,7.86
247,185,7.367142857142857
247,186,8.505
247,188,15.18
247,189,10.414
247,191,15.325
247,193,6.816
247,194,5.4
247,195,13.4
247,196,13.46
247,197,13.193636363636363
247,198,11.9775
247,200,8.055
247,202,8.094999999999999
247,203,19.8
247,205,17.876666666666665
247,208,7.154999999999999
247,209,12.040000000000001
247,210,30.4
247,211,11.723333333333334
247,212,4.406000000000001
247,213,5.7443243243243245
247,215,14.673333333333332
247,216,15.746666666666668
247,218,19.32
247,220,4.97
247,222,13.7
247,223,5.924444444444444
247,224,8.532499999999999
247,225,14.287
247,226,12.258888888888889
247,227,13.9
247,228,18.6
247,229,8.053684210526317
247,230,7.279375
247,231,10.985714285714286
247,232,9.92
247,233,7.9719999999999995
247,234,9.692727272727273
247,235,2.3806249999999998
247,236,4.5873684210526315
247,237,6.410500000000001
247,238,5.03
247,239,5.765882352941176
247,240,7.032222222222222
247,241,4.50578947368421
247,242,5.7768
247,243,3.3497619047619045
247,244,2.2763636363636364
247,246,8.7235
247,248,4.49
247,249,10.275
247,250,5.9665
247,252,10.651666666666666
247,254,7.842142857142857
247,255,13.245000000000001
247,256,11.806666666666667
247,258,15.5
247,259,8.595333333333334
247,260,7.343333333333334
247,261,11.873999999999999
247,262,4.57625
247,263,4.669473684210526
248,3,3.9659999999999997
248,4,9.5
248,7,7.50125
248,9,10.6
248,10,16.5
248,11,19.85
248,14,14.580000000000002
248,16,9.433333333333334
248,17,11.8
248,18,3.654736842105263
248,20,2.875384615384615
248,24,7.390000000000001
248,28,11.8
248,31,3.67
248,32,3.145
248,35,14.8
248,36,12.32
248,37,12.92
248,41,5.708333333333333
248,42,5.606444444444445
248,43,6.199999999999999
248,45,15.790000000000001
248,46,6.973333333333334
248,47,2.8354545454545454
248,48,11.363846153846152
248,49,14.825
248,50,11.022941176470587
248,51,5.990769230769231
248,53,6.66
248,55,25.8
248,56,10.24
248,59,1.0
248,60,1.2377777777777779
248,61,16.003333333333334
248,62,15.0
248,63,14.366666666666667
248,65,14.383333333333333
248,68,13.973333333333334
248,69,4.022962962962963
248,70,9.62
248,71,17.9
248,72,15.9
248,74,5.251363636363636
248,75,6.402608695652174
248,76,15.99
248,77,17.33
248,78,1.393846153846154
248,79,11.935
248,80,12.68
248,81,5.554166666666667
248,82,11.196666666666667
248,87,13.34
248,88,13.3
248,89,19.95
248,90,12.33
248,91,20.1
248,92,7.793333333333334
248,94,3.6012500000000003
248,95,10.215
248,98,10.4
248,100,10.879999999999999
248,107,11.4725
248,112,11.4
248,113,10.989999999999998
248,114,13.632
248,116,5.508823529411765
248,119,4.54
248,122,11.7
248,125,12.3
248,126,1.9233333333333333
248,127,5.38875
248,128,7.02
248,129,9.05
248,130,12.870625
248,131,11.6
248,134,16.7
248,135,10.21
248,136,4.396
248,137,10.289047619047619
248,139,15.6
248,140,8.321111111111112
248,141,7.696000000000001
248,142,10.359166666666667
248,143,10.915714285714285
248,144,13.023333333333333
248,145,9.48
248,146,9.166666666666666
248,147,2.1585714285714284
248,148,8.096666666666666
248,149,30.3
248,151,10.27
248,152,13.648
248,153,6.1933333333333325
248,158,13.5
248,159,3.9810526315789474
248,161,9.673
248,162,9.315
248,163,11.661666666666667
248,164,10.500909090909092
248,166,7.222631578947368
248,167,2.5285714285714285
248,168,3.853666666666667
248,169,2.916923076923077
248,170,10.976666666666667
248,171,5.8999999999999995
248,173,8.764999999999999
248,174,4.0035
248,177,15.073333333333332
248,181,11.55
248,182,1.2
248,183,3.8866666666666667
248,184,4.655
248,185,2.709
248,186,11.23
248,188,19.6
248,191,13.278
248,192,11.795
248,193,8.309999999999999
248,194,6.74
248,195,14.9
248,196,12.8
248,197,12.185
248,198,15.215
248,200,7.4366666666666665
248,201,23.9
248,203,16.6
248,205,14.307999999999998
248,208,3.7486666666666664
248,209,13.16
248,211,12.23
248,212,0.9242857142857143
248,213,2.832
248,216,14.297999999999998
248,218,15.1
248,220,6.526666666666666
248,223,7.460000000000001
248,225,14.0
248,226,9.195
248,228,18.253333333333334
248,229,8.709999999999999
248,230,9.687692307692307
248,231,17.079375
248,232,10.2
248,233,9.45
248,234,11.853529411764706
248,235,4.065333333333333
248,236,8.27727272727273
248,237,8.824
248,238,7.983750000000001
248,239,9.06625
248,240,5.156666666666666
248,241,4.884
248,242,2.0823529411764703
248,243,4.7536000000000005
248,244,5.008235294117647
248,246,11.806666666666667
248,247,4.333636363636364
248,249,10.95
248,250,1.9113333333333336
248,254,5.093999999999999
248,256,13.3
248,258,14.535999999999998
248,259,5.781000000000001
248,260,10.870000000000001
248,261,13.074285714285713
248,262,6.6
248,263,6.254
249,1,13.863431952662722
249,3,19.52
249,4,1.7089246619446232
249,5,22.31
249,6,13.555
249,7,7.186106194690265
249,8,9.075
249,9,15.395
249,11,11.339999999999998
249,12,2.599746835443038
249,13,1.9409589041095892
249,14,9.717857142857143
249,15,16.8
249,16,19.61
249,17,5.388489208633094
249,18,13.815714285714284
249,19,20.3
249,20,13.483125
249,21,11.408181818181818
249,22,11.91851851851852
249,23,17.66
249,24,5.923935742971888
249,25,4.159656488549618
249,26,8.59
249,28,12.750666666666666
249,29,14.347777777777777
249,31,14.603333333333333
249,32,15.377500000000001
249,33,3.728831417624521
249,34,4.749444444444444
249,35,8.312857142857142
249,36,6.58625
249,37,5.859135135135135
249,39,15.025714285714287
249,40,5.00873417721519
249,41,6.858233532934132
249,42,8.255650557620818
249,43,3.8034008097165994
249,44,27.91
249,45,1.797958387516255
249,46,20.5
249,47,11.4
249,48,2.4605820242080867
249,49,4.783333333333333
249,50,2.756719543147208
249,51,18.02
249,52,4.403169014084507
249,53,13.94
249,54,5.172142857142857
249,55,15.12142857142857
249,56,10.13655172413793
249,60,13.775
249,61,6.316100917431193
249,62,6.387052631578947
249,63,10.76
249,64,18.48
249,65,3.442378640776699
249,66,3.467218543046357
249,67,9.681111111111111
249,68,1.2322993384096868
249,69,10.740625
249,70,10.775454545454545
249,71,9.242727272727272
249,72,8.077777777777778
249,73,12.97
249,74,6.854930875576037
249,75,5.883353413654619
249,76,19.0
249,77,8.54
249,78,12.370000000000001
249,79,1.2428254319003615
249,80,4.980372340425531
249,81,20.5
249,82,8.64
249,83,7.52888888888889
249,84,22.51
249,85,8.485217391304348
249,87,2.422037215271094
249,88,2.755322033898305
249,89,8.327903225806452
249,90,0.903113810741688
249,91,10.29125
249,92,12.605714285714287
249,93,11.776666666666666
249,94,12.4625
249,95,10.96
249,97,4.058706896551724
249,98,13.239999999999998
249,100,1.6848362855609231
249,101,13.924999999999999
249,102,9.8125
249,106,5.348103448275862
249,107,1.4377390288670115
249,108,17.736
249,111,7.0
249,112,5.501343669250646
249,113,0.7698037735849056
249,114,0.8258385241974125
249,116,8.639468599033815
249,117,23.7
249,119,10.51
249,120,9.215
249,121,12.135
249,122,14.815000000000001
249,123,11.053999999999998
249,124,15.536666666666667
249,125,0.8481117764471058
249,126,11.412
249,127,11.401290322580644
249,128,11.223333333333334
249,129,8.844576271186442
249,130,14.225999999999999
249,131,16.583333333333332
249,132,18.83389189189189
249,133,7.919
249,134,13.158333333333333
249,135,16.336666666666666
249,136,12.396666666666667
249,137,2.0207519057519057
249,138,11.362623376623375
249,139,19.374000000000002
249,140,4.402761605035405
249,141,4.091497487437186
249,142,3.5055225522552256
249,143,3.648443067389621
249,144,1.2768419945297707
249,145,5.141520467836258
249,146,5.161063829787234
249,147,9.835
249,148,1.592392333709132
249,149,10.644
249,150,12.143333333333333
249,151,5.650258449304175
249,152,7.431014492753623
249,153,12.933333333333332
249,154,19.59
249,157,7.672777777777778
249,158,0.7191138872748403
249,159,9.435714285714285
249,160,8.649285714285714
249,161,2.408846153846154
249,162,2.7159591836734696
249,163,2.8239442567567568
249,164,1.5993954534099426
249,165,9.662222222222221
249,166,6.5677045454545455
249,167,12.2475
249,168,8.465
249,169,12.0725
249,170,2.0943939140611936
249,171,14.276
249,172,20.56
249,173,11.061818181818182
249,174,15.076666666666668
249,175,15.775
249,177,7.215000000000001
249,179,7.705211267605635
249,180,15.752
249,181,5.553539192399049
249,182,12.906666666666666
249,183,14.87
249,185,15.097999999999999
249,186,1.2685200635677394
249,188,6.838411214953271
249,189,5.043072289156626
249,190,6.12421052631579
249,191,18.2
249,193,5.678125
249,194,8.969999999999999
249,195,5.515744680851064
249,196,8.568181818181818
249,197,11.443999999999999
249,198,8.074464285714287
249,200,13.540588235294118
249,201,21.6
249,202,6.707999999999999
249,203,21.59
249,204,23.87
249,205,17.8
249,208,16.47
249,209,2.208355501813785
249,210,13.041666666666666
249,211,1.0061168732608146
249,213,12.5525
249,216,12.58
249,217,4.1925
249,218,16.2
249,220,12.48375
249,221,12.7
249,222,12.100000000000001
249,223,9.171287128712871
249,224,1.811367432150313
249,225,6.1890849673202615
249,226,6.659339622641509
249,227,8.428148148148148
249,228,7.30609375
249,229,3.272775024777007
249,230,2.2857533414337787
249,231,1.424937346596047
249,232,2.193478260869565
249,233,2.637230769230769
249,234,1.0675614418350627
249,235,11.1275
249,236,4.689904443382704
249,237,3.617149512918255
249,238,5.099294403892944
249,239,4.399220430107527
249,240,15.19
249,241,13.32
249,242,13.746666666666668
249,243,10.613788546255506
249,244,9.183702702702702
249,245,17.209999999999997
249,246,1.6756812093379259
249,247,10.388571428571428
249,248,13.545
249,250,11.955
249,251,14.62
249,252,14.853333333333333
249,254,13.59
249,255,4.558079207920792
249,256,3.898771593090211
249,257,7.350555555555555
249,258,13.285
249,259,15.285
249,260,7.9176190476190484
249,261,2.2740454222853086
249,262,5.317693920335429
249,263,5.075415662650602
250,3,3.283333333333333
250,4,12.34
250,7,9.326666666666666
250,10,23.6
250,13,14.9
250,17,14.75
250,18,4.27
250,20,3.727272727272727
250,21,19.0
250,22,21.2
250,24,9.65
250,31,1.6
250,32,3.5759999999999996
250,33,12.8
250,35,15.43
250,37,15.422857142857142
250,38,12.6
250,39,18.2
250,40,14.8
250,41,7.092333333333333
250,42,7.295272727272727
250,43,7.5
250,45,13.518333333333334
250,47,3.7138888888888886
250,48,12.21
250,50,11.842
250,51,4.9845
250,53,5.31
250,55,22.5
250,56,9.129999999999999
250,58,2.84
250,60,3.2514285714285713
250,61,15.306000000000001
250,62,17.8
250,63,12.9
250,66,16.86
250,68,13.616666666666667
250,69,4.971578947368421
250,71,17.9
250,73,6.79
250,74,6.46025641025641
250,75,7.109999999999999
250,76,19.03333333333333
250,77,25.43
250,78,3.2
250,79,11.685
250,80,13.0
250,81,5.001111111111111
250,82,9.983333333333334
250,83,9.425
250,85,19.6
250,86,20.0
250,87,14.743333333333334
250,88,13.86
250,89,16.742857142857144
250,90,12.838
250,91,18.1
250,92,6.8999999999999995
250,94,5.234444444444445
250,95,9.129999999999999
250,97,12.95
250,100,10.66
250,101,10.5
250,102,12.684999999999999
250,107,11.271428571428572
250,112,14.305
250,113,11.95
250,116,7.031764705882353
250,119,4.528571428571429
250,122,12.405000000000001
250,126,3.2953846153846156
250,127,6.761111111111111
250,128,7.21
250,129,9.48
250,130,11.55875
250,131,11.5
250,132,15.59
250,134,9.3
250,135,9.84
250,136,6.2325
250,137,11.064166666666667
250,138,9.39
250,140,8.3472
250,141,8.988
250,142,11.965
250,143,11.176
250,144,13.04
250,145,9.905
250,146,8.025555555555556
250,147,3.5745454545454547
250,148,17.9
250,151,8.790000000000001
250,152,7.05375
250,158,15.09
250,159,4.4375
250,160,10.6
250,161,10.452857142857143
250,162,10.918571428571429
250,163,11.051428571428572
250,164,11.030000000000001
250,166,8.72
250,167,3.7114285714285713
250,168,5.471290322580645
250,169,4.179166666666666
250,170,9.851
250,173,8.036666666666667
250,174,4.735263157894737
250,175,11.42
250,177,16.08
250,179,7.8
250,182,0.922
250,183,2.165
250,184,1.43
250,185,2.7684615384615388
250,186,12.732
250,188,20.3
250,191,16.9
250,192,8.14
250,195,19.4
250,196,8.3
250,197,12.795
250,198,14.026666666666666
250,200,9.386666666666667
250,202,10.485
250,205,13.3
250,208,1.993529411764706
250,209,13.61
250,210,26.046666666666667
250,212,1.5225
250,213,1.49
250,215,11.9
250,216,12.7475
250,218,18.735
250,219,22.2
250,220,6.947777777777778
250,223,7.5200000000000005
250,225,17.650000000000002
250,226,9.487142857142857
250,227,4.3
250,228,21.64
250,229,10.377500000000001
250,230,11.85125
250,231,14.018
250,232,12.700000000000001
250,233,9.978181818181818
250,234,11.721428571428572
250,235,4.897
250,236,7.893571428571429
250,237,9.628333333333332
250,238,9.25625
250,239,10.355
250,240,6.555
250,241,6.455555555555556
250,242,1.4888
250,243,5.821428571428571
250,244,6.080263157894737
250,246,13.186666666666667
250,247,5.536
250,248,1.288181818181818
250,249,12.295
250,252,4.73
250,254,5.500909090909091
250,255,13.865
250,258,13.586666666666666
250,259,6.839999999999999
250,260,10.3
250,262,8.32
250,263,7.625
251,1,11.5
251,6,4.14
251,14,7.300000000000001
251,132,26.42
251,145,18.02
251,161,18.270000000000003
251,162,21.46
251,209,13.55
251,227,8.62
251,228,8.4
251,231,14.96
252,7,7.8069999999999995
252,9,4.523333333333333
252,10,9.7925
252,14,29.15
252,15,3.2310000000000003
252,16,3.641818181818182
252,17,12.41
252,18,12.32
252,19,7.75
252,20,7.0
252,22,23.18
252,33,14.71
252,34,12.58
252,35,11.36
252,36,9.02
252,37,12.57
252,38,10.516666666666666
252,39,13.771428571428572
252,41,10.05
252,42,10.43
252,45,14.125
252,48,11.15
252,49,13.11
252,50,14.6
252,51,7.4366666666666665
252,53,1.9984615384615385
252,55,23.91
252,56,5.32125
252,57,3.9
252,60,7.45
252,61,12.7
252,62,13.89
252,63,11.18
252,64,5.59
252,66,11.4
252,68,7.3
252,69,10.45
252,70,3.5749999999999997
252,71,14.22
252,73,2.085
252,74,9.9
252,75,11.729999999999999
252,76,11.22
252,77,10.825
252,78,7.1
252,79,12.8
252,80,9.29
252,81,7.9
252,82,6.033333333333334
252,83,7.506
252,86,15.37
252,90,12.996666666666668
252,92,2.9654545454545453
252,93,5.36
252,94,7.6
252,95,6.538333333333334
252,97,14.14
252,98,4.793333333333333
252,101,8.205
252,107,17.19
252,112,6.0
252,114,14.655
252,116,10.81
252,117,17.95
252,119,10.725
252,121,7.155
252,122,8.68
252,125,12.559999999999999
252,126,7.7
252,129,6.588666666666667
252,130,8.032499999999999
252,131,8.84
252,132,11.344999999999999
252,134,6.720000000000001
252,135,7.066
252,136,8.100000000000001
252,137,13.273333333333333
252,138,2.98
252,140,14.515
252,141,11.465
252,142,14.95
252,143,18.02
252,144,16.845
252,145,10.65
252,148,12.91
252,157,7.3925
252,158,13.9
252,159,8.41
252,160,6.45
252,161,14.5
252,162,13.035
252,163,12.445
252,166,13.93
252,167,8.219999999999999
252,168,8.95
252,169,9.5
252,170,12.24
252,171,1.993846153846154
252,173,4.411666666666666
252,174,8.466666666666667
252,175,6.4350000000000005
252,177,10.870000000000001
252,179,7.495
252,181,17.51
252,186,12.495
252,188,16.38
252,191,8.8775
252,192,4.6175
252,193,10.69
252,196,6.8149999999999995
252,197,8.103333333333333
252,198,10.625
252,200,12.1
252,202,7.91
252,205,10.263333333333334
252,208,4.3999999999999995
252,209,17.15
252,210,19.3
252,211,13.9
252,213,8.5
252,216,7.7
252,218,13.9
252,219,12.51
252,223,6.926153846153847
252,225,12.106666666666667
252,226,10.69
252,229,11.965
252,230,13.065000000000001
252,233,10.95
252,234,11.3
252,236,9.4
252,237,12.030000000000001
252,239,10.7
252,241,10.83
252,242,5.0
252,243,10.06
252,244,11.68
252,249,14.0
252,255,11.15
252,258,9.44
252,262,6.2
252,263,13.29
253,7,4.58
253,16,2.4966666666666666
253,21,21.1
253,28,5.5
253,37,9.72
253,92,4.07
253,93,2.215
253,94,13.78
253,101,12.38
253,102,8.01
253,113,11.84
253,119,11.17
253,129,1.96
253,130,8.17
253,132,9.76
253,135,5.59
253,145,8.64
253,177,10.5
253,191,9.33
253,197,8.28
253,203,13.22
253,215,8.91
253,227,16.86
253,234,12.09
253,244,11.49
253,252,3.515
253,258,7.53
253,260,4.57
254,3,1.506470588235294
254,4,16.3375
254,7,11.555555555555555
254,10,17.91
254,13,17.266666666666666
254,15,9.9
254,17,18.14
254,18,4.712580645161291
254,20,3.526818181818182
254,21,26.4
254,24,11.424999999999999
254,25,17.533333333333335
254,28,14.626666666666665
254,29,26.4
254,31,3.978
254,32,2.1153846153846154
254,33,17.072727272727274
254,34,1.0
254,35,17.77466666666667
254,36,15.7
254,37,17.383333333333336
254,39,21.549999999999997
254,40,20.1
254,41,9.28295081967213
254,42,8.71056179775281
254,43,11.7
254,45,16.2
254,46,6.34
254,47,5.2441176470588236
254,48,14.507096774193549
254,49,11.35
254,50,14.495714285714286
254,51,2.5983333333333336
254,53,9.54375
254,55,27.683333333333334
254,56,14.335
254,58,16.445
254,60,4.853076923076923
254,61,18.624166666666667
254,62,19.299999999999997
254,63,19.57
254,65,16.14
254,68,14.811538461538463
254,69,6.8915999999999995
254,70,11.756666666666666
254,71,18.759999999999998
254,72,21.1375
254,74,9.433777777777777
254,75,10.115142857142857
254,76,18.387999999999998
254,77,19.75
254,78,4.257142857142857
254,79,13.9625
254,80,18.575
254,81,1.5737142857142856
254,82,12.875
254,83,15.61
254,85,19.9
254,86,23.625
254,87,16.226666666666667
254,89,23.428571428571427
254,90,15.033333333333333
254,91,26.926666666666666
254,92,9.446153846153846
254,94,3.633076923076923
254,95,12.25
254,97,17.864285714285717
254,100,14.79090909090909
254,101,24.9
254,107,13.590000000000002
254,113,14.780000000000001
254,114,13.3
254,116,8.663461538461538
254,117,25.633333333333336
254,119,7.7211428571428575
254,120,4.7
254,121,14.01
254,122,15.0
254,126,6.502258064516129
254,127,5.0616666666666665
254,129,13.6
254,130,15.725
254,131,16.7
254,134,19.166666666666668
254,135,14.4
254,136,4.265714285714286
254,137,13.125384615384615
254,139,17.4
254,140,11.868571428571428
254,141,11.295454545454545
254,142,13.354444444444445
254,143,13.69076923076923
254,144,14.5
254,145,13.940000000000001
254,146,12.47
254,147,6.684285714285714
254,148,16.75
254,149,27.1
254,151,11.837222222222222
254,152,9.779230769230768
254,153,4.0912500000000005
254,154,29.5
254,155,9.1
254,159,7.777857142857143
254,161,13.72875
254,162,13.324000000000002
254,163,13.641666666666666
254,164,14.5
254,166,9.484210526315788
254,167,5.818846153846153
254,168,8.012857142857143
254,169,4.913333333333333
254,170,13.833333333333334
254,171,10.1
254,173,14.5
254,174,2.475614035087719
254,177,18.5125
254,179,10.747499999999999
254,180,17.685000000000002
254,181,18.4125
254,182,4.932307692307693
254,183,3.421666666666667
254,184,3.005
254,185,2.9497297297297296
254,186,15.265555555555554
254,188,14.933333333333332
254,191,15.328
254,193,11.0
254,194,9.178
254,195,21.200000000000003
254,197,14.628958333333332
254,198,14.4
254,200,5.091666666666667
254,201,23.4
254,203,17.7
254,205,16.524
254,208,5.84125
254,209,16.1
254,210,23.1
254,211,14.5
254,212,5.125263157894737
254,213,5.732121212121212
254,215,16.89
254,216,12.22
254,218,20.077777777777776
254,219,19.8
254,220,4.2188888888888885
254,222,19.65
254,223,10.9
254,224,14.2
254,225,17.638461538461538
254,226,15.821428571428571
254,228,16.46
254,229,10.175
254,230,14.193125
254,231,16.288
254,232,15.34
254,233,14.146666666666668
254,234,15.327692307692306
254,235,5.71
254,236,11.906666666666666
254,237,13.373333333333333
254,238,12.572
254,239,12.428333333333333
254,240,1.96
254,241,3.785
254,242,3.799069767441861
254,243,6.583157894736842
254,244,7.9026
254,246,15.645555555555555
254,247,6.213333333333334
254,248,4.675
254,249,15.983333333333334
254,250,6.167222222222223
254,252,9.885000000000002
254,255,16.11
254,257,10.0
254,259,2.1744444444444446
254,260,4.0
254,261,17.625714285714285
254,262,13.207777777777778
254,263,10.268
255,1,16.498333333333335
255,4,2.9075862068965517
255,7,5.175508021390374
255,8,6.81
255,9,10.358333333333333
255,10,12.3175
255,11,11.96625
255,13,5.700655737704918
255,14,10.294821428571428
255,15,13.47
255,16,13.038999999999998
255,17,2.5537244897959184
255,18,15.13
255,19,14.45
255,20,15.221666666666666
255,21,12.409
255,22,11.6725
255,24,8.622222222222222
255,25,4.031167883211679
255,26,9.443333333333333
255,27,24.71
255,28,10.229166666666666
255,29,16.79
255,32,14.48
255,33,3.843649635036497
255,34,2.1726470588235296
255,35,5.486000000000001
255,36,2.979294117647059
255,37,2.64117048346056
255,38,17.573333333333334
255,39,9.732857142857142
255,40,5.057321428571428
255,41,9.67275
255,42,10.516216216216216
255,43,6.288571428571429
255,45,3.4655813953488375
255,47,14.025
255,48,5.851583333333334
255,49,2.7910404624277456
255,50,6.051842105263158
255,51,18.57
255,52,4.821212121212121
255,53,10.805
255,54,4.983636363636363
255,55,15.284210526315789
255,56,6.804736842105263
255,58,16.33
255,60,14.14
255,61,3.6439312977099236
255,62,4.305322580645162
255,63,5.746666666666666
255,64,13.55
255,65,3.40017094017094
255,66,3.535378787878788
255,67,9.223846153846154
255,68,5.34546762589928
255,69,11.21
255,70,8.146
255,71,6.45695652173913
255,72,6.351666666666667
255,73,10.0225
255,74,9.023611111111112
255,75,7.463673469387755
255,76,6.4513043478260865
255,77,6.319
255,78,13.733333333333333
255,79,3.11155672823219
255,80,1.3687847222222222
255,82,5.282285714285714
255,83,4.789677419354838
255,85,6.367916666666667
255,86,20.39
255,87,4.788089887640449
255,88,5.36375
255,89,7.892142857142857
255,90,4.823597122302158
255,91,10.621
255,92,9.995000000000001
255,93,7.583333333333333
255,94,13.874
255,95,7.401395348837209
255,97,3.217483443708609
255,98,11.760000000000002
255,100,5.049705882352941
255,101,15.06
255,102,4.974285714285715
255,106,5.10125
255,107,4.0890625
255,108,14.514
255,112,1.2224152542372881
255,113,3.884945054945055
255,114,4.058083333333333
255,115,15.47
255,116,12.007142857142858
255,119,2.3
255,121,9.56857142857143
255,122,12.49
255,123,11.251999999999999
255,124,14.3975
255,125,3.9225
255,126,9.8
255,127,13.777000000000001
255,129,5.4692
255,130,10.53
255,131,11.665
255,132,15.065384615384616
255,133,8.371176470588235
255,134,9.456666666666667
255,135,9.9275
255,136,14.24
255,137,4.3393814432989695
255,138,7.752753623188405
255,140,5.358037383177569
255,141,5.310214285714285
255,142,6.358809523809524
255,143,6.530833333333334
255,144,3.111783439490446
255,145,2.6490797546012272
255,146,3.485
255,147,10.0
255,148,2.7519858156028367
255,149,10.4075
255,150,15.594999999999999
255,151,8.646666666666667
255,152,12.15181818181818
255,153,15.52
255,155,10.872222222222222
255,156,18.189999999999998
255,157,3.1156923076923078
255,158,4.818831168831169
255,159,11.36
255,160,5.321904761904762
255,161,5.145753424657534
255,162,4.914571428571429
255,163,5.955671641791045
255,164,4.548387096774194
255,165,10.237272727272726
255,166,9.93689655172414
255,167,11.342500000000001
255,168,9.725
255,169,13.9225
255,170,4.511084337349398
255,171,11.122
255,173,7.150499999999999
255,174,16.4
255,175,11.773333333333333
255,177,4.317708333333333
255,178,10.736
255,179,5.936911764705882
255,180,11.681000000000001
255,181,5.157093023255814
255,182,14.454999999999998
255,183,17.763333333333332
255,185,15.223333333333334
255,186,4.904657534246575
255,188,5.334152542372881
255,189,3.7278640776699032
255,190,5.381666666666667
255,191,14.426666666666668
255,192,8.674
255,193,3.383125
255,194,10.16
255,195,5.54375
255,196,5.24
255,197,10.32
255,198,3.3768263473053888
255,200,16.68
255,201,24.08
255,202,4.156153846153846
255,203,20.21
255,205,14.61
255,209,4.425000000000001
255,210,15.37125
255,211,3.4565420560747664
255,212,12.69
255,213,13.228
255,216,11.2775
255,217,1.301904761904762
255,218,15.45
255,219,10.1
255,220,16.46166666666667
255,221,15.81
255,222,11.263333333333334
255,223,6.539404761904761
255,224,3.7052500000000004
255,225,2.8351785714285715
255,226,3.3194117647058823
255,227,8.467272727272729
255,228,7.526290322580645
255,229,5.09554347826087
255,230,5.693661971830986
255,231,4.276647398843931
255,232,2.735816993464052
255,233,4.42671052631579
255,234,4.504953271028037
255,235,15.553333333333335
255,236,6.644197530864197
255,237,5.530327868852459
255,238,7.765483870967741
255,239,7.112021276595744
255,241,13.794999999999998
255,242,16.206666666666667
255,243,13.69157894736842
255,244,12.898611111111112
255,246,5.716666666666667
255,247,10.82
255,248,12.325
255,249,4.1906703910614524
255,250,15.35
255,252,12.27
255,254,17.57166666666667
255,256,0.9011442786069651
255,257,7.404230769230769
255,258,9.107777777777777
255,259,17.95
255,260,4.636315789473684
255,261,5.574794520547945
255,262,6.2783146067415725
255,263,6.2865714285714285
256,1,18.762
256,4,2.4365753424657535
256,7,6.3121
256,8,7.97
256,9,11.030000000000001
256,10,13.06
256,11,11.906666666666666
256,12,4.505000000000001
256,13,4.821702127659575
256,14,10.131428571428572
256,16,15.89
256,17,1.8739779005524861
256,18,17.138333333333332
256,19,13.972
256,20,16.118000000000002
256,21,11.683333333333334
256,22,9.644545454545455
256,23,14.5
256,24,9.211666666666666
256,25,3.505247524752475
256,26,8.53
256,28,10.383529411764707
256,29,14.555
256,31,16.79
256,33,3.4433333333333334
256,34,1.4529411764705882
256,35,5.095
256,36,2.6785064935064935
256,37,2.3263070539419086
256,38,14.92
256,39,6.775
256,40,4.7783999999999995
256,41,10.591818181818182
256,42,10.636875
256,43,6.723684210526316
256,45,2.9746341463414634
256,46,18.1
256,47,14.63
256,48,6.321976744186047
256,49,2.200736842105263
256,50,6.775666666666667
256,51,17.4
256,52,3.960869565217391
256,53,11.553333333333333
256,54,4.613333333333333
256,55,15.053999999999998
256,56,7.023157894736842
256,57,9.86
256,60,13.113333333333335
256,61,3.1269101123595506
256,62,3.522857142857143
256,63,6.0360000000000005
256,64,14.243333333333334
256,65,2.808108108108108
256,66,2.947931034482759
256,67,9.57625
256,68,5.141801801801802
256,69,11.888333333333334
256,70,8.115
256,71,5.173333333333334
256,72,5.008181818181818
256,73,11.785
256,74,9.628846153846153
256,75,8.439142857142857
256,76,7.171351351351352
256,77,5.161538461538461
256,78,13.996666666666666
256,79,2.687095588235294
256,80,1.3045177664974619
256,81,17.6025
256,82,5.856296296296296
256,83,5.028333333333333
256,85,5.637727272727273
256,86,19.965
256,87,3.963798449612403
256,88,4.802820512820513
256,89,7.539672131147541
256,90,4.334393939393939
256,91,7.978421052631579
256,92,9.758333333333333
256,93,9.772
256,94,13.85
256,95,8.267894736842106
256,96,7.623333333333334
256,97,2.6103225806451613
256,98,11.26
256,100,5.299714285714286
256,102,5.894
256,106,4.511071428571428
256,107,3.6338970588235293
256,108,11.350000000000001
256,111,7.58
256,112,1.613469387755102
256,113,3.403623188405797
256,114,3.0754736842105266
256,116,12.331904761904761
256,117,20.488571428571426
256,119,12.32
256,120,13.486666666666666
256,121,10.926666666666668
256,122,11.3
256,123,9.1325
256,124,12.375
256,125,3.313
256,126,11.35
256,127,14.62142857142857
256,129,5.7780000000000005
256,130,11.575909090909091
256,131,12.253333333333332
256,132,14.724273504273505
256,133,8.123333333333333
256,134,9.626
256,135,11.873999999999999
256,136,15.926666666666668
256,137,4.539784946236559
256,138,8.20974025974026
256,139,19.445
256,140,6.153538461538462
256,141,6.0329113924050635
256,142,7.186122448979592
256,143,7.371052631578948
256,144,2.5804580152671757
256,145,3.243030303030303
256,146,4.257037037037037
256,147,12.253333333333332
256,148,2.443362831858407
256,149,10.888571428571428
256,150,16.766
256,151,10.049545454545454
256,152,12.30090909090909
256,155,10.238
256,157,3.2938297872340425
256,158,4.126458333333333
256,159,11.055714285714286
256,160,4.9192307692307695
256,161,5.692142857142857
256,162,5.345901639344262
256,163,6.495416666666667
256,164,4.972142857142858
256,165,10.192499999999999
256,166,10.706153846153846
256,167,12.283333333333333
256,168,9.8376
256,169,13.866999999999999
256,170,4.8097938144329895
256,171,11.44125
256,172,15.6
256,173,8.502857142857144
256,174,17.072
256,175,13.04
256,177,3.732571428571428
256,178,9.432857142857143
256,179,6.824651162790698
256,180,10.038333333333334
256,181,4.471653543307086
256,182,15.02
256,183,17.65
256,186,4.720405405405406
256,188,4.8198823529411765
256,189,3.0646153846153843
256,190,3.678181818181818
256,191,14.9575
256,192,8.976666666666667
256,193,4.05
256,195,5.072105263157895
256,196,6.245384615384615
256,197,8.517272727272728
256,198,3.349051724137931
256,200,16.2
256,201,23.6
256,202,4.53
256,203,18.21
256,205,14.085
256,208,15.703333333333333
256,209,3.4833333333333334
256,210,14.515555555555554
256,211,3.0565263157894735
256,212,10.91
256,213,17.41
256,214,13.17
256,215,11.9675
256,216,11.756470588235295
256,217,0.8486046511627907
256,218,14.1
256,219,15.425999999999998
256,220,16.4175
256,221,12.15
256,222,6.3742857142857146
256,223,7.024468085106382
256,224,3.0816000000000003
256,225,2.3825624999999997
256,226,3.7926744186046513
256,227,7.951428571428571
256,228,7.118771929824561
256,229,5.552985074626866
256,230,5.923508771929824
256,231,3.449904761904762
256,232,2.15952
256,233,4.977027027027027
256,234,4.023883495145631
256,235,11.768
256,236,7.444423076923077
256,237,6.2619298245614035
256,238,8.958695652173914
256,239,7.626730769230769
256,241,15.587499999999999
256,242,14.283333333333333
256,243,14.304285714285713
256,244,13.262105263157896
256,245,16.78
256,246,5.631525423728814
256,247,12.7475
256,248,12.760000000000002
256,249,3.718909090909091
256,250,12.236666666666666
256,252,12.723333333333334
256,253,8.92
256,254,17.115000000000002
256,255,0.9695752895752896
256,257,8.204615384615384
256,258,8.49846153846154
256,259,18.873333333333335
256,260,4.98764705882353
256,261,4.592549019607843
256,262,6.827692307692307
256,263,7.316212121212121
257,7,13.484
257,11,3.7
257,12,4.6
257,13,12.649999999999999
257,14,4.963888888888889
257,17,4.475
257,21,4.022
257,22,4.298
257,25,3.3553333333333333
257,26,2.26125
257,33,3.8266666666666667
257,34,3.8
257,35,4.51375
257,36,6.653999999999999
257,37,6.56125
257,39,3.7433333333333336
257,40,2.6725
257,41,15.504
257,42,15.503333333333332
257,45,5.9
257,48,9.353333333333333
257,49,3.515
257,50,10.16
257,52,3.275
257,54,3.145
257,55,8.35625
257,61,3.3252941176470587
257,62,3.086
257,63,5.975
257,65,4.285
257,66,4.482
257,67,4.115
257,68,7.984
257,71,2.6740000000000004
257,72,3.3
257,75,12.581999999999999
257,76,6.260000000000001
257,77,4.745
257,79,8.0325
257,80,6.9433333333333325
257,82,11.976
257,85,1.3199999999999998
257,87,5.585
257,88,4.9
257,89,1.6500000000000001
257,90,8.2
257,91,3.6233333333333335
257,92,15.18125
257,94,20.45
257,97,3.4384615384615387
257,100,8.1
257,102,10.23
257,106,2.1966666666666668
257,107,8.501428571428573
257,108,7.685
257,111,0.64
257,112,7.736666666666666
257,113,7.903999999999999
257,114,6.2
257,123,3.8716666666666666
257,124,13.7
257,130,18.16
257,131,26.1
257,132,12.72
257,133,1.5054545454545454
257,134,9.7
257,136,18.63
257,137,9.638
257,138,13.323333333333332
257,140,10.343684210526316
257,141,11.69
257,142,12.38
257,143,9.835
257,144,6.467142857142858
257,145,10.366666666666667
257,148,7.252000000000001
257,149,4.7
257,152,12.1
257,155,4.9375
257,157,11.04
257,158,7.255
257,160,13.09
257,161,11.45375
257,162,9.591
257,163,11.482142857142858
257,164,8.795
257,165,2.895
257,170,9.772
257,171,15.275714285714287
257,174,22.78
257,177,4.09
257,178,2.37
257,179,15.075
257,181,2.1107692307692307
257,186,7.466666666666666
257,188,1.8723809523809525
257,189,2.34
257,190,1.07
257,195,3.2366666666666664
257,196,11.8025
257,197,10.47
257,198,10.5175
257,200,20.3
257,201,19.03
257,203,19.2
257,209,6.09
257,210,5.8133333333333335
257,211,6.19
257,215,12.4
257,216,15.57
257,220,17.74
257,222,5.65
257,224,8.5425
257,225,5.24
257,226,11.093
257,227,2.5714285714285716
257,228,2.371111111111111
257,229,11.3
257,230,10.4
257,231,5.892631578947369
257,232,7.08
257,233,9.635
257,234,7.8500000000000005
257,235,17.58
257,236,11.945
257,237,12.138
257,238,11.558333333333334
257,239,10.492
257,241,21.134999999999998
257,244,16.356666666666666
257,246,8.253888888888888
257,249,7.513333333333334
257,255,7.6125
257,256,7.025
257,258,7.89
257,259,22.7
257,260,13.38
257,261,5.2675
257,262,13.49
257,263,12.1
258,4,9.5
258,7,10.096470588235293
258,9,9.353333333333333
258,10,4.410714285714286
258,11,14.904
258,13,16.23
258,14,18.448333333333334
258,15,13.17
258,16,10.851666666666667
258,17,5.9879999999999995
258,18,18.308
258,20,18.01
258,21,16.5675
258,22,15.754999999999999
258,24,28.5
258,25,7.895
258,28,4.299375
258,29,12.216
258,30,5.925
258,33,13.4
258,34,10.98
258,35,4.173809523809524
258,36,4.024761904761904
258,37,4.9075
258,38,9.353333333333333
258,39,5.413333333333333
258,41,11.42
258,42,13.633333333333333
258,43,16.259999999999998
258,45,9.6875
258,47,17.35
258,48,11.175
258,49,6.736
258,50,8.77142857142857
258,51,15.1
258,53,9.14
258,55,13.935
258,56,6.1015
258,57,7.78
258,60,14.066666666666668
258,61,5.172571428571429
258,62,6.384285714285714
258,63,1.4902985074626864
258,64,12.175
258,65,8.908333333333333
258,66,14.49
258,67,14.280000000000001
258,68,12.268333333333333
258,69,13.7
258,70,8.459999999999999
258,71,6.454000000000001
258,72,5.727142857142858
258,73,7.6075
258,74,10.334999999999999
258,75,13.155
258,76,2.3946987951807226
258,77,3.9425
258,78,16.025
258,79,10.966666666666667
258,80,5.873333333333333
258,81,16.169999999999998
258,82,4.114761904761904
258,83,4.554444444444445
258,85,6.1
258,86,11.005
258,87,15.0
258,88,11.889
258,89,9.235333333333333
258,90,10.2
258,91,8.32
258,92,7.230476190476191
258,93,5.171666666666667
258,94,17.44
258,95,3.029137931034483
258,96,1.1466666666666667
258,97,7.816
258,98,7.433333333333334
258,100,11.27
258,101,12.115
258,102,1.8533333333333333
258,106,7.936666666666667
258,107,10.8645
258,108,13.83
258,112,7.3870000000000005
258,113,11.185
258,116,16.186666666666667
258,117,9.50125
258,119,16.565
258,121,5.541666666666667
258,122,8.248000000000001
258,123,11.398571428571428
258,124,2.509130434782609
258,126,13.4
258,127,18.229999999999997
258,128,16.1
258,129,7.307941176470588
258,130,3.655689655172414
258,131,6.88
258,132,4.211176470588235
258,133,7.4
258,134,2.676153846153846
258,135,4.473000000000001
258,136,17.6
258,137,10.415714285714285
258,139,7.59
258,140,10.754
258,141,9.6
258,142,10.15
258,143,11.8
258,145,8.9575
258,146,8.361
258,147,14.6725
258,149,10.765
258,151,11.2
258,152,18.49
258,154,8.6
258,155,8.382000000000001
258,157,5.5633333333333335
258,159,14.443999999999999
258,160,2.9105882352941173
258,161,12.065555555555555
258,162,10.262
258,163,12.627500000000001
258,164,10.5325
258,165,11.7675
258,166,15.545
258,167,18.619999999999997
258,168,15.1
258,169,14.97
258,170,8.95
258,171,9.020000000000001
258,173,7.027083333333334
258,175,10.47
258,177,3.7975
258,179,12.1625
258,180,1.338888888888889
258,181,7.327777777777778
258,182,12.8
258,185,14.910000000000002
258,186,9.833333333333334
258,188,6.14
258,189,6.8775
258,191,8.547777777777776
258,192,5.97
258,195,8.58
258,196,3.602727272727273
258,197,1.9032432432432433
258,198,3.3629729729729734
258,201,8.370000000000001
258,202,9.43
258,203,8.040000000000001
258,205,6.604285714285715
258,208,12.49
258,209,12.594999999999999
258,210,10.47625
258,211,12.75
258,212,14.086666666666666
258,213,14.15
258,215,4.328
258,216,2.196307692307692
258,217,10.245
258,218,6.2
258,219,6.484285714285714
258,220,17.7
258,221,17.8
258,222,4.403333333333333
258,223,11.2875
258,225,5.39
258,226,7.347575757575758
258,227,17.349999999999998
258,228,16.98923076923077
258,229,10.36
258,230,10.89111111111111
258,231,10.610526315789473
258,232,9.97
258,233,9.895
258,234,10.805
258,236,11.58
258,237,11.096666666666668
258,238,11.620000000000001
258,239,11.79
258,241,21.46
258,242,13.7
258,243,16.955
258,244,17.33111111111111
258,246,10.79
258,247,14.5
258,248,12.3
258,249,11.7525
258,250,13.82
258,252,9.626666666666667
258,253,7.03
258,254,18.54
258,255,7.6075
258,256,8.932500000000001
258,260,7.0756250000000005
258,261,15.9
258,262,12.25
258,263,15.8
259,3,3.4076190476190478
259,4,15.9
259,7,12.633333333333333
259,12,19.2
259,13,16.3
259,14,25.46666666666667
259,15,11.0
259,16,13.53
259,17,17.18
259,18,4.171052631578948
259,20,4.74875
259,24,11.9025
259,25,11.5
259,31,3.36
259,32,3.57
259,35,19.4
259,36,17.426666666666666
259,37,19.96666666666667
259,39,20.4
259,41,10.051034482758622
259,42,8.677543859649123
259,43,11.9
259,45,17.675
259,47,6.8707142857142856
259,48,15.052142857142856
259,49,15.1
259,50,14.553333333333333
259,51,2.6685416666666666
259,55,26.275
259,56,15.22
259,60,6.705
259,61,20.316666666666666
259,63,16.6
259,65,20.0
259,68,15.118181818181819
259,69,7.503888888888889
259,72,21.15
259,74,9.876551724137931
259,75,10.7796875
259,76,19.085714285714285
259,77,20.666666666666668
259,78,4.655454545454545
259,79,16.82
259,80,17.866666666666664
259,81,3.553913043478261
259,82,15.885
259,85,23.05
259,86,24.866666666666664
259,87,17.4
259,90,14.9
259,91,24.11428571428571
259,92,12.3
259,93,17.2
259,94,5.0808333333333335
259,95,16.5
259,97,17.4
259,98,12.7
259,100,15.541666666666666
259,102,17.8
259,107,17.326666666666668
259,112,17.46
259,113,18.0
259,114,17.21
259,116,7.884285714285714
259,117,22.5
259,119,7.9366666666666665
259,121,15.54
259,125,21.0
259,126,7.6525
259,127,8.004666666666667
259,128,5.0
259,129,14.19
259,130,14.708181818181817
259,131,15.55
259,132,20.81
259,136,5.0600000000000005
259,137,15.9625
259,139,19.2
259,140,12.622325581395348
259,141,13.008333333333333
259,142,13.421666666666667
259,143,12.785
259,144,16.745
259,145,14.25
259,147,7.95
259,148,15.75
259,149,30.29
259,150,6.4
259,151,11.020000000000001
259,152,9.5
259,153,4.62
259,157,15.64
259,158,15.9
259,159,9.123846153846154
259,161,15.271666666666667
259,162,13.3
259,163,13.7
259,164,15.523333333333333
259,166,10.234210526315788
259,167,7.216428571428572
259,168,9.613214285714287
259,169,6.28625
259,170,14.625
259,174,2.8677777777777775
259,177,19.863333333333333
259,178,22.65
259,179,14.2
259,181,21.677500000000002
259,182,5.732857142857143
259,183,4.745
259,185,4.2440625
259,186,15.023809523809524
259,188,22.725
259,191,14.88
259,193,13.0
259,197,15.0
259,198,17.900000000000002
259,200,4.22
259,201,27.0
259,203,18.5
259,205,18.97625
259,208,7.210555555555555
259,209,17.066666666666666
259,210,20.3
259,212,5.3225
259,213,7.215416666666666
259,215,16.903333333333332
259,216,19.450000000000003
259,218,20.133333333333333
259,220,3.7531250000000003
259,222,26.5
259,223,12.815
259,225,16.625
259,226,16.1
259,228,9.8
259,229,13.516666666666666
259,230,12.715714285714284
259,231,17.18235294117647
259,232,15.633333333333333
259,233,14.299999999999999
259,234,14.766666666666666
259,235,8.100666666666667
259,236,11.408333333333333
259,238,11.954
259,240,1.8809999999999998
259,241,3.8383333333333334
259,242,4.938260869565218
259,243,7.588571428571428
259,244,8.347
259,246,17.22
259,247,8.320666666666666
259,248,5.94375
259,249,16.3
259,250,6.423333333333334
259,252,9.8
259,254,1.588108108108108
259,255,19.72
259,256,17.0
259,257,22.9
259,258,20.42
259,260,13.557999999999998
259,261,14.6525
259,262,10.463333333333333
259,263,11.21
260,1,24.223333333333333
260,3,12.0
260,4,7.07
260,7,1.8156555269922878
260,8,2.1
260,9,9.715714285714286
260,10,10.17
260,11,17.96
260,13,10.743333333333334
260,14,13.645
260,15,9.98
260,16,10.45
260,17,6.499583333333334
260,18,12.559999999999999
260,19,12.74
260,20,11.513
260,21,17.573333333333334
260,22,14.724545454545455
260,24,8.7
260,25,9.178571428571429
260,26,13.335
260,28,9.366428571428571
260,29,18.37
260,31,10.145
260,32,3.2
260,33,7.352222222222222
260,34,5.8
260,35,9.726666666666667
260,36,3.78
260,37,5.445294117647059
260,38,12.850000000000001
260,39,11.0
260,40,8.231428571428571
260,41,7.199999999999999
260,42,6.812173913043479
260,43,5.2525
260,45,8.4725
260,47,8.344999999999999
260,48,6.180434782608696
260,49,6.2588888888888885
260,50,7.0075
260,51,14.1
260,52,9.0
260,53,7.347916666666666
260,55,16.0625
260,56,4.359999999999999
260,57,4.83
260,60,7.845
260,61,7.2844444444444445
260,62,7.9750000000000005
260,63,10.266666666666667
260,64,13.195
260,65,6.941818181818181
260,66,7.415000000000001
260,67,14.66
260,68,6.5675
260,69,7.932499999999999
260,70,3.3901923076923075
260,71,11.725000000000001
260,72,14.84
260,73,7.497647058823529
260,74,6.208260869565217
260,75,6.401891891891892
260,76,10.987777777777778
260,77,13.48
260,78,9.341666666666667
260,79,5.857777777777778
260,80,3.814222222222222
260,82,2.003443396226415
260,83,1.2689565217391305
260,85,10.6125
260,87,9.01
260,88,9.401666666666666
260,89,12.035
260,90,6.5183333333333335
260,91,13.950000000000001
260,92,6.1465000000000005
260,93,6.466666666666666
260,94,10.9475
260,95,4.983939393939394
260,96,7.976666666666667
260,97,7.637727272727273
260,98,8.524999999999999
260,100,5.485833333333333
260,101,16.32
260,102,5.633529411764705
260,106,7.0
260,107,5.6770000000000005
260,112,3.7507407407407407
260,113,6.843999999999999
260,114,7.371428571428571
260,116,8.162727272727274
260,117,20.24
260,119,8.31
260,121,8.34695652173913
260,122,11.072
260,124,5.33
260,125,7.808
260,126,8.336
260,127,9.937999999999999
260,129,1.6265116279069767
260,130,9.62525
260,131,9.612
260,132,12.100729166666667
260,133,12.613333333333335
260,134,6.945
260,135,8.18375
260,136,10.35
260,137,5.4805882352941175
260,138,4.2079375
260,139,13.22
260,140,4.518684210526316
260,141,4.2
260,142,5.746666666666666
260,143,6.0744444444444445
260,144,6.654444444444445
260,145,2.9146902654867257
260,146,2.027878787878788
260,147,8.13
260,148,6.386842105263158
260,149,16.205
260,151,7.072857142857143
260,152,7.760000000000001
260,154,15.47
260,155,18.549999999999997
260,157,1.7628025477707006
260,158,6.4
260,159,7.510000000000001
260,160,3.11859649122807
260,161,5.07170731707317
260,162,4.4265384615384615
260,163,4.489166666666667
260,164,5.3216
260,166,7.843999999999999
260,167,7.846666666666667
260,168,6.34
260,169,9.974444444444444
260,170,4.575769230769231
260,171,6.7013043478260865
260,173,3.253265306122449
260,174,12.136666666666665
260,175,10.079
260,177,8.85
260,179,2.9397894736842107
260,180,6.963333333333334
260,181,8.502307692307692
260,182,9.65
260,185,11.01
260,186,5.935882352941176
260,188,8.428333333333333
260,189,7.5375
260,191,12.403333333333334
260,192,6.968333333333334
260,193,2.7423333333333333
260,194,5.9
260,196,2.9576
260,197,7.9383333333333335
260,198,3.6771052631578947
260,201,22.505
260,202,3.6014285714285714
260,203,15.790000000000001
260,205,12.617142857142856
260,207,1.415
260,208,10.045
260,209,8.02
260,210,20.085
260,211,7.576153846153847
260,212,8.466
260,213,8.0
260,214,19.36
260,215,9.5675
260,216,9.804736842105262
260,217,5.004
260,218,12.409999999999998
260,220,11.3
260,223,2.825177304964539
260,225,5.166666666666667
260,226,1.434460966542751
260,227,12.473846153846154
260,228,11.623333333333333
260,229,4.546764705882353
260,230,5.069574468085106
260,231,7.660869565217391
260,232,5.749090909090909
260,233,5.685
260,234,5.708620689655173
260,235,11.34
260,236,5.652258064516129
260,237,4.405744680851064
260,238,6.69923076923077
260,239,6.99
260,241,12.416666666666666
260,242,11.2
260,243,9.635
260,244,9.32
260,246,6.267142857142858
260,247,6.913333333333334
260,248,8.51
260,249,6.9475
260,250,12.88
260,252,7.807777777777777
260,254,12.708333333333334
260,255,4.330555555555556
260,256,5.04
260,257,11.23
260,258,7.317631578947368
260,259,13.765555555555556
260,261,9.36125
260,262,5.269230769230769
260,263,4.99
261,1,14.950755555555556
261,3,17.1
261,4,3.2870175438596494
261,6,11.7
261,7,9.778148148148148
261,10,22.1125
261,11,9.43
261,12,0.9098913043478261
261,13,0.8265636363636364
261,14,7.884262295081967
261,15,17.1
261,17,4.279999999999999
261,18,16.226190476190474
261,20,14.866666666666667
261,22,9.051764705882352
261,23,15.76
261,24,7.648
261,25,3.0436486486486487
261,26,7.728947368421053
261,28,17.43
261,29,14.18
261,32,13.8
261,33,2.4294374999999997
261,34,3.46
261,35,7.4719999999999995
261,36,7.6054545454545455
261,37,6.0237037037037044
261,38,20.56
261,39,10.976666666666667
261,40,3.3961290322580644
261,41,9.329999999999998
261,42,10.621071428571428
261,43,6.51949720670391
261,44,37.96
261,45,1.262661870503597
261,47,11.67
261,48,4.33846318036286
261,49,3.991764705882353
261,50,4.330845921450151
261,51,17.275
261,52,3.2146
261,53,15.094
261,54,3.3783333333333334
261,55,13.85
261,56,11.405000000000001
261,58,16.4
261,60,11.9
261,61,5.807837837837838
261,62,5.46
261,63,9.0
261,64,18.79
261,65,2.477909090909091
261,66,2.439752475247525
261,67,8.937857142857142
261,68,3.1744542124542123
261,69,11.246666666666668
261,70,12.71
261,71,7.272
261,72,7.8999999999999995
261,74,9.319285714285714
261,75,8.363020833333334
261,76,10.277000000000001
261,77,11.75
261,78,13.848888888888888
261,79,3.056842661034847
261,80,5.153409090909091
261,81,18.61
261,82,10.064
261,83,8.975
261,85,8.059999999999999
261,86,24.0825
261,87,0.8172307692307693
261,88,0.8947534516765285
261,89,6.832391304347826
261,90,2.798051391862955
261,91,8.745555555555555
261,92,15.088181818181818
261,93,13.445
261,94,13.233333333333334
261,95,12.12
261,97,3.1896341463414637
261,98,14.383333333333333
261,100,3.861297208538588
261,101,19.6
261,102,10.02
261,106,4.243333333333333
261,107,3.72062124248497
261,108,12.086666666666666
261,109,17.45
261,112,6.356857142857143
261,113,2.2365369649805444
261,114,1.885702005730659
261,115,6.3
261,116,10.355
261,117,19.194
261,119,12.184000000000001
261,120,13.19
261,121,12.379999999999999
261,122,18.45
261,123,11.4075
261,124,26.240000000000002
261,125,1.343661327231121
261,126,10.5
261,127,13.1775
261,128,13.67
261,129,9.631333333333334
261,130,12.6
261,132,21.64523166023166
261,133,6.440526315789474
261,134,16.343333333333334
261,135,13.75
261,136,15.050000000000002
261,137,4.553432835820895
261,138,13.591752738654145
261,140,6.326771653543307
261,141,6.581929260450161
261,142,5.5431790123456794
261,143,5.322136752136752
261,144,1.5186218302094818
261,145,7.521379310344828
261,146,8.003636363636362
261,147,11.5
261,148,2.254489795918367
261,149,9.406666666666666
261,150,13.94
261,151,7.541780821917808
261,152,9.588571428571429
261,154,16.68
261,155,18.07125
261,156,18.17
261,157,8.267142857142858
261,158,2.1366506024096386
261,159,10.167272727272728
261,160,9.88
261,161,5.332179379715004
261,162,5.602207621550591
261,163,5.493723404255319
261,164,4.008013856812933
261,165,8.15
261,166,8.186071428571429
261,167,12.030000000000001
261,168,9.978333333333333
261,169,15.47
261,170,4.9500956284153
261,171,15.81
261,173,13.18
261,174,19.1
261,175,16.77
261,176,14.9
261,177,7.225714285714285
261,178,7.593333333333334
261,179,9.887500000000001
261,180,19.01
261,181,4.593905325443787
261,182,14.96
261,183,16.4928
261,185,16.005
261,186,3.346859344894027
261,188,6.401621621621621
261,189,4.3946875
261,190,5.5280000000000005
261,191,18.48
261,192,14.196666666666667
261,193,6.9975
261,194,11.5
261,195,4.137450980392157
261,196,10.308
261,197,15.763333333333334
261,198,10.235555555555557
261,200,15.491999999999999
261,202,9.26909090909091
261,203,20.7
261,204,22.2
261,205,18.616666666666667
261,206,14.06
261,208,15.485
261,209,0.9140996168582376
261,210,14.713333333333333
261,211,1.3127611940298507
261,212,18.105
261,213,15.43
261,214,12.765
261,215,14.916
261,216,15.555454545454547
261,217,3.958571428571429
261,218,14.6
261,219,19.305
261,220,14.363076923076923
261,221,12.293333333333331
261,222,8.9
261,223,11.455384615384615
261,224,3.9222794117647055
261,225,6.0959375
261,226,7.767142857142857
261,227,6.514
261,228,5.289512195121952
261,229,5.721965517241379
261,230,4.695796074154853
261,231,0.8657952182952183
261,232,2.2234426229508197
261,233,5.154077448747152
261,234,3.0579298245614037
261,235,13.668000000000001
261,236,7.941376518218624
261,237,6.71840616966581
261,238,6.944829931972789
261,239,6.264431818181818
261,240,17.67
261,241,14.066666666666668
261,242,14.8125
261,243,12.595897435897436
261,244,10.887391304347826
261,246,3.301773279352227
261,247,11.60875
261,248,14.683846153846153
261,249,2.0055420353982303
261,250,14.866666666666667
261,251,13.42
261,252,16.896666666666665
261,254,17.942500000000003
261,255,5.177466666666667
261,256,4.466585365853659
261,257,5.124444444444444
261,258,10.864
261,260,8.728
261,262,7.400497237569061
261,263,7.781682242990654
262,1,19.40741379310345
262,3,11.6
262,4,4.618068669527897
262,7,4.873692307692308
262,9,13.65
262,10,17.055
262,11,13.763333333333334
262,12,7.385000000000001
262,13,7.8931623931623935
262,14,14.27
262,15,13.811428571428573
262,16,15.82888888888889
262,17,9.746923076923077
262,18,9.597777777777777
262,20,9.372
262,21,16.96
262,22,15.100000000000001
262,23,23.3
262,24,2.681761658031088
262,25,8.808518518518518
262,26,13.74
262,29,19.06
262,31,9.18375
262,32,8.510000000000002
262,33,8.163529411764706
262,34,8.5825
262,35,14.451666666666668
262,36,9.36076923076923
262,37,8.994137931034482
262,39,17.451
262,40,9.460714285714285
262,41,2.820739371534196
262,42,3.7242727272727274
262,43,1.5657731015553524
262,45,6.487987012987013
262,46,12.6
262,47,4.0649999999999995
262,48,3.4520494186046515
262,49,9.467777777777776
262,50,3.61
262,51,11.292307692307693
262,52,8.726428571428572
262,54,9.15
262,55,17.200000000000003
262,56,9.9
262,58,9.95
262,59,8.95
262,60,6.655
262,61,11.258333333333333
262,62,10.049999999999999
262,64,17.23
262,65,8.04035294117647
262,66,7.925217391304348
262,67,14.543333333333331
262,68,4.390773751224289
262,69,5.808064516129033
262,70,7.965714285714285
262,71,13.016
262,72,14.333333333333334
262,74,2.16792511700468
262,75,1.2785221822541966
262,76,18.325
262,77,16.9
262,78,6.952857142857143
262,79,4.646132286995516
262,80,7.876666666666666
262,81,11.6
262,82,7.446129032258065
262,83,5.155
262,85,12.686
262,86,27.0
262,87,6.826758620689655
262,88,6.9511053984575835
262,89,12.020714285714286
262,90,4.547284595300261
262,91,14.5
262,92,11.182
262,93,9.99
262,94,7.7025
262,95,11.203636363636363
262,97,9.031621621621621
262,100,3.6789126213592236
262,101,17.9
262,102,9.88
262,106,11.49
262,107,3.8663533834586468
262,112,5.55
262,113,4.690859538784067
262,114,5.607311827956989
262,116,4.861013513513513
262,117,20.48
262,118,20.28
262,119,5.1066666666666665
262,120,5.476666666666667
262,121,13.0
262,122,16.08
262,123,15.020000000000001
262,124,18.853333333333335
262,125,6.664829931972789
262,126,5.187142857142858
262,127,6.940612244897959
262,128,7.58
262,129,6.896935483870968
262,130,13.337142857142856
262,131,14.97
262,132,18.559926829268292
262,133,12.84
262,134,11.66
262,136,7.47
262,137,3.235395273023635
262,138,8.316714677640604
262,140,0.8697911158117398
262,141,1.0827243475151949
262,142,2.525219263899765
262,143,2.8330573248407642
262,144,5.937185430463576
262,145,3.8630851063829788
262,146,3.7591304347826084
262,147,4.252307692307692
262,148,5.492085427135678
262,150,19.796666666666667
262,151,2.4349542961608774
262,152,4.0965384615384615
262,155,14.7
262,157,7.47
262,158,6.357407407407407
262,159,3.86
262,160,9.299999999999999
262,161,2.5690513833992097
262,162,2.334304501770359
262,163,2.298201617921593
262,164,3.5003494926719276
262,165,15.05
262,166,3.334288990825688
262,167,5.8742857142857146
262,168,3.4276470588235295
262,169,6.346666666666667
262,170,3.0166794731064766
262,171,13.116
262,172,21.49
262,173,7.05
262,174,10.59769230769231
262,175,16.28
262,177,9.495000000000001
262,178,13.8
262,179,5.545128205128205
262,181,10.450238095238095
262,182,7.579999999999999
262,183,9.345
262,185,8.82625
262,186,3.9603330333033306
262,188,10.320555555555556
262,189,9.73875
262,190,10.2725
262,192,11.325
262,193,4.494166666666667
262,194,3.6048837209302325
262,195,10.498000000000001
262,196,11.0125
262,197,12.775
262,198,9.21625
262,200,10.8971875
262,202,5.046666666666667
262,205,19.747500000000002
262,208,8.945714285714285
262,209,6.792303030303031
262,210,19.081666666666667
262,211,6.043137931034483
262,212,6.3875
262,213,6.561714285714285
262,216,17.65
262,217,7.545384615384616
262,218,18.55
262,219,16.83
262,220,8.854210526315791
262,221,20.47
262,223,5.795849056603774
262,224,3.7927155172413793
262,225,10.799090909090909
262,226,3.981298701298701
262,227,12.1
262,228,11.861666666666666
262,229,1.8571828864115696
262,230,3.0583005181347147
262,231,7.592541856925419
262,232,5.281000000000001
262,233,2.589004424778761
262,234,4.144795180722892
262,235,7.1066666666666665
262,236,0.8766212016574586
262,237,1.4145246868091377
262,238,2.0512493239588965
262,239,2.0298896156991004
262,240,9.09
262,241,9.299333333333333
262,242,9.083333333333334
262,243,6.54348623853211
262,244,6.036054421768707
262,245,21.32
262,246,4.788228043143297
262,247,4.026538461538461
262,248,6.783333333333334
262,249,5.494326086956521
262,250,5.710000000000001
262,252,11.59
262,254,10.727777777777778
262,255,7.344444444444444
262,256,7.707741935483871
262,257,11.679999999999998
262,259,10.635
262,260,4.988571428571428
262,261,7.466415094339622
262,263,0.6707282563462339
263,1,20.93596774193548
263,3,10.392222222222223
263,4,5.00025641025641
263,7,4.545863636363636
263,8,5.037999999999999
263,9,14.68
263,10,14.522857142857143
263,12,7.476666666666667
263,13,8.382205882352942
263,14,14.764000000000001
263,15,13.366666666666667
263,16,16.94
263,17,9.701052631578946
263,18,8.58
263,19,17.875
263,20,9.024166666666666
263,21,15.469999999999999
263,22,13.3025
263,23,24.74
263,24,2.4109756097560977
263,25,9.1516
263,26,13.428571428571429
263,27,20.4
263,28,11.505
263,29,14.9
263,31,8.169166666666667
263,32,9.55909090909091
263,33,8.465045045045045
263,34,9.65
263,35,13.537777777777778
263,36,8.864666666666666
263,37,8.650192307692308
263,38,8.63
263,39,21.41
263,40,10.0125
263,41,2.347067137809187
263,42,3.318311688311688
263,43,1.3481664726426077
263,45,6.816904761904762
263,46,15.030000000000001
263,47,6.88125
263,48,3.2028129952456417
263,49,9.83448275862069
263,50,3.5022245762711863
263,51,12.561666666666667
263,52,9.14875
263,53,11.58
263,54,9.81
263,55,21.759999999999998
263,56,9.31375
263,57,11.52
263,58,9.233333333333334
263,59,6.87
263,60,6.935714285714285
263,61,11.508000000000001
263,62,12.455
263,63,16.14
263,64,16.975555555555555
263,65,8.426590909090908
263,66,8.386750000000001
263,67,14.301428571428572
263,68,4.249385214007782
263,69,4.593098591549296
263,70,8.011818181818182
263,71,14.105
263,72,14.57
263,73,11.565000000000001
263,74,1.8452327188940094
263,75,1.0096361102508518
263,76,14.241
263,78,7.228333333333333
263,79,4.666889477167439
263,80,7.3878125
263,81,12.351666666666667
263,82,7.011403508771929
263,83,6.235454545454545
263,86,21.116666666666667
263,87,7.2760194174757284
263,88,7.432904191616767
263,89,13.5495
263,90,4.431329690346084
263,91,13.284999999999998
263,92,10.08
263,93,9.423
263,94,7.0
263,95,10.93153846153846
263,97,9.440555555555555
263,98,14.600000000000001
263,100,3.448665511265165
263,101,18.45
263,102,8.1
263,106,10.627142857142857
263,107,3.771262729124236
263,108,2.3
263,112,5.256129032258064
263,113,4.6623166023166025
263,114,5.569938900203666
263,116,4.647753623188406
263,119,4.718125
263,120,5.7725
263,121,15.16
263,123,16.133333333333336
263,124,14.966666666666667
263,125,6.835502183406113
263,126,5.989999999999999
263,127,7.251165048543689
263,128,7.964166666666666
263,129,6.461724137931034
263,130,11.918181818181818
263,131,14.496
263,132,18.367638554216867
263,133,13.33
263,134,13.25625
263,135,12.414
263,136,7.796666666666667
263,137,3.2858984830805134
263,138,8.414590818363273
263,139,17.77
263,140,1.1001437889119479
263,141,0.9245740092765888
263,142,2.2936741300242782
263,143,2.568831980012492
263,144,6.122320916905444
263,145,3.578047619047619
263,146,3.5052380952380955
263,147,4.777692307692307
263,148,5.664121996303142
263,149,17.1
263,150,19.395000000000003
263,151,2.119466666666667
263,152,3.714566473988439
263,153,8.22
263,154,25.67
263,155,18.805
263,157,7.814545454545455
263,158,6.205402985074627
263,159,3.9755172413793107
263,160,9.375454545454545
263,161,2.286439176868976
263,162,2.053620865139949
263,163,2.072627201565558
263,164,3.2787576552930884
263,165,15.023333333333333
263,166,2.892259174311927
263,167,5.631875
263,168,2.9841803278688523
263,169,5.88
263,170,2.8801878914405012
263,171,10.901333333333334
263,173,8.000666666666667
263,174,10.69157894736842
263,175,19.0
263,177,16.242
263,179,4.885825242718447
263,180,11.13
263,181,10.827611940298508
263,182,7.980416666666667
263,183,9.553333333333333
263,185,9.436538461538461
263,186,3.7776282051282046
263,188,12.506363636363636
263,189,10.011304347826087
263,191,16.864
263,192,12.8
263,193,3.7396666666666665
263,194,3.841142857142857
263,195,10.458
263,196,8.741176470588234
263,197,10.2925
263,198,8.3125
263,200,10.602666666666666
263,201,28.82
263,202,4.729344262295082
263,205,13.525
263,207,5.5
263,208,9.46888888888889
263,209,6.9986082474226805
263,210,19.983333333333334
263,211,6.273355263157894
263,212,6.390588235294118
263,213,6.909999999999999
263,214,20.7
263,215,15.839999999999998
263,216,12.876666666666667
263,217,8.216
263,218,20.7
263,219,17.59
263,220,9.483513513513513
263,221,18.24
263,222,16.799999999999997
263,223,5.644851485148515
263,224,4.053109919571045
263,225,10.6125
263,226,4.156881720430107
263,227,14.4275
263,228,12.486470588235294
263,229,1.727783079464122
263,230,2.7951332288401254
263,231,7.787389984825493
263,232,5.658166666666667
263,233,2.4559901873327386
263,234,4.020079365079365
263,235,6.790625
263,236,0.6818467538426245
263,237,1.1730396019075264
263,238,1.7400195585359037
263,239,1.7868459031657355
263,240,7.326666666666667
263,241,7.9399999999999995
263,242,9.25157894736842
263,243,6.716796116504855
263,244,5.959698492462311
263,246,4.577457831325301
263,247,4.164375
263,248,7.006666666666667
263,249,5.365552238805971
263,250,7.97
263,252,14.72
263,254,10.625
263,255,6.8151401869158885
263,256,7.833866666666666
263,257,11.202222222222222
263,258,12.39
263,259,11.25
263,260,5.1684
263,261,7.783181818181818
263,262,0.7098180163785259
